DATE,TOC_mg_L,Alk_mg_L
4/1/2022,2.64,74
4/2/2022,2.65,80
4/3/2022,2.62,74.5
4/4/2022,2.7,74
4/5/2022,2.72,72.5
4/6/2022,2.61,74
4/7/2022,2.73,75.5
4/8/2022,2.64,76
4/9/2022,2.61,75.5
4/10/2022,2.69,74
4/11/2022,2.71,74.5
4/12/2022,2.74,77
4/13/2022,2.75,76
4/14/2022,2.75,77
4/15/2022,2.76,77
4/16/2022,2.8,78.5
4/17/2022,2.82,78
4/18/2022,2.85,79.5
4/19/2022,2.84,77
4/20/2022,2.83,77.5
4/21/2022,2.88,78.5
4/22/2022,2.95,80
4/23/2022,2.96,81.5
4/24/2022,2.94,80.5
4/25/2022,3.03,82
4/26/2022,2.96,83.5
4/27/2022,2.92,80
4/28/2022,3.02,78.5
4/29/2022,2.78,75
4/30/2022,2.78,73
5/1/2022,2.6,71.5
5/2/2022,2.53,68
5/3/2022,2.5,65
5/4/2022,2.49,65
5/5/2022,2.42,66
5/6/2022,2.44,71
5/7/2022,2.36,61
5/8/2022,2.1,60.5
5/9/2022,2.44,58
5/10/2022,2.57,54
5/11/2022,2.59,52
5/12/2022,2.6,50
5/13/2022,2.69,49
5/14/2022,2.68,46
5/15/2022,2.69,47.5
5/16/2022,2.65,50.5
5/17/2022,2.6,48.5
5/18/2022,2.53,51
5/19/2022,2.56,49
5/20/2022,2.52,49.7
5/21/2022,2.32,50.5
5/22/2022,2.45,49.5
5/23/2022,2.42,48.5
5/24/2022,2.37,48
5/25/2022,2.31,49.1
5/26/2022,2.3,48.8
5/27/2022,2.3,48.5
5/28/2022,2.3,49.5
5/29/2022,2.62,49.5
5/30/2022,2.94,48.5
5/31/2022,3.07,47.5
6/1/2022,3.08,47
6/2/2022,2.98,46
6/3/2022,2.97,47
6/4/2022,2.94,42
6/5/2022,3.27,40.5
6/6/2022,3.36,39.5
6/7/2022,3.39,39
6/8/2022,3.33,38.5
6/9/2022,3.23,33.1
6/10/2022,3.14,35.5
6/11/2022,3.08,34
6/12/2022,2.92,33.5
6/13/2022,2.86,34
6/14/2022,2.71,33.5
6/15/2022,2.6,34
6/16/2022,2.52,33.5
6/17/2022,2.5,33.5
6/18/2022,2.45,35
6/19/2022,2.36,34
6/20/2022,2.37,37
6/21/2022,2.25,34
6/22/2022,2.23,37
6/23/2022,2.16,37.5
6/24/2022,2.1,39
6/25/2022,2.1,38
6/26/2022,2.04,37.5
6/27/2022,2.02,38
6/28/2022,2.03,33.5
6/29/2022,2.04,37
6/30/2022,2.08,39.5
7/1/2022,2.13,39
7/2/2022,2.06,40
7/3/2022,2.07,40.5
7/4/2022,2.09,39.5
7/5/2022,2.18,39
7/6/2022,2.08,40.3
7/7/2022,2.1,39.5
7/8/2022,2.1,40.5
7/9/2022,2.19,42.5
7/10/2022,2.1,41.5
7/11/2022,2.1,44.5
7/12/2022,2,45
7/13/2022,2.1,42.5
7/14/2022,2,45
7/15/2022,2,44.5
7/16/2022,2,45.5
7/17/2022,2.1,48
7/18/2022,2.1,45
7/19/2022,2.15,45.5
7/20/2022,2.1,49
7/21/2022,2,50
7/22/2022,2,50.5
7/23/2022,2.03,50
7/24/2022,2.05,49.5
7/25/2022,2.01,48.5
7/26/2022,2.06,48.5
7/27/2022,2.05,48.5
7/28/2022,2.13,48
7/29/2022,2.21,50
7/30/2022,2.32,51.5
7/31/2022,2.28,52
8/1/2022,2.22,53
8/2/2022,2.2,50.5
8/3/2022,2.16,48.8
8/4/2022,2.1,50.2
8/5/2022,2.15,50.5
8/6/2022,1.9,48
8/7/2022,2.06,49.5
8/8/2022,2.19,47
8/9/2022,2.24,49.5
8/10/2022,2.41,54.5
8/11/2022,2.56,58.5
8/12/2022,2.59,58.5
8/13/2022,2.56,57.5
8/14/2022,2.59,58
8/15/2022,2.44,58
8/16/2022,2.5,57
8/17/2022,2.47,57.5
8/18/2022,2.39,58.5
8/19/2022,2.46,57.5
8/20/2022,2.59,63
8/21/2022,2.66,62
8/22/2022,2.67,63.5
8/23/2022,2.72,65
8/24/2022,2.69,64
8/25/2022,2.68,64.5
8/26/2022,2.66,61.8
8/27/2022,2.73,62.2
8/28/2022,2.74,64.1
8/29/2022,2.71,64
8/30/2022,2.79,64
8/31/2022,2.67,64
9/1/2022,2.65,65.5
9/2/2022,2.57,68
9/3/2022,2.51,67
9/4/2022,2.45,64.5
9/5/2022,2.41,61.7
9/6/2022,2.4,62
9/7/2022,2.34,63
9/8/2022,2.26,62
9/9/2022,2.27,64.5
9/10/2022,2.33,66
9/11/2022,2.29,66
9/12/2022,2.27,64
9/13/2022,2.28,67.5
9/14/2022,2.26,59.1
9/15/2022,2.2,59
9/16/2022,2.2,61.5
9/17/2022,2.21,63.5
9/18/2022,2.22,62.5
9/19/2022,2.19,60.5
9/20/2022,2.2,59.5
9/21/2022,2.14,59.5
9/22/2022,2.16,58
9/23/2022,2.12,61
9/24/2022,2.14,62.5
9/25/2022,2.1,61
9/26/2022,2.11,53.5
9/27/2022,2.1,57.5
9/28/2022,2.09,53.7
9/29/2022,2.07,53.8
9/30/2022,2.06,55.5
10/1/2022,2.09,53.5
10/2/2022,2.05,56
10/3/2022,2.19,57.5
10/4/2022,2.4,61
10/5/2022,2.39,62.5
10/6/2022,2.37,63.5
10/7/2022,2.56,71.5
10/8/2022,2.73,72.5
10/9/2022,2.75,64.5
10/10/2022,2.64,73.5
10/11/2022,2.63,75.5
10/12/2022,2.64,77.5
10/13/2022,2.7,78.5
10/14/2022,2.73,80.5
10/15/2022,2.83,83.5
10/16/2022,2.8,85
10/17/2022,2.82,83.7
10/18/2022,2.86,85
10/19/2022,2.87,82
10/20/2022,2.88,88.5
10/21/2022,2.74,84
10/22/2022,2.83,92.5
10/23/2022,2.85,89.5
10/24/2022,2.79,85
10/25/2022,2.81,87
12/15/2022,1.91,56.5
12/16/2022,1.87,60.9
12/17/2022,1.82,60.5
12/18/2022,1.86,60
12/19/2022,1.88,60.5
12/20/2022,2.05,59
12/21/2022,1.88,64
12/22/2022,1.94,63
12/23/2022,1.94,64
12/24/2022,2,67
12/25/2022,2.02,66
12/26/2022,2.01,67
12/27/2022,2.04,68
12/28/2022,2.16,72.8
12/29/2022,2.11,68.5
12/30/2022,2.07,65.5
12/31/2022,2.04,66
4/1/2023,2.3,73.5
4/2/2023,2.3,73.5
4/3/2023,2.3,71.5
4/4/2023,2.3,74.5
4/5/2023,2.2,75.5
4/6/2023,2.2,74.5
4/7/2023,2.2,75
4/8/2023,2.3,75.5
4/9/2023,2.2,74.5
4/10/2023,2.2,74.5
4/11/2023,2.2,70.5
4/12/2023,2.2,69.1
4/13/2023,2.2,70.2
4/14/2023,2.2,68.5
4/15/2023,2.3,67.5
4/16/2023,2.3,67
4/17/2023,2.3,67
4/18/2023,2.2,64.5
4/19/2023,2.3,62.5
4/20/2023,2.3,63
4/21/2023,2.2,61.5
4/22/2023,2,59.5
4/23/2023,2.2,59.5
4/24/2023,2.2,61
4/25/2023,2.1,62
4/26/2023,2.1,59.5
4/27/2023,2,61
4/28/2023,2,57.5
4/29/2023,2,56
4/30/2023,2,56
5/1/2023,2,56.5
5/2/2023,2,53
5/3/2023,2,55.5
5/4/2023,2.2,55.5
5/5/2023,2.2,53.5
5/6/2023,2.4,53
5/7/2023,2.5,52
5/8/2023,2.6,51.5
5/9/2023,2.6,50
5/10/2023,2.5,51
5/11/2023,2.5,51
5/12/2023,2.5,51
5/13/2023,2.6,49
5/14/2023,3.2,48.5
5/15/2023,6.5,47.5
5/16/2023,6.2,45
5/17/2023,6.9,44.5
5/18/2023,7.2,44
5/19/2023,7.3,43.5
5/20/2023,7.3,40.5
5/21/2023,7.1,39.3
5/22/2023,7.1,39.5
5/23/2023,7,39.25
5/24/2023,6.9,39.7
5/25/2023,6.8,39
5/26/2023,6.6,40.6
5/27/2023,6.5,42.5
5/28/2023,6.2,43.5
5/29/2023,5.8,46
5/30/2023,5.6,47.5
5/31/2023,5.2,51.7
6/1/2023,5.1,52.8
6/2/2023,4.5,53
6/3/2023,4.4,51.5
6/4/2023,4.1,51.5
6/5/2023,4.1,51
6/6/2023,3.95,48
6/7/2023,4,46.5
6/8/2023,4,48.5
6/9/2023,4,49.8
6/10/2023,4,43
6/11/2023,4,43.5
6/12/2023,4,45
6/13/2023,4,42.5
6/14/2023,3.8,46.5
6/15/2023,4,47.6
6/16/2023,3.9,47
6/17/2023,3.9,47.5
6/18/2023,4,48
6/19/2023,4.1,50.5
6/20/2023,4.3,50.5
6/21/2023,4.4,56
6/22/2023,4.4,54.5
6/23/2023,4.2,54
6/24/2023,4.4,53.5
6/25/2023,4.3,54
6/26/2023,4.5,48
6/27/2023,4.4,47
6/28/2023,4.2,49.5
6/29/2023,4,50.5
6/30/2023,3.8,50.5
7/1/2023,3.8,50.5
7/2/2023,3.7,50.5
7/3/2023,3.6,48
7/4/2023,3.6,50.5
7/5/2023,3.5,50.5
7/6/2023,3.5,51
7/7/2023,3.4,50
7/8/2023,3.4,48.5
7/9/2023,3.4,48.5
7/10/2023,3.4,48.5
7/11/2023,3.35,47
7/12/2023,3.3,48.5
7/13/2023,3.3,49.5
7/14/2023,3.2,49.2
7/15/2023,3.2,49.5
7/16/2023,3.1,51.4
7/17/2023,3.1,53.4
7/18/2023,3,55
7/19/2023,2.9,61
7/20/2023,2.8,60
7/21/2023,2.7,59.5
7/22/2023,2.6,61
7/23/2023,2.6,60
7/24/2023,2.5,57.3
7/25/2023,2.5,55.3
7/26/2023,2.4,55.5
7/27/2023,2.4,55
7/28/2023,2.4,54.2
7/29/2023,2.4,55.3
7/30/2023,2.4,56.2
7/31/2023,2.4,58
8/1/2023,2.3,60.2
8/2/2023,2.3,55
8/3/2023,2.7,58
8/4/2023,2.9,57.5
8/5/2023,3.3,53
8/6/2023,3.3,52.5
8/7/2023,3.3,53
8/8/2023,3.1,52.5
8/9/2023,3.1,54.5
8/10/2023,2.9,55
8/11/2023,3,55
8/12/2023,2.8,56
8/13/2023,2.5,57
8/14/2023,2.5,61.5
8/15/2023,2.5,56.5
8/16/2023,2.4,55.5
8/17/2023,2.4,56.2
8/18/2023,2.4,57
8/19/2023,2.4,59
8/20/2023,2.3,58.5
8/21/2023,2.3,59
8/22/2023,2.3,59.5
8/23/2023,2.3,58
8/24/2023,2.3,60
8/25/2023,2.3,58
8/26/2023,2.3,56.5
8/27/2023,2.3,57.5
8/28/2023,2.3,56.7
8/29/2023,2.2,53.5
8/30/2023,2.2,50.5
8/31/2023,2.3,53
9/1/2023,2.3,50.8
9/2/2023,2.4,51
9/3/2023,2.2,50
9/4/2023,2.3,53
9/5/2023,2.4,55.5
9/6/2023,2.5,55.7
9/7/2023,2.4,57
9/8/2023,2.5,56.5
9/9/2023,2.4,57.5
9/10/2023,2.4,57
9/11/2023,2.4,56.25
9/12/2023,2.5,58
9/13/2023,2.4,55
9/14/2023,2.4,59
9/15/2023,2.4,54
9/16/2023,2.4,54.8
9/17/2023,2.4,53
9/18/2023,2.5,54.5
9/19/2023,2.5,53.5
9/20/2023,2.4,55
9/21/2023,2.5,53.5
9/22/2023,2.5,55.1
9/23/2023,2.5,55.7
9/24/2023,2.5,51.2
9/25/2023,2.4,57.1
9/26/2023,2.6,57.5
9/27/2023,2.6,54
9/28/2023,2.6,51.5
9/29/2023,2.6,53.5
9/30/2023,2.6,55
10/1/2023,2.7,55
10/2/2023,2.7,55.9
10/3/2023,2.75,54.9
10/4/2023,2.8,54.5
10/5/2023,2.9,50.9
10/6/2023,2.8,54
10/7/2023,2.8,56.3
10/8/2023,3,58.2
10/9/2023,3,58.2
10/10/2023,3,56
10/11/2023,3,55.4
10/12/2023,3,53.2
10/13/2023,3,55
10/14/2023,3,54.2
10/15/2023,3,54.3
10/16/2023,2.9,55.5
10/17/2023,2.9,55.5
10/18/2023,2.8,54
10/19/2023,2.8,53.5
10/20/2023,2.7,53
10/21/2023,2.7,51
10/22/2023,2.6,50.4
10/23/2023,2.5,48.5
10/24/2023,2.5,50
10/25/2023,2.4,50
10/26/2023,2.5,50.5
10/27/2023,2.3,50
10/28/2023,2.4,47
10/29/2023,2.3,47
10/30/2023,2.4,47.3
10/31/2023,2.5,47.5
11/1/2023,2.5,48
11/2/2023,2.5,48.8
11/3/2023,2.5,49.6
11/4/2023,2.6,48.5
11/5/2023,2.5,49
11/6/2023,2.6,49
11/7/2023,2.6,51
11/8/2023,2.5,50.3
11/9/2023,2.5,49.4
11/10/2023,2.5,50.5
11/11/2023,2.6,51
11/12/2023,2.5,50.5
11/13/2023,2.5,50.5
11/14/2023,2.5,51
11/15/2023,2.5,50
11/16/2023,2.5,52.5
11/17/2023,2.5,50.5
11/18/2023,2.4,50
11/19/2023,2.5,50.9
11/20/2023,2.5,51.5
11/21/2023,2.4,50
11/22/2023,2.4,50
11/23/2023,2.4,50.5
11/24/2023,2.4,54.5
11/25/2023,2.4,49.5
11/26/2023,2.5,51.5
11/27/2023,2.5,53.5
11/28/2023,2.6,55.5
11/29/2023,2.5,56.5
11/30/2023,2.6,56.5
12/1/2023,2.5,59.2
12/2/2023,2.6,56.5
12/3/2023,2.6,57.5
12/4/2023,2.6,57.5
12/5/2023,2.5,57
12/6/2023,2.4,56.5
12/7/2023,2.5,57.5
12/8/2023,2.5,59
12/9/2023,2.4,58
12/10/2023,2.4,57.5
12/11/2023,2.4,57
12/12/2023,2.3,57
12/13/2023,2.3,55.5
12/14/2023,2.3,56
12/15/2023,2.3,55.5
12/16/2023,2.4,55
12/17/2023,2.3,58.5
12/18/2023,2.2,56.5
12/19/2023,2.3,59.2
12/20/2023,2.3,58.2
12/21/2023,2.3,58
12/22/2023,2.4,58.5
12/23/2023,2.4,58.8
12/24/2023,2.3,57
12/25/2023,2.4,58.6
12/26/2023,2.4,58
12/27/2023,2.5,59.5
12/28/2023,2.7,65
12/29/2023,2.2,58.5
12/30/2023,2.4,60.5
12/31/2023,2.4,61.5
4/1/2024,2.6,67
4/2/2024,2.75,65.5
4/3/2024,2.7,68.4
4/4/2024,2.7,64
4/5/2024,2.8,64.5
4/6/2024,2.8,64.9
4/7/2024,2.8,66.2
4/8/2024,2.8,65
4/9/2024,2.8,74.5
4/10/2024,2.9,76.5
4/11/2024,3,76.2
4/12/2024,3,78.1
4/13/2024,3,77.5
4/14/2024,3,78
4/15/2024,3.1,66
4/16/2024,3.1,64
4/17/2024,3.2,65.5
4/18/2024,3.1,64
4/19/2024,3.2,62.8
4/20/2024,3.3,62
4/21/2024,3.2,61
4/22/2024,3.2,60.5
4/23/2024,3.3,60.5
4/24/2024,3.2,60.5
4/25/2024,3.2,59
4/26/2024,3.2,57.5
4/27/2024,3.3,58
4/28/2024,3.2,57.5
4/29/2024,3.3,54.5
4/30/2024,3.4,53
5/1/2024,3.2,47.5
5/2/2024,3.4,44
5/3/2024,3.5,44.5
5/4/2024,3.5,46.6
5/5/2024,3.7,49.8
5/6/2024,3.7,51.7
5/7/2024,3.7,55.75
5/8/2024,3.7,55.5
5/9/2024,3.5,58.2
5/10/2024,3.5,58.9
5/11/2024,3.5,60.5
5/12/2024,3.6,60.5
5/13/2024,3.5,61
5/14/2024,3.5,61.5
5/15/2024,3.9,61
5/16/2024,4.8,58
5/17/2024,5.3,55.5
5/18/2024,6.4,56
5/19/2024,5.5,56
5/20/2024,5.6,54.5
5/21/2024,5.1,55
5/22/2024,5.2,54.5
5/23/2024,5,53.5
5/24/2024,4.9,53
5/25/2024,4.9,51.5
5/26/2024,4.8,54
5/27/2024,4.8,52
5/28/2024,4.6,49
5/29/2024,4.6,52
5/30/2024,4.5,50
5/31/2024,4.6,50
6/1/2024,4.5,45.9
6/2/2024,4.6,49.8
6/3/2024,4.5,47.7
6/4/2024,4.5,49.5
6/5/2024,4.5,50.5
6/6/2024,4.4,49.8
6/7/2024,4.4,50.8
6/8/2024,4.4,49
6/9/2024,4.5,48
6/10/2024,4.4,46.5
6/11/2024,4.5,45.3
6/12/2024,4.5,48
6/13/2024,4.5,50
6/14/2024,4.4,49.5
6/15/2024,4.3,52.5
6/16/2024,4.2,54
6/17/2024,4.1,54.5
6/18/2024,4,59
6/19/2024,4,57.4
6/20/2024,4.1,57.5
6/21/2024,4.1,59.5
6/22/2024,4.1,57.5
6/23/2024,4.2,60
6/24/2024,4.1,60.5
6/25/2024,4.1,59
6/26/2024,4,58.7
6/27/2024,4,62.4
6/28/2024,3.9,61.6
6/29/2024,3.9,62.5
6/30/2024,3.8,65.5
7/1/2024,3.7,63
7/2/2024,3.6,63.1
7/3/2024,3.5,65.6
7/4/2024,3.5,64.2
7/5/2024,3.4,66.5
7/6/2024,3.3,67
7/7/2024,3.2,63.5
7/8/2024,3.2,64.5
7/9/2024,3.2,64.5
7/10/2024,3.2,66.6
7/11/2024,3.3,64
7/12/2024,3.2,67
7/13/2024,3.2,65.5
7/14/2024,3.3,65.5
7/15/2024,3.3,63.5
7/16/2024,3.2,70.4
7/17/2024,3.2,67
7/18/2024,3.1,62.5
7/19/2024,3,63
7/20/2024,3.3,60
7/21/2024,3.1,53.5
7/22/2024,3,52.5
7/23/2024,2.9,51
7/24/2024,2.9,52.2
7/25/2024,2.9,49
7/26/2024,2.9,50
7/27/2024,2.8,48.2
7/28/2024,2.8,44
7/29/2024,2.7,47
7/30/2024,2.7,48.5
7/31/2024,2.6,48.5
8/1/2024,2.6,47.6
8/2/2024,2.6,48.6
8/3/2024,2.6,48.5
8/4/2024,2.6,48
8/5/2024,3,49.5
8/6/2024,2.7,48.25
8/7/2024,2.7,49
8/8/2024,2.7,47.5
8/9/2024,2.8,47
8/10/2024,2.7,47
8/11/2024,2.7,46.5
8/12/2024,2.7,43
8/13/2024,2.7,46.5
8/14/2024,2.8,47
8/15/2024,2.8,46
8/16/2024,2.8,45.2
8/17/2024,2.9,46.5
8/18/2024,2.9,48
8/19/2024,2.9,49
8/20/2024,2.9,50.5
8/21/2024,2.9,50.6
8/22/2024,3.1,51.5
8/23/2024,3.3,54
8/24/2024,3.3,54
8/25/2024,3.4,56.2
8/26/2024,3.4,55.5
8/27/2024,3.4,54.6
8/28/2024,3.3,54.5
8/29/2024,3.3,54
8/30/2024,3.2,59.7
8/31/2024,3.2,54.5
9/1/2024,3.2,54.5
9/2/2024,3.1,52
9/3/2024,3,51.75
9/4/2024,2.9,51.5
9/5/2024,2.9,53.5
9/6/2024,2.9,54
9/7/2024,3,53
9/8/2024,2.9,53.5
9/9/2024,2.8,52
9/10/2024,2.7,53
9/11/2024,2.7,52.5
9/12/2024,2.6,53
9/13/2024,2.7,55
9/14/2024,2.7,55.5
9/15/2024,2.7,54
9/16/2024,2.7,56
9/17/2024,2.7,54
9/18/2024,2.7,55.9
9/19/2024,2.6,55
9/20/2024,2.6,55.4
9/21/2024,2.6,55
9/22/2024,2.6,53.8
9/23/2024,2.6,51.7
9/24/2024,2.5,52.5
9/25/2024,2.5,51.5
9/26/2024,2.5,55.2
9/27/2024,2.5,53.4
9/28/2024,2.4,57
9/29/2024,2.5,53
9/30/2024,2.5,55.5
10/1/2024,2.4,55.5
10/2/2024,2.4,56
10/3/2024,2.4,55.6
10/4/2024,2.4,56.2
10/5/2024,2.4,61
10/6/2024,2.4,57
10/7/2024,2.4,56.7
10/8/2024,2.4,60.7
10/9/2024,2.5,62
10/10/2024,2.5,62.5
10/11/2024,2.5,62.5
10/12/2024,2.5,61.2
10/13/2024,2.5,65.6
10/14/2024,2.5,62.9
10/15/2024,2.5,61.8
10/16/2024,2.5,62
10/17/2024,2.4,63.4
10/18/2024,2.4,61.5
10/19/2024,2.4,61
10/20/2024,2.4,63.6
10/21/2024,2.4,62.6
10/22/2024,2.4,59
10/23/2024,2.4,61.3
10/24/2024,2.3,59.9
10/25/2024,2.3,59.4
10/26/2024,2.3,59.8
10/27/2024,2.3,57.6
10/28/2024,2.2,59
10/29/2024,2.2,60
4/1/2025,2.7,79
4/2/2025,2.7,79.8
4/3/2025,2.7,79.7
4/4/2025,2.7,79.5
4/5/2025,2.6,80
4/6/2025,2.6,81.5
4/7/2025,2.6,79.5
4/8/2025,2.6,82.25
4/9/2025,2.6,81
4/10/2025,2.7,81
4/11/2025,2.6,82
4/12/2025,2.6,80.7
4/13/2025,2.6,80
4/14/2025,2.6,80.5
4/15/2025,2.7,81.5
4/16/2025,2.7,81.7
4/17/2025,2.7,81.5
4/18/2025,2.7,82.5
4/19/2025,2.7,81.1
4/20/2025,2.7,79.1
4/21/2025,2.7,80.5
4/22/2025,2.8,79.5
4/23/2025,2.7,81.5
4/24/2025,2.7,80.5
4/25/2025,2.7,81.5
4/26/2025,2.7,81
4/27/2025,2.8,80
4/28/2025,2.8,78.5
4/29/2025,2.8,80.9
4/30/2025,2.8,78.5
5/1/2025,2.9,80
5/2/2025,2.8,78.8
5/3/2025,2.8,79
5/4/2025,2.8,79
5/5/2025,2.8,78
5/6/2025,2.8,78.25
5/7/2025,2.7,76
5/8/2025,2.7,77.4
5/9/2025,2.7,74.5
5/10/2025,2.7,73.5
5/11/2025,2.7,71
5/12/2025,2.7,67.1
5/13/2025,2.8,65
5/14/2025,2.9,64.6
5/15/2025,3,62.2
5/16/2025,3.1,63.5
5/17/2025,3.1,60
5/18/2025,3,58
5/19/2025,2.9,55.8
5/20/2025,2.8,55
5/21/2025,2.6,53.5
5/22/2025,2.6,53
5/23/2025,2.5,51.1
5/24/2025,2.5,48.2
5/25/2025,2.3,49
5/26/2025,2.4,47
5/27/2025,2.4,40.5
5/28/2025,2.4,43.9
5/29/2025,2.4,46
5/30/2025,2.5,45.5
5/31/2025,2.6,43.5
6/1/2025,2.6,42.5
6/2/2025,2.6,42.9
6/3/2025,2.6,42
6/4/2025,2.6,41
6/5/2025,2.7,41
6/6/2025,2.8,39.1
6/7/2025,3,40.5
6/8/2025,3,41.5
6/9/2025,3,44.5
6/10/2025,3,43.6
6/11/2025,3.1,41.8
6/12/2025,3,42.6
6/13/2025,2.9,41.5
6/14/2025,2.9,41.1
6/15/2025,2.8,40
6/16/2025,2.7,43
6/17/2025,2.7,40.5
6/18/2025,2.5,40.5
6/19/2025,2.5,41.1
6/20/2025,2.7,42.1
6/21/2025,2.4,40.5
6/22/2025,2.4,40.5
6/23/2025,2.4,41.5
6/24/2025,2.4,42
6/25/2025,2.3,41
6/26/2025,2.3,42
6/27/2025,2.2,41
6/28/2025,2.2,41
6/29/2025,2.1,40.5
6/30/2025,2.1,40
7/1/2025,2.1,41.1
7/2/2025,2,41.5
7/3/2025,2,41
7/4/2025,2.1,42.6
7/5/2025,2.1,42.2
7/6/2025,2,43.2
7/7/2025,2,44.8
7/8/2025,2,44.15
7/9/2025,2,44.5
7/10/2025,2,46
7/11/2025,2,47
7/12/2025,2.1,48
7/13/2025,2.2,48
7/14/2025,2.1,53
7/15/2025,2.1,54.5
7/16/2025,2,55
7/17/2025,2.2,57.5
7/18/2025,2.2,55.2
7/19/2025,2.2,56.3
7/20/2025,2.1,56.8
7/21/2025,2.1,56
7/22/2025,2.1,57
7/23/2025,2.1,58
7/24/2025,2.2,55.5
7/25/2025,2.1,58.5
7/26/2025,2.1,57.5
7/27/2025,2.2,59
7/28/2025,2.2,59
7/29/2025,2.4,60.8
7/30/2025,2.4,60.4
7/31/2025,2.2,60.5
8/1/2025,2.2,62
8/2/2025,2.4,63.5
8/3/2025,2.3,64.5
8/4/2025,2.2,63
8/5/2025,2.3,61.75
8/6/2025,2.4,61.4
8/7/2025,2.2,67.5
8/8/2025,2.3,65
8/9/2025,2.4,63.5
8/10/2025,2.4,64
8/11/2025,2.4,65
8/12/2025,2.3,64
8/13/2025,2.3,63
8/14/2025,2.3,64.5
8/15/2025,2.3,65.5
8/16/2025,2.2,63.8
8/17/2025,2.2,63.1
8/18/2025,2.2,64.5
8/19/2025,2.2,65.5
8/20/2025,2.2,64.5
8/21/2025,2.3,65
8/22/2025,2.2,66
8/23/2025,2.3,66
8/24/2025,2.3,67.5
8/25/2025,2.3,65.4
8/26/2025,2.4,63.4
8/27/2025,2.3,63.1
8/28/2025,2.3,62
8/29/2025,2.3,58
8/30/2025,2.4,59.5
8/31/2025,2.4,60
9/1/2025,2.4,60
9/2/2025,2.3,59
9/3/2025,2.3,59
9/4/2025,2.2,57.5
9/5/2025,2.3,59
9/6/2025,2.3,59
9/7/2025,2.3,60.5
9/8/2025,2.3,61.5
9/9/2025,2.3,62
9/10/2025,2.2,63
9/11/2025,2.4,63
9/12/2025,2.4,62.9
9/13/2025,2.3,67
9/14/2025,2.3,64
9/15/2025,2.2,64
9/16/2025,2.2,62
9/17/2025,2.2,61
9/18/2025,2.2,63.5
9/19/2025,2.2,61.5
9/20/2025,2.2,59.5
9/21/2025,2.2,60.5
9/22/2025,2.5,58.8
9/23/2025,2.2,55.8
9/24/2025,2.2,56
9/25/2025,2.2,56
9/26/2025,2.2,58.5
9/27/2025,2.3,57
9/28/2025,2.2,56
9/29/2025,2.2,59
9/30/2025,2.2,59
10/1/2025,2.3,58.9
10/2/2025,2.3,59.4
10/3/2025,2.2,60.5
10/4/2025,2.2,61.5
10/5/2025,2.2,62
10/6/2025,2.2,61
10/7/2025,2.3,59.75
10/8/2025,2.3,61
10/9/2025,2.3,63.5
10/10/2025,2.3,62.5
10/11/2025,2.3,60.7
10/12/2025,2.2,61.5
10/13/2025,2.2,62.5
10/14/2025,2.2,63
10/15/2025,2.2,62
10/16/2025,2.2,61
10/17/2025,2.3,60.4
10/18/2025,2.2,57.5
10/19/2025,2.3,58
10/20/2025,2.2,61
10/21/2025,2.2,58.5
10/22/2025,2.2,59
10/23/2025,2.2,55
10/24/2025,2.3,60.7
10/25/2025,2.2,60.9
10/26/2025,2.2,60
10/27/2025,2.2,61.5
10/28/2025,2.2,60
10/29/2025,2.2,60
10/30/2025,2.2,58.5
10/31/2025,2.2,55
11/1/2025,2.2,54.5
11/2/2025,2.2,55
11/3/2025,2.3,56
11/4/2025,2.2,62
11/5/2025,2.2,59.4
11/6/2025,2.2,51
11/7/2025,2.2,57.5
11/8/2025,2.2,61
11/9/2025,2.2,59.5
11/10/2025,2,60.5
11/11/2025,2,59
11/12/2025,2,58
11/13/2025,2.1,60.5
11/14/2025,2.2,58.5
11/15/2025,2.1,59.5
11/16/2025,2.1,58
11/17/2025,2.1,60.5
11/18/2025,2.1,58.5
11/19/2025,2.1,64
11/20/2025,2.1,64.9
11/21/2025,2.1,64.5
11/22/2025,2.1,65.5
11/23/2025,2.1,65
11/24/2025,2.1,65
11/25/2025,2.1,64
11/26/2025,2.1,65
11/27/2025,2.1,63.5
11/28/2025,2.1,63
11/29/2025,2.1,65
11/30/2025,2.2,66
12/1/2025,2.2,69
12/2/2025,2.3,70
12/3/2025,2.2,73.5
12/4/2025,2.2,73
12/5/2025,2.2,71.7
12/6/2025,2.4,67.5
12/7/2025,2.1,68.5
12/8/2025,2.2,70
12/9/2025,2.2,68.1
12/10/2025,2.2,67.5
12/11/2025,2.2,69.5
12/12/2025,2.2,68
12/13/2025,2.2,67
12/14/2025,2.1,71
12/15/2025,2.2,68.5
12/16/2025,2.2,69
12/17/2025,2.2,70.5
12/18/2025,2.1,68
4/1/2026,2.3,60.5
4/2/2026,2.3,60.6
4/3/2026,2.2,61
4/4/2026,2.2,61
4/5/2026,2.2,62
4/6/2026,2.2,61
4/7/2026,2.2,63.5
4/8/2026,2.3,62
4/9/2026,2.2,63
4/10/2026,2.3,63.6
4/11/2026,2.3,67.1
4/12/2026,2.2,66.4
4/13/2026,1.2,67
4/14/2026,2.3,68.5
4/15/2026,2.3,73.2
4/16/2026,2.3,71.4
4/17/2026,2.7,71.1
4/18/2026,2.3,70
4/19/2026,2.2,69
4/20/2026,2.2,69.7
4/21/2026,2.2,69.6
4/22/2026,2.3,69.5
4/23/2026,2.3,70.5
4/24/2026,2.2,70.4
4/25/2026,2.3,71.9
4/26/2026,2.3,70.4
4/27/2026,2.2,70.9
4/28/2026,2.2,67
4/29/2026,2.3,67
4/30/2026,2.2,67.8
5/1/2026,2.2,67.2
5/2/2026,2.2,70
5/3/2026,2.1,70
5/4/2026,2.1,65.5
5/5/2026,2.1,68.75
5/6/2026,2.1,69
5/7/2026,2.1,68.3
5/8/2026,2.1,68.5
5/9/2026,2.2,68.5
5/10/2026,2.2,67.5
5/11/2026,2.1,66.5
5/12/2026,2.2,66
5/13/2026,2.2,63
5/14/2026,2.2,66
5/15/2026,2.3,63
5/16/2026,2.3,61
5/17/2026,2.4,61.5
5/18/2026,2.4,66.2
5/19/2026,2.2,67.8
5/20/2026,2.2,65.8
5/21/2026,2.2,64.4
5/22/2026,2.2,67.5
5/23/2026,2.2,64.2
5/24/2026,2.2,65.2
5/25/2026,2.2,65.4
5/26/2026,2.3,62.5
5/27/2026,2.3,62
5/28/2026,2.3,62
5/29/2026,2.3,59.5
5/30/2026,2.3,59.9
5/31/2026,2.3,59.1
6/1/2026,2.4,57.8
6/2/2026,2.4,60.25
6/3/2026,2.2,59.5
6/4/2026,2.3,59.8
6/5/2026,2.3,59.4
6/6/2026,2.3,63
6/7/2026,2.2,63.5
6/8/2026,2.2,61.4
6/9/2026,2.2,61.6
6/10/2026,2.2,62
6/11/2026,2.2,63
6/12/2026,2.2,62.5
6/13/2026,2.2,62.5
6/14/2026,2.2,63.6
6/15/2026,2.2,64
6/16/2026,2.3,67
6/17/2026,2.4,66.1
6/18/2026,2.2,65.5
6/19/2026,2.2,67.5
6/20/2026,2.3,63.5
6/21/2026,2.3,66
6/22/2026,2.2,68.8
6/23/2026,2.2,68.8
6/24/2026,2.2,69
6/25/2026,2.4,75.5
6/26/2026,2.4,70.5
6/27/2026,2.2,68.2
6/28/2026,2.2,67.4
6/29/2026,2.2,57.5
6/30/2026,2.2,52.5
7/1/2026,2.2,56
7/2/2026,2.1,55.8
7/3/2026,2.1,57.3
7/4/2026,2.1,59.5
7/5/2026,2.2,64
7/6/2026,2.2,63
7/7/2026,2.2,69.25
7/8/2026,2.2,66
7/9/2026,2.1,69
7/10/2026,2.2,67
7/11/2026,2.2,67.6
7/12/2026,2.2,67.2
7/13/2026,2.1,64.5
7/14/2026,2.1,61.5
7/15/2026,2.1,66.5
7/16/2026,2.2,64
7/17/2026,2.1,60.5
7/18/2026,2.1,63
7/19/2026,2.1,62
7/20/2026,2,63.3
7/21/2026,2,60.6
7/22/2026,2,61.3
7/23/2026,2,60.6
7/24/2026,2.1,58.6
7/25/2026,2.1,59
7/26/2026,2.1,58.9
7/27/2026,2,57.2
7/28/2026,2.4,58.5
7/29/2026,1.9,59.1
7/30/2026,2,56.3
7/31/2026,2,57.6
8/1/2026,2,59.8
8/2/2026,1.8,61.5
8/3/2026,1.9,58.5
8/4/2026,2,62.25
8/5/2026,2,57
8/6/2026,1.9,58.5
8/7/2026,1.9,61.5
8/8/2026,1.9,60.5
8/9/2026,2,60.5
8/10/2026,2,58
8/11/2026,2,62
8/12/2026,2,60.5
8/13/2026,2,59
8/14/2026,2,58
8/15/2026,2,58.5
8/16/2026,2.5,57
8/17/2026,2.5,59.5
8/18/2026,2.3,59
8/19/2026,2.2,56.8
8/20/2026,2.1,57
8/21/2026,2.2,57.5
8/22/2026,1.9,60.9
8/23/2026,1.9,61.3
