Date,Flow_CFS,GageHeight_ft,Precip
4/1/2022,194,2.25927,10.98
4/2/2022,235,2.403958,10.98
4/3/2022,240,2.421562,10.98
4/4/2022,240,2.420416,10.98
4/5/2022,238,2.41375,10.983437
4/6/2022,233,2.401041,10.99
4/7/2022,230,2.395312,10.99
4/8/2022,269,2.521666,10.99
4/9/2022,276,2.542083,10.99
4/10/2022,278,2.550312,11.052812
4/11/2022,274,2.537083,11.06
4/12/2022,270,2.523125,11.06
4/13/2022,267,2.515208,11.06
4/14/2022,256,2.480312,11.06
4/15/2022,263,2.504375,11.06
4/16/2022,262,2.501354,11.06
4/17/2022,260,2.492812,11.06
4/18/2022,273,2.531458,11.06
4/19/2022,329,2.692083,11.06
4/20/2022,392,2.857291,11.06
4/21/2022,400,2.877291,11.06
4/22/2022,388,2.845312,11.06
4/23/2022,401,2.876145,11.06
4/24/2022,409,2.897916,11.073437
4/25/2022,408,2.895729,11.2
4/26/2022,408,2.896041,11.2
4/27/2022,420,2.923437,11.203958
4/28/2022,478,3.054583,11.21
4/29/2022,481,3.060416,11.21
4/30/2022,521,3.139375,11.21
5/1/2022,530,3.154479,11.210833
5/2/2022,544,3.1825,11.514479
5/3/2022,533,3.16052,11.641979
5/4/2022,460,3.006979,11.861145
5/5/2022,417,2.907083,11.92
5/6/2022,419,2.911145,11.92
5/7/2022,448,2.979895,11.92
5/8/2022,488,3.067083,11.92
5/9/2022,493,3.076354,11.92
5/10/2022,545,3.184479,11.92
5/11/2022,561,3.21552,11.92
5/12/2022,579,3.251354,11.92
5/13/2022,542,3.179166,11.92
5/14/2022,579,3.25052,11.92
5/15/2022,601,3.292812,11.92
5/16/2022,615,3.31875,11.92
5/17/2022,544,3.18375,11.92
5/18/2022,547,3.189166,11.924166
5/19/2022,560,3.214479,11.93
5/20/2022,539,3.171458,12.245416
5/21/2022,436,2.948229,13.199687
5/22/2022,327,2.677708,13.23
5/23/2022,437,2.952916,13.23125
5/24/2022,574,3.241145,13.417083
5/25/2022,552,3.19677,13.47
5/26/2022,438,2.95625,13.47
5/27/2022,582,3.25125,13.47
5/28/2022,616,3.310416,13.47
5/29/2022,554,3.188333,13.486979
5/30/2022,421,2.906666,13.51
5/31/2022,407,2.874166,13.604687
6/1/2022,441,2.953125,14.189062
6/2/2022,508,3.097083,14.22
6/3/2022,530,3.14375,14.335104
6/4/2022,502,3.08677,14.47
6/5/2022,506,3.095104,14.47
6/6/2022,526,3.135416,14.521979
6/7/2022,599,3.278229,14.66
6/8/2022,588,3.257395,14.66
6/9/2022,597,3.276354,14.66
6/10/2022,591,3.264583,14.66
6/11/2022,592,3.266145,14.66
6/12/2022,591,3.264062,14.666458
6/13/2022,564,3.213229,14.68
6/14/2022,550,3.184583,14.68
6/15/2022,551,3.185625,14.68
6/16/2022,619,3.31802,14.68
6/17/2022,672,3.413645,14.68
6/18/2022,735,3.522916,14.68427
6/19/2022,741,3.533958,14.69
6/20/2022,721,3.499062,14.69
6/21/2022,657,3.38625,14.69
6/22/2022,642,3.360104,14.69
6/23/2022,628,3.335312,14.69
6/24/2022,621,3.322187,14.70052
6/25/2022,632,3.340833,14.743437
6/26/2022,679,3.425384,14.840615
6/27/2022,677,3.423283,14.91
6/28/2022,646,3.366875,14.91
6/29/2022,705,3.472395,14.923958
6/30/2022,718,3.494062,15.179166
7/1/2022,733,3.519791,15.596145
7/2/2022,718,3.49427,15.701666
7/3/2022,714,3.487083,16.081145
7/4/2022,706,3.473854,16.146562
7/5/2022,690,3.446145,16.31875
7/6/2022,788,3.612708,16.448541
7/7/2022,850,3.708645,16.730104
7/8/2022,812,3.661041,16.783854
7/9/2022,806,3.652916,16.8
7/10/2022,807,3.655208,16.805937
7/11/2022,822,3.674062,16.822395
7/12/2022,763,3.589687,16.843437
7/13/2022,754,3.574375,16.874479
7/14/2022,745,3.560208,16.918333
7/15/2022,606,3.291875,17.0275
7/16/2022,745,3.558645,17.340625
7/17/2022,789,3.629895,17.36
7/18/2022,778,3.612291,17.372187
7/19/2022,772,3.603229,17.403125
7/20/2022,775,3.608541,17.445625
7/21/2022,766,3.593645,17.46
7/22/2022,760,3.584583,17.46
7/23/2022,763,3.588854,17.49177
7/24/2022,796,3.635833,17.703333
7/25/2022,813,3.648437,18.09
7/26/2022,642,3.379479,18.202604
7/27/2022,596,3.294166,19.27875
7/28/2022,590,3.283125,20.2
7/29/2022,569,3.2425,20.2
7/30/2022,590,3.280729,20.2
7/31/2022,666,3.423437,20.226979
8/1/2022,702,3.487083,20.27
8/2/2022,711,3.501979,20.283854
8/3/2022,699,3.481145,20.332812
8/4/2022,705,3.491875,20.38
8/5/2022,701,3.484895,20.406354
8/6/2022,715,3.50875,20.48802
8/7/2022,705,3.488541,20.557708
8/8/2022,656,3.403958,20.87
8/9/2022,564,3.2325,20.87
8/10/2022,591,3.283437,20.87
8/11/2022,696,3.47552,20.87
8/12/2022,770,3.600937,20.87
8/13/2022,731,3.53375,20.901875
8/14/2022,628,3.353125,21.082604
8/15/2022,569,3.241562,21.307916
8/16/2022,630,3.35663,22.485326
8/17/2022,599,3.299479,22.67
8/18/2022,509,3.122083,22.67
8/19/2022,486,3.072083,22.67
8/20/2022,533,3.169479,22.696875
8/21/2022,624,3.347083,22.862812
8/22/2022,675,3.43875,23.07302
8/23/2022,647,3.387812,23.08
8/24/2022,686,3.458854,23.08
8/25/2022,757,3.57927,23.08
8/26/2022,835,3.690729,23.083437
8/27/2022,951,3.853645,23.09
8/28/2022,928,3.815937,23.229791
8/29/2022,960,3.867395,23.48
8/30/2022,929,3.819062,23.48
8/31/2022,915,3.795729,23.492083
9/1/2022,922,3.806458,23.52
9/2/2022,970,3.884583,23.520312
9/3/2022,965,3.876875,23.53
9/4/2022,970,3.884583,23.53
9/5/2022,957,3.863645,23.53
9/6/2022,937,3.833229,23.53
9/7/2022,841,3.6975,23.53
9/8/2022,801,3.6425,23.53
9/9/2022,712,3.503541,23.53
9/10/2022,640,3.375104,23.559687
9/11/2022,566,3.237187,23.57
9/12/2022,555,3.215833,23.57
9/13/2022,550,3.205729,23.57
9/14/2022,564,3.232083,23.612291
9/15/2022,612,3.324687,23.69
9/16/2022,558,3.220937,23.692916
9/17/2022,519,3.141979,23.7
9/18/2022,514,3.131875,23.7
9/19/2022,506,3.115625,23.7
9/20/2022,503,3.1075,23.7
9/21/2022,509,3.12177,23.732395
9/22/2022,539,3.181979,24.012083
9/23/2022,477,3.05375,24.03
9/24/2022,462,3.021145,24.03
9/25/2022,454,3.002708,24.03
9/26/2022,454,3.002291,24.03
9/27/2022,497,3.09625,24.03427
9/28/2022,508,3.118229,24.04
9/29/2022,521,3.145104,24.042187
9/30/2022,536,3.176458,24.092916
10/1/2022,533,3.17052,24.295729
10/2/2022,437,2.964062,24.316145
10/3/2022,440,2.969791,24.3275
10/4/2022,390,2.852083,24.380833
10/5/2022,407,2.895625,12.2
10/6/2022,400,2.886979,0
10/7/2022,408,2.90677,0
10/8/2022,430,2.957708,0
10/9/2022,428,2.952395,0
10/10/2022,426,2.948645,0
10/11/2022,440,2.979687,0
10/12/2022,490,3.091562,0
10/13/2022,490,3.090729,0
10/14/2022,490,3.091041,0
10/15/2022,487,3.085416,0
10/16/2022,488,3.086145,0
10/17/2022,477,3.062708,0
10/18/2022,427,2.949583,0
10/19/2022,387,2.854479,0
10/20/2022,384,2.84625,0
10/21/2022,380,2.836562,0
10/22/2022,379,2.834791,0
10/23/2022,375,2.82375,0.007604
10/24/2022,358,2.779895,0.02
10/25/2022,271,2.538437,0.02
10/26/2022,361,2.785625,0.02677
10/27/2022,398,2.881458,0.343125
10/28/2022,330,2.707604,0.61
10/29/2022,333,2.713958,0.61
10/30/2022,334,2.718437,0.61
10/31/2022,327,2.69875,0.61
11/1/2022,289,2.59125,0.61
11/2/2022,287,2.586458,0.61
11/3/2022,285,2.578645,0.66177
11/4/2022,282,2.570625,0.87
11/5/2022,280,2.564583,0.87
11/6/2022,289,2.590833,0.87
11/7/2022,283,2.573229,0.87
11/8/2022,286,2.580625,0.87
11/9/2022,282,2.566979,0.87
11/10/2022,284,2.565416,0.87
11/11/2022,267,2.51302,0.87
11/12/2022,259,2.488645,0.87
11/13/2022,268,2.51927,0.87
11/14/2022,271,2.5275,0.870625
11/15/2022,265,2.509375,0.909583
11/16/2022,280,2.555937,0.92
11/17/2022,287,2.574791,1.026458
11/18/2022,291,2.587604,1.415104
11/19/2022,291,2.586562,1.42
11/20/2022,293,2.593125,1.42
11/21/2022,294,2.596562,1.42
11/22/2022,311,2.645625,1.42
11/23/2022,313,2.651979,1.42
11/24/2022,315,2.655416,1.42
11/25/2022,310,2.641458,1.42
11/26/2022,311,2.645937,1.42
11/27/2022,313,2.650104,1.42
11/28/2022,308,2.635208,1.42
11/29/2022,272,2.529687,1.821145
11/30/2022,271,2.52552,1.91
12/1/2022,286,2.572395,1.91
12/2/2022,268,2.518333,1.91
12/3/2022,266,2.5125,1.91
12/4/2022,269,2.520416,1.91
12/5/2022,269,2.519687,1.91
12/6/2022,268,2.51802,1.91
12/7/2022,266,2.5125,1.91
12/8/2022,265,2.510208,1.91
12/9/2022,259,2.489062,1.91
12/10/2022,258,2.488125,1.91
12/11/2022,262,2.498958,1.91
12/12/2022,264,2.504062,1.910416
12/13/2022,259,2.488541,2.014479
12/14/2022,222,2.366979,2.03
12/15/2022,222,2.368541,2.03
12/16/2022,241,2.42927,2.03
12/17/2022,245,2.443229,2.03
12/18/2022,253,2.467708,2.03
12/19/2022,259,2.489791,2.03
12/20/2022,230,2.391979,2.03
12/21/2022,192,2.25802,2.042604
12/22/2022,149,2.086354,2.48677
12/23/2022,211,2.318437,2.52
12/24/2022,384,2.834062,2.52
12/25/2022,318,2.661666,2.52
12/26/2022,360,2.772708,2.52
12/27/2022,347,2.739166,2.52
12/28/2022,295,2.672916,2.602291
12/29/2022,218,2.61552,3.129687
12/30/2022,212,2.593437,3.14
12/31/2022,212,2.594895,3.14
1/1/2023,220,2.620937,3.141458
1/2/2023,200,2.54802,3.279166
1/3/2023,156,2.381666,3.29
1/4/2023,147,2.342812,3.29
1/5/2023,179,2.468333,3.29
1/6/2023,167,2.421458,3.29
1/7/2023,162,2.40177,3.29
1/8/2023,141,2.318541,3.29
1/9/2023,145,2.335833,3.29
1/10/2023,149,2.351666,3.29
1/11/2023,150,2.355,3.328125
1/12/2023,134,2.290729,3.35
1/13/2023,173,2.33802,3.35
1/14/2023,250,2.472395,3.35
1/15/2023,248,2.465312,3.364375
1/16/2023,250,2.47052,3.41
1/17/2023,242,2.446979,3.444687
1/18/2023,215,2.352291,4.00677
1/19/2023,210,2.334895,4.24
1/20/2023,242,2.443125,4.2475
1/21/2023,230,2.404791,4.304375
1/22/2023,239,2.433958,4.35
1/23/2023,216,2.359375,4.364895
1/24/2023,205,2.31625,4.37
1/25/2023,218,2.362083,4.37
1/26/2023,227,2.395416,4.37
1/27/2023,255,2.487291,4.37
1/28/2023,241,2.44302,4.37375
1/29/2023,255,2.487187,4.529166
1/30/2023,271,2.534583,4.53
1/31/2023,271,2.53302,4.5975
2/1/2023,224,2.382391,4.6
2/2/2023,246,2.456041,4.6
2/3/2023,268,2.525312,4.6
2/4/2023,222,2.379687,4.6
2/5/2023,219,2.367708,4.6
2/6/2023,219,2.369062,4.6
2/7/2023,211,2.33927,4.6
2/8/2023,202,2.30802,4.600833
2/9/2023,204,2.313541,4.618645
2/10/2023,182,2.258229,4.62
2/11/2023,167,2.264375,4.62
2/12/2023,168,2.267604,4.62
2/13/2023,166,2.259895,4.62
2/14/2023,167,2.263854,4.636041
2/15/2023,169,2.272395,5.375416
2/16/2023,179,2.309166,5.52
2/17/2023,186,2.335625,5.52
2/18/2023,200,2.388854,5.52
2/19/2023,191,2.35552,5.52
2/20/2023,191,2.357291,5.52
2/21/2023,193,2.366562,5.52
2/22/2023,196,2.374583,5.903333
2/23/2023,211,2.42875,6.119479
2/24/2023,234,2.508437,6.12
2/25/2023,222,2.468958,6.12
2/26/2023,224,2.47625,6.12
2/27/2023,217,2.452708,6.12
2/28/2023,182,2.323541,6.12
3/1/2023,177,2.302708,6.12
3/2/2023,179,2.310416,6.12
3/3/2023,180,2.314062,6.130416
3/4/2023,178,2.306458,6.16
3/5/2023,180,2.314687,6.16
3/6/2023,181,2.317083,6.16
3/7/2023,180,2.317187,6.16
3/8/2023,180,2.3125,6.16
3/9/2023,191,2.354062,6.16
3/10/2023,250,2.562708,6.16
3/11/2023,259,2.588229,6.167395
3/12/2023,256,2.579782,6.17
3/13/2023,251,2.565208,6.17
3/14/2023,264,2.56427,6.17
3/15/2023,287,2.576562,6.171875
3/16/2023,287,2.573854,6.884583
3/17/2023,231,2.400208,7.17
3/18/2023,222,2.367083,7.17
3/19/2023,223,2.372708,7.17
3/20/2023,232,2.402812,7.17
3/21/2023,229,2.391875,7.17
3/22/2023,228,2.391562,7.195937
3/23/2023,234,2.408437,7.237395
3/24/2023,266,2.51302,7.284375
3/25/2023,290,2.583125,7.319166
3/26/2023,284,2.56677,7.32
3/27/2023,294,2.594791,7.466145
3/28/2023,284,2.567083,7.51
3/29/2023,288,2.5775,7.51
3/30/2023,263,2.502812,7.51
3/31/2023,260,2.492812,7.51
4/1/2023,241,2.432812,7.51
4/2/2023,244,2.442291,7.51
4/3/2023,252,2.468958,7.51
4/4/2023,255,2.47625,7.854166
4/5/2023,241,2.433333,8.3
4/6/2023,238,2.421145,8.31
4/7/2023,221,2.366145,8.31
4/8/2023,225,2.380416,8.31
4/9/2023,223,2.374583,8.31
4/10/2023,228,2.389375,8.31
4/11/2023,240,2.430208,8.31
4/12/2023,317,2.662395,8.31
4/13/2023,338,2.718437,8.31
4/14/2023,336,2.71375,8.482291
4/15/2023,274,2.535104,8.950729
4/16/2023,255,2.47625,8.96
4/17/2023,256,2.48,8.96
4/18/2023,262,2.500104,8.96
4/19/2023,269,2.520416,8.966562
4/20/2023,254,2.47427,9
4/21/2023,240,2.429583,9.004062
4/22/2023,265,2.51,9.557708
4/23/2023,256,2.481354,9.65
4/24/2023,264,2.506875,9.653333
4/25/2023,273,2.533229,9.766041
4/26/2023,304,2.625312,10.273125
4/27/2023,313,2.650833,10.367187
4/28/2023,328,2.69125,10.853854
4/29/2023,322,2.675208,10.87
4/30/2023,331,2.700833,10.87
5/1/2023,337,2.716458,10.87
5/2/2023,327,2.68875,10.945312
5/3/2023,344,2.735729,11.12
5/4/2023,361,2.78,11.126979
5/5/2023,352,2.756875,11.13
5/6/2023,342,2.729583,11.13
5/7/2023,337,2.716145,11.13
5/8/2023,330,2.69875,11.131458
5/9/2023,335,2.711458,11.14
5/10/2023,388,2.8475,11.678958
5/11/2023,555,3.209479,15.663437
5/12/2023,833,3.682083,18.641145
5/13/2023,715,3.508125,18.770729
5/14/2023,673,3.435,19.370104
5/15/2023,713,3.505208,19.59177
5/16/2023,746,3.560937,19.636041
5/17/2023,699,3.480312,19.651562
5/18/2023,640,3.375729,19.905208
5/19/2023,712,3.502187,20.71
5/20/2023,647,3.388437,20.71375
5/21/2023,670,3.428645,20.72
5/22/2023,678,3.443333,20.72
5/23/2023,848,3.703645,20.72
5/24/2023,846,3.703854,20.729375
5/25/2023,907,3.78427,20.756666
5/26/2023,878,3.744479,21.101145
5/27/2023,840,3.696666,21.55802
5/28/2023,814,3.661875,21.6
5/29/2023,775,3.607604,21.602708
5/30/2023,757,3.577291,21.61
5/31/2023,686,3.458958,21.666458
6/1/2023,646,3.386458,22.065416
6/2/2023,589,3.279687,22.219479
6/3/2023,539,3.181979,22.339166
6/4/2023,538,3.18,22.77913
6/5/2023,543,3.190729,23.1325
6/6/2023,568,3.240208,23.498333
6/7/2023,569,3.242604,23.67875
6/8/2023,612,3.323854,23.797812
6/9/2023,671,3.432187,23.841041
6/10/2023,659,3.411354,23.881979
6/11/2023,716,3.510729,23.993229
6/12/2023,829,3.678125,24.633333
6/13/2023,840,3.695625,25.1
6/14/2023,773,3.604791,25.169062
6/15/2023,744,3.557291,25.753437
6/16/2023,909,3.796979,27.058541
6/17/2023,1100,4.087708,27.494895
6/18/2023,1090,4.071979,27.5
6/19/2023,1030,3.972812,27.5
6/20/2023,990,3.915,27.5
6/21/2023,946,3.845104,27.622812
6/22/2023,1040,3.989375,29.664791
6/23/2023,1060,4.020729,29.82
6/24/2023,968,3.880208,29.82
6/25/2023,902,3.776458,29.82
6/26/2023,861,3.722916,29.82
6/27/2023,798,3.641875,29.82
6/28/2023,760,3.584166,29.82
6/29/2023,724,3.52427,29.832604
6/30/2023,713,3.505104,29.930833
7/1/2023,671,3.431875,29.96
7/2/2023,626,3.350729,30.051145
7/3/2023,592,3.286145,30.164062
7/4/2023,586,3.275729,30.239375
7/5/2023,621,3.340937,30.495104
7/6/2023,652,3.398333,30.633437
7/7/2023,587,3.277708,30.656875
7/8/2023,586,3.275104,31.404479
7/9/2023,540,3.184062,31.42
7/10/2023,512,3.110833,31.42
7/11/2023,492,3.054895,31.42
7/12/2023,468,3.003541,31.421979
7/13/2023,527,3.12677,31.43
7/14/2023,583,3.238958,31.43
7/15/2023,569,3.211145,31.435
7/16/2023,555,3.18427,31.44
7/17/2023,534,3.14302,31.44
7/18/2023,579,3.23177,31.444687
7/19/2023,621,3.312187,31.474375
7/20/2023,584,3.241979,31.803333
7/21/2023,537,3.147291,31.98
7/22/2023,461,2.98875,31.98
7/23/2023,446,2.954687,31.98
7/24/2023,456,2.974062,32.021145
7/25/2023,552,3.178541,32.183958
7/26/2023,539,3.152604,32.19
7/27/2023,515,3.103437,32.191354
7/28/2023,512,3.097083,32.234791
7/29/2023,488,3.046875,32.284479
7/30/2023,483,3.035937,32.29
7/31/2023,493,3.058117,32.512235
8/1/2023,629,3.337142,35.462222
8/2/2023,541,3.172291,36.465937
8/3/2023,412,2.894895,36.833541
8/4/2023,330,2.68802,36.86
8/5/2023,331,2.690208,36.86375
8/6/2023,449,2.978645,37.008958
8/7/2023,539,3.172395,37.34
8/8/2023,520,3.133854,37.34
8/9/2023,514,3.121666,37.34
8/10/2023,549,3.193229,37.34
8/11/2023,591,3.275,37.403645
8/12/2023,602,3.294895,37.6
8/13/2023,595,3.283437,37.602604
8/14/2023,595,3.28302,37.61
8/15/2023,587,3.26677,37.61
8/16/2023,618,3.324791,37.652812
8/17/2023,621,3.331562,37.73
8/18/2023,615,3.319791,37.795104
8/19/2023,612,3.314791,37.964895
8/20/2023,600,3.292604,38.12
8/21/2023,589,3.271666,38.12
8/22/2023,592,3.26875,38.12
8/23/2023,604,3.279687,38.12
8/24/2023,581,3.23552,38.140312
8/25/2023,572,3.21802,38.270729
8/26/2023,518,3.110312,38.303645
8/27/2023,507,3.087604,38.357291
8/28/2023,467,3.001666,39.229062
8/29/2023,453,2.970833,39.93
8/30/2023,408,2.864895,39.93
8/31/2023,405,2.85625,39.93
9/1/2023,613,3.29625,39.93
9/2/2023,688,3.432395,39.934895
9/3/2023,701,3.455625,40.114479
9/4/2023,697,3.448958,40.51
9/5/2023,669,3.399375,40.51
9/6/2023,644,3.352812,40.51
9/7/2023,570,3.214583,40.51
9/8/2023,535,3.143854,40.51
9/9/2023,532,3.138125,40.51
9/10/2023,533,3.14052,40.665625
9/11/2023,590,3.252604,41.8775
9/12/2023,559,3.19,41.99
9/13/2023,440,2.939895,41.99
9/14/2023,439,2.937187,42.502395
9/15/2023,508,3.087708,44.318125
9/16/2023,544,3.161666,44.53
9/17/2023,499,3.069375,44.53
9/18/2023,481,3.030729,44.55
9/19/2023,475,3.01802,44.62427
9/20/2023,481,3.030416,44.703854
9/21/2023,501,3.074895,44.77
9/22/2023,495,3.06177,44.77
9/23/2023,491,3.053854,44.77
9/24/2023,486,3.043125,44.77
9/25/2023,498,3.06875,44.77
9/26/2023,548,3.171562,44.77
9/27/2023,592,3.257187,44.77
9/28/2023,592,3.25625,44.77
9/29/2023,590,3.253229,44.77
9/30/2023,589,3.251979,44.77
10/1/2023,577,3.226666,44.77
10/2/2023,463,2.993541,44.832708
10/3/2023,466,2.999062,44.87
10/4/2023,463,2.991354,44.87
10/5/2023,465,2.996979,44.87
10/6/2023,463,2.992291,20.565416
10/7/2023,456,2.97625,0
10/8/2023,435,2.928541,0
10/9/2023,385,2.809583,0
10/10/2023,381,2.799062,0
10/11/2023,386,2.811041,0.021458
10/12/2023,434,2.92677,0.12
10/13/2023,427,2.910729,0.18
10/14/2023,388,2.817604,0.18
10/15/2023,382,2.80302,0.18
10/16/2023,361,2.749895,0.18
10/17/2023,364,2.757187,0.18
10/18/2023,389,2.81875,0.18
10/19/2023,389,2.820416,0.18
10/20/2023,391,2.825416,0.18
10/21/2023,458,2.9825,0.18
10/22/2023,425,2.903854,0.18
10/23/2023,342,2.700833,0.18
10/24/2023,338,2.688958,0.190208
10/25/2023,330,2.666145,0.22
10/26/2023,330,2.666979,0.223437
10/27/2023,328,2.661562,0.24
10/28/2023,317,2.631458,0.475312
10/29/2023,320,2.64,1.409895
10/30/2023,242,2.406979,1.61
10/31/2023,248,2.425833,1.61
11/1/2023,261,2.465833,1.61
11/2/2023,265,2.478229,1.61
11/3/2023,205,2.2925,1.61
11/4/2023,168,2.167187,1.61
11/5/2023,151,2.101979,1.61
11/6/2023,150,2.095625,1.61
11/7/2023,144,2.072083,1.61
11/8/2023,173,2.186562,1.83625
11/9/2023,209,2.32177,2.21
11/10/2023,197,2.279166,2.21
11/11/2023,202,2.298854,2.21
11/12/2023,208,2.317395,2.21
11/13/2023,228,2.389895,2.21
11/14/2023,215,2.343645,2.21
11/15/2023,216,2.348125,2.21
11/16/2023,220,2.362187,2.21
11/17/2023,219,2.356354,2.21
11/18/2023,214,2.338645,2.21
11/19/2023,218,2.353125,2.212291
11/20/2023,220,2.361979,2.386041
11/21/2023,194,2.266458,2.51
11/22/2023,161,2.139375,2.51
11/23/2023,177,2.202083,2.535
11/24/2023,230,2.397916,3.358958
11/25/2023,222,2.370937,3.66
11/26/2023,208,2.320729,3.71
11/27/2023,208,2.319166,3.71
11/28/2023,238,2.421666,3.71
11/29/2023,247,2.483437,3.71
11/30/2023,229,2.494062,3.71
12/1/2023,207,2.415208,3.71
12/2/2023,189,2.34802,3.71
12/3/2023,171,2.278854,3.7975
12/4/2023,157,2.222395,3.86
12/5/2023,191,2.357812,3.86
12/6/2023,190,2.35125,3.86
12/7/2023,189,2.346979,3.86
12/8/2023,191,2.356562,3.910937
12/9/2023,163,2.24625,4.503645
12/10/2023,148,2.184583,4.53
12/11/2023,159,2.231979,4.53
12/12/2023,162,2.24427,4.537604
12/13/2023,163,2.246875,4.692708
12/14/2023,137,2.139791,4.81
12/15/2023,122,2.075729,4.81
12/16/2023,183,2.323541,4.81
12/17/2023,211,2.43125,4.81
12/18/2023,188,2.343333,4.81
12/19/2023,170,2.274895,4.81
12/20/2023,176,2.298229,4.81
12/21/2023,195,2.372395,4.81
12/22/2023,190,2.35375,4.81
12/23/2023,197,2.37802,4.821145
12/24/2023,198,2.382395,5.472395
12/25/2023,174,2.291875,5.7
12/26/2023,186,2.337708,5.702187
12/27/2023,195,2.373541,5.72
12/28/2023,166,2.259895,5.72
12/29/2023,174,2.257083,5.72
12/30/2023,217,2.37052,5.72
12/31/2023,226,2.4025,5.72
1/1/2024,233,2.428125,5.72
1/2/2024,235,2.431666,5.72
1/3/2024,199,2.305208,5.72
1/4/2024,190,2.271979,5.72
1/5/2024,201,2.313958,5.72
1/6/2024,167,2.18427,5.772604
1/7/2024,144,2.092291,5.780104
1/8/2024,165,2.1775,6.321875
1/9/2024,146,2.099062,6.49
1/10/2024,247,2.46677,6.49
1/11/2024,292,2.604375,6.533854
1/12/2024,239,2.443229,6.59
1/13/2024,324,2.697291,6.689375
1/14/2024,366,2.811562,6.725416
1/15/2024,367,2.815,7.01052
1/16/2024,398,2.885937,7.21
1/17/2024,367,2.808125,7.21
1/18/2024,242,2.455416,7.210625
1/19/2024,220,2.398958,7.22
1/20/2024,233,2.486666,7.22
1/21/2024,225,2.459479,7.22
1/22/2024,185,2.311354,7.22
1/23/2024,162,2.22427,7.22
1/24/2024,165,2.236562,7.22
1/25/2024,203,2.379791,7.220729
1/26/2024,223,2.451562,7.481562
1/27/2024,222,2.448854,7.58
1/28/2024,215,2.423333,7.58
1/29/2024,180,2.293541,7.58
1/30/2024,163,2.228854,7.58
1/31/2024,165,2.235,7.58
2/1/2024,191,2.336458,7.58
2/2/2024,203,2.381875,7.586041
2/3/2024,209,2.403437,8.002812
2/4/2024,201,2.375,8.38
2/5/2024,150,2.176666,8.38
2/6/2024,157,2.205937,8.38
2/7/2024,214,2.392708,8.38
2/8/2024,223,2.383229,8.38
2/9/2024,221,2.376458,8.394062
2/10/2024,221,2.376145,8.767916
2/11/2024,219,2.3675,9.09
2/12/2024,213,2.347291,9.09
2/13/2024,222,2.376666,9.09
2/14/2024,236,2.426979,9.09
2/15/2024,236,2.426666,9.09
2/16/2024,237,2.431354,9.11677
2/17/2024,218,2.364791,9.26
2/18/2024,211,2.339375,9.26
2/19/2024,217,2.360312,9.26
2/20/2024,218,2.363229,9.26
2/21/2024,208,2.330937,9.26
2/22/2024,210,2.33802,9.263437
2/23/2024,224,2.381458,9.27
2/24/2024,224,2.375312,9.27
2/25/2024,228,2.39052,9.27
2/26/2024,230,2.395104,9.27
2/27/2024,219,2.359166,9.373645
2/28/2024,203,2.299166,9.49
2/29/2024,212,2.333541,9.49
3/1/2024,216,2.345312,9.49
3/2/2024,218,2.353645,9.49
3/3/2024,221,2.364895,9.541979
3/4/2024,213,2.335104,9.55
3/5/2024,210,2.326145,9.55
3/6/2024,211,2.33052,9.55
3/7/2024,223,2.370625,9.672604
3/8/2024,212,2.332708,10.110208
3/9/2024,177,2.204583,10.2
3/10/2024,184,2.229565,10.2
3/11/2024,191,2.255104,10.2
3/12/2024,180,2.214895,10.2
3/13/2024,184,2.229784,10.24129
3/14/2024,200,2.288909,11.334727
3/15/2024,188,2.245104,11.768437
3/16/2024,190,2.25427,11.79
3/17/2024,202,2.2975,11.79
3/18/2024,192,2.263125,11.79
3/19/2024,198,2.284791,11.79
3/20/2024,211,2.329479,11.79
3/21/2024,218,2.352187,11.79
3/22/2024,222,2.37052,11.79
3/23/2024,215,2.343437,11.79
3/24/2024,197,2.278854,11.873541
3/25/2024,176,2.199583,12.980416
3/26/2024,157,2.12427,13.1
3/27/2024,157,2.125625,13.1
3/28/2024,176,2.199583,13.1
3/29/2024,218,2.356145,13.1
3/30/2024,217,2.349583,13.1
3/31/2024,224,2.37427,13.1
4/1/2024,190,2.254479,13.123645
4/2/2024,188,2.24625,13.339166
4/3/2024,189,2.248541,13.34
4/4/2024,226,2.380416,13.34
4/5/2024,261,2.501041,13.34
4/6/2024,274,2.5475,13.34
4/7/2024,267,2.524687,13.34
4/8/2024,257,2.493854,13.34
4/9/2024,229,2.402916,13.34
4/10/2024,223,2.382708,13.34
4/11/2024,225,2.389583,13.34
4/12/2024,259,2.499479,13.34
4/13/2024,290,2.594375,13.34
4/14/2024,307,2.64302,13.34
4/15/2024,326,2.696354,13.34
4/16/2024,320,2.677916,13.363645
4/17/2024,276,2.553333,13.37
4/18/2024,266,2.52,13.415208
4/19/2024,260,2.501979,13.569791
4/20/2024,251,2.474583,14.035208
4/21/2024,247,2.462812,14.119479
4/22/2024,245,2.455416,14.12
4/23/2024,251,2.474375,14.121875
4/24/2024,246,2.459166,-14.394791
4/25/2024,251,2.47375,-104.928333
4/26/2024,246,2.460937,-104.886145
4/27/2024,296,2.608437,-103.789062
4/28/2024,289,2.592604,-103.173437
4/29/2024,286,2.583229,-103.17
4/30/2024,286,2.5825,-103.17
5/1/2024,296,2.611458,-103.132291
5/2/2024,348,2.753958,-103.01
5/3/2024,397,2.876458,-103.01
5/4/2024,466,3.039895,-103.01
5/5/2024,470,3.048229,-103.01
5/6/2024,473,3.05552,-103.01
5/7/2024,465,3.025937,-103.005208
5/8/2024,464,3.005833,-103
5/9/2024,462,2.999791,-102.998125
5/10/2024,473,3.024375,-102.90677
5/11/2024,476,3.030416,-102.79
5/12/2024,600,3.274166,-101.64625
5/13/2024,670,3.406666,-101.178437
5/14/2024,622,3.322291,-101.076354
5/15/2024,730,3.498125,-101.038229
5/16/2024,1060,4.006979,-100.88
5/17/2024,1090,4.076979,-100.88
5/18/2024,1070,4.033437,-100.875416
5/19/2024,1060,4.017708,-100.87
5/20/2024,1040,4.001562,-100.87
5/21/2024,1050,4.01427,-100.758125
5/22/2024,993,3.920625,-100.6
5/23/2024,942,3.838854,-100.6
5/24/2024,930,3.825416,-100.6
5/25/2024,885,3.782083,-100.598854
5/26/2024,848,3.73625,-100.59
5/27/2024,813,3.69125,-100.59
5/28/2024,826,3.707916,-100.585937
5/29/2024,838,3.723958,-100.571666
5/30/2024,854,3.744062,-100.56
5/31/2024,885,3.786666,-100.56
6/1/2024,891,3.794375,-100.5525
6/2/2024,907,3.815208,-100.54
6/3/2024,929,3.848541,-100.54
6/4/2024,932,3.853541,-100.54
6/5/2024,948,3.878125,-100.54
6/6/2024,1010,3.98177,-100.54
6/7/2024,1060,4.058437,-100.53875
6/8/2024,1120,4.155312,-100.525312
6/9/2024,1140,4.1725,-100.518645
6/10/2024,1220,4.293437,-100.51
6/11/2024,1240,4.33625,-100.51
6/12/2024,1280,4.383437,-100.506979
6/13/2024,1300,4.425833,-100.5
6/14/2024,1290,4.416979,-100.5
6/15/2024,1270,4.379895,-100.495937
6/16/2024,1280,4.404791,-100.487291
6/17/2024,1290,4.415312,-100.48
6/18/2024,1320,4.459166,-100.48
6/19/2024,1370,4.524583,-100.48
6/20/2024,1360,4.516979,-100.37302
6/21/2024,1380,4.55427,-99.915625
6/22/2024,1340,4.4875,-99.68
6/23/2024,1270,4.382291,-99.67875
6/24/2024,1200,4.285625,-99.665416
6/25/2024,1160,4.226041,-99.65
6/26/2024,1150,4.209791,-99.563333
6/27/2024,1130,4.176145,-99.41
6/28/2024,1120,4.153333,-99.40875
6/29/2024,1090,4.111145,-99.371041
6/30/2024,1090,4.117187,-99.220208
7/1/2024,1110,4.14302,-99.05
7/2/2024,1100,4.127604,-98.722395
7/3/2024,1060,4.070416,-98.688645
7/4/2024,1020,4,-98.68
7/5/2024,991,3.957395,-98.68
7/6/2024,979,3.938333,-98.68
7/7/2024,968,3.92125,-98.68
7/8/2024,959,3.906562,-98.678958
7/9/2024,948,3.888854,-98.67
7/10/2024,947,3.887187,-98.67
7/11/2024,915,3.83677,-98.67
7/12/2024,790,3.658229,-98.668645
7/13/2024,733,3.566875,-98.658437
7/14/2024,645,3.41427,-98.65
7/15/2024,575,3.283229,-98.639791
7/16/2024,511,3.155416,-98.429166
7/17/2024,505,3.141666,-98.072604
7/18/2024,491,3.113541,-98.04
7/19/2024,576,3.286041,-98.036979
7/20/2024,633,3.392916,-98.026979
7/21/2024,675,3.468645,-97.579062
7/22/2024,566,3.264687,-96.91
7/23/2024,508,3.149687,-96.91
7/24/2024,487,3.104166,-96.91
7/25/2024,565,3.264583,-96.91
7/26/2024,612,3.355104,-96.823958
7/27/2024,662,3.446562,-96.6025
7/28/2024,639,3.404166,-96.56
7/29/2024,585,3.303541,-96.558645
7/30/2024,586,3.305625,-96.55
7/31/2024,638,3.402291,-96.55
8/1/2024,635,3.396979,-96.55
8/2/2024,647,3.395208,-96.55
8/3/2024,668,3.396458,-96.55
8/4/2024,655,3.372812,-96.530729
8/5/2024,682,3.42,-96.207708
8/6/2024,685,3.425312,-95.494687
8/7/2024,570,3.213229,-95.44
8/8/2024,447,2.957395,-95.313541
8/9/2024,474,3.014687,-94.79125
8/10/2024,531,3.13625,-94.396562
8/11/2024,543,3.160937,-93.74
8/12/2024,527,3.128333,-93.725104
8/13/2024,602,3.27427,-93.549791
8/14/2024,685,3.427604,-93.405416
8/15/2024,650,3.364166,-93.36
8/16/2024,649,3.362812,-93.36
8/17/2024,698,3.450208,-93.36
8/18/2024,758,3.55125,-93.3575
8/19/2024,752,3.541354,-93.295
8/20/2024,702,3.456041,-93.132916
8/21/2024,601,3.273645,-93.06
8/22/2024,606,3.282604,-92.930729
8/23/2024,599,3.269375,-92.62
8/24/2024,530,3.133437,-92.62
8/25/2024,512,3.098333,-92.608645
8/26/2024,530,3.134791,-92.51875
8/27/2024,618,3.305104,-92.49
8/28/2024,611,3.293437,-92.49
8/29/2024,621,3.311145,-92.49
8/30/2024,720,3.487187,-92.49
8/31/2024,743,3.526562,-92.49
9/1/2024,719,3.484687,-92.49
9/2/2024,707,3.464583,-92.49
9/3/2024,690,3.43552,-92.49
9/4/2024,703,3.457916,-92.356458
9/5/2024,691,3.436041,-91.51427
9/6/2024,546,3.167187,-91.48
9/7/2024,521,3.115,-91.48
9/8/2024,512,3.098854,-91.48
9/9/2024,528,3.128958,-91.48
9/10/2024,619,3.3075,-91.48
9/11/2024,642,3.349166,-91.475833
9/12/2024,715,3.477916,-91.47
9/13/2024,712,3.473333,-91.47
9/14/2024,703,3.4575,-91.47
9/15/2024,692,3.438229,-91.47
9/16/2024,641,3.347395,-91.47
9/17/2024,578,3.229166,-91.458437
9/18/2024,570,3.214687,-91.44
9/19/2024,533,3.141041,-91.44
9/20/2024,506,3.085104,-91.44
9/21/2024,507,3.087083,-91.424166
9/22/2024,531,3.13625,-90.824791
9/23/2024,525,3.124479,-90.77
9/24/2024,516,3.10552,-90.77
9/25/2024,519,3.111875,-90.77
9/26/2024,553,3.18,-90.77
9/27/2024,551,3.177395,-90.77
9/28/2024,616,3.301666,-90.77
9/29/2024,616,3.302395,-90.77
9/30/2024,620,3.308854,-90.77
10/1/2024,615,3.30052,-90.77
10/2/2024,596,3.26427,-90.77
10/3/2024,560,3.193229,-90.77
10/4/2024,553,3.18,-90.77
10/5/2024,526,3.125,-90.77
10/6/2024,522,3.117604,-90.77
10/7/2024,501,3.073437,-90.77
10/8/2024,499,3.070937,-90.77
10/9/2024,508,3.087708,-90.766875
10/10/2024,535,3.143437,-90.76
10/11/2024,506,3.085,-90.76
10/12/2024,505,3.08177,-90.76
10/13/2024,504,3.080104,-90.76
10/14/2024,501,3.075416,-90.76
10/15/2024,471,3.010833,-90.76
10/16/2024,472,3.012604,-90.76
10/17/2024,477,3.02375,-90.76
10/18/2024,414,2.87927,-90.624062
10/19/2024,347,2.711666,-90.28
10/20/2024,339,2.691145,-90.278541
10/21/2024,337,2.686354,-90.216875
10/22/2024,336,2.682291,-90.2
10/23/2024,338,2.689479,-90.2
10/24/2024,373,2.779895,-90.2
10/25/2024,371,2.775104,-90.2
10/26/2024,342,2.700208,-90.2
10/27/2024,343,2.702708,-90.2
10/28/2024,384,2.808229,-90.2
10/29/2024,376,2.78677,-90.2
10/30/2024,370,2.772812,-90.18177
10/31/2024,313,2.620208,-90.12
11/1/2024,268,2.487708,-90.12
11/2/2024,242,2.405833,-90.12
11/3/2024,240,2.400937,-90.063854
11/4/2024,250,2.432395,-89.2675
11/5/2024,233,2.397812,-39.864166
11/6/2024,240,2.449687,1.236041
11/7/2024,229,2.411875,1.939479
11/8/2024,239,2.446145,2.430312
11/9/2024,223,2.390208,3.138125
11/10/2024,217,2.370937,3.15
11/11/2024,187,2.261145,3.15
11/12/2024,180,2.235208,3.15
11/13/2024,178,2.225729,3.15
11/14/2024,173,2.208229,3.15
11/15/2024,201,2.313125,3.15
11/16/2024,230,2.41375,3.15
11/17/2024,296,2.621666,3.15
11/18/2024,295,2.619062,3.15
11/19/2024,289,2.601666,3.15
11/20/2024,246,2.470833,3.15
11/21/2024,258,2.507395,3.15
11/22/2024,268,2.53802,3.15
11/23/2024,269,2.540104,3.15
11/24/2024,262,2.519062,3.151458
11/25/2024,205,2.326666,3.224687
11/26/2024,195,2.2925,3.233645
11/27/2024,207,2.336458,3.698958
11/28/2024,182,2.242916,3.87
11/29/2024,184,2.25,3.87
11/30/2024,252,2.487083,3.87
12/1/2024,241,2.454166,3.87
12/2/2024,244,2.461666,3.87
12/3/2024,242,2.4525,3.87
12/4/2024,243,2.450312,3.87
12/5/2024,242,2.446666,3.87
12/6/2024,244,2.451041,3.87
12/7/2024,269,2.530208,3.87
12/8/2024,268,2.529583,3.87
12/9/2024,270,2.53427,3.966979
12/10/2024,272,2.54177,4.26
12/11/2024,320,2.680937,4.26
12/12/2024,320,2.680833,4.26
12/13/2024,313,2.658854,4.26
12/14/2024,270,2.534479,4.26
12/15/2024,275,2.548125,4.26
12/16/2024,269,2.529166,4.26
12/17/2024,281,2.565833,4.26
12/18/2024,311,2.654062,4.26
12/19/2024,309,2.650208,4.26
12/20/2024,304,2.635,4.26
12/21/2024,287,2.586354,4.26
12/22/2024,289,2.592708,4.26
12/23/2024,285,2.579479,4.26
12/24/2024,251,2.475208,4.26
12/25/2024,251,2.476145,4.292708
12/26/2024,254,2.48375,4.4
12/27/2024,272,2.540208,4.4
12/28/2024,269,2.532708,4.4
12/29/2024,272,2.540104,4.4
12/30/2024,271,2.536562,4.4
12/31/2024,241,2.465625,4.401979
1/1/2025,229,2.47375,4.41
1/2/2025,237,2.500937,4.41
1/3/2025,235,2.49125,4.41
1/4/2025,236,2.496875,4.41
1/5/2025,232,2.484687,4.435208
1/6/2025,234,2.486354,4.469479
1/7/2025,265,2.589479,5.230208
1/8/2025,255,2.55802,5.44
1/9/2025,269,2.599687,5.7175
1/10/2025,263,2.581875,5.89
1/11/2025,279,2.630104,5.89
1/12/2025,258,2.566562,5.89
1/13/2025,273,2.613333,5.89
1/14/2025,271,2.606145,5.89
1/15/2025,293,2.668333,5.89
1/16/2025,347,2.821354,5.89
1/17/2025,296,2.680104,5.982083
1/18/2025,264,2.585312,6.889895
1/19/2025,261,2.574583,6.96
1/20/2025,279,2.630312,6.97802
1/21/2025,276,2.618958,6.98
1/22/2025,292,2.670625,6.98
1/23/2025,302,2.693541,6.98
1/24/2025,397,2.946562,6.98
1/25/2025,420,3.00375,7.59927
1/26/2025,475,3.127812,8.08
1/27/2025,503,3.17625,8.08
1/28/2025,316,2.735937,8.08
1/29/2025,252,2.547604,8.08
1/30/2025,262,2.579895,8.13927
1/31/2025,242,2.515937,8.15
2/1/2025,240,2.509166,8.15
2/2/2025,241,2.51375,8.15
2/3/2025,248,2.535,8.15
2/4/2025,251,2.528541,8.15
2/5/2025,266,2.521562,8.15
2/6/2025,266,2.521458,8.15
2/7/2025,261,2.504687,8.15
2/8/2025,262,2.511041,8.174895
2/9/2025,257,2.492291,8.329583
2/10/2025,242,2.446041,8.337812
2/11/2025,247,2.460625,8.643854
2/12/2025,240,2.438125,8.977187
2/13/2025,250,2.465312,8.99
2/14/2025,271,2.535937,8.996562
2/15/2025,273,2.544062,9.11552
2/16/2025,268,2.528229,9.3
2/17/2025,274,2.545208,9.302187
2/18/2025,271,2.536458,9.329791
2/19/2025,266,2.522291,9.39
2/20/2025,267,2.524479,9.4975
2/21/2025,273,2.544062,10.367812
2/22/2025,263,2.512395,10.43
2/23/2025,273,2.543645,10.43
2/24/2025,279,2.560833,10.43
2/25/2025,287,2.586041,10.43
2/26/2025,285,2.58052,10.43
2/27/2025,272,2.541562,10.43
2/28/2025,275,2.548854,10.43
3/1/2025,269,2.531666,1.235625
3/2/2025,273,2.543333,10.43
3/3/2025,280,2.56625,10.468125
3/4/2025,284,2.575937,10.749062
3/5/2025,273,2.546875,10.83
3/6/2025,274,2.556666,10.830729
3/7/2025,273,2.553437,10.935104
3/8/2025,270,2.543541,11.18
3/9/2025,268,2.539021,11.18
3/10/2025,273,2.551979,11.18
3/11/2025,272,2.550416,11.18
3/12/2025,275,2.558229,11.18
3/13/2025,273,2.552187,11.18
3/14/2025,252,2.486458,11.205
3/15/2025,226,2.403958,11.22
3/16/2025,219,2.378125,11.22
3/17/2025,222,2.387812,11.22
3/18/2025,215,2.361979,11.273854
3/19/2025,213,2.356875,11.878333
3/20/2025,201,2.314895,11.9
3/21/2025,211,2.348958,11.9
3/22/2025,223,2.39125,11.9
3/23/2025,221,2.383645,11.9
3/24/2025,220,2.38302,11.9
3/25/2025,225,2.399062,11.9
3/26/2025,228,2.40927,11.9
3/27/2025,237,2.439791,11.9
3/28/2025,260,2.51177,11.901354
3/29/2025,274,2.5575,12.22927
3/30/2025,273,2.554479,12.434479
3/31/2025,264,2.524687,12.45
4/1/2025,259,2.510104,12.45
4/2/2025,253,2.490104,12.479166
4/3/2025,238,2.442916,12.578541
4/4/2025,192,2.281875,12.958854
4/5/2025,184,2.250208,13.543437
4/6/2025,182,2.24125,13.56
4/7/2025,187,2.263541,13.56
4/8/2025,166,2.173854,13.56
4/9/2025,170,2.173645,13.56
4/10/2025,180,2.213125,13.56
4/11/2025,241,2.430937,13.56
4/12/2025,285,2.57,13.56
4/13/2025,294,2.595937,13.56
4/14/2025,300,2.6125,13.634895
4/15/2025,300,2.61302,13.65
4/16/2025,295,2.599166,13.65
4/17/2025,297,2.604583,13.65
4/18/2025,299,2.611979,14.158854
4/19/2025,280,2.555208,14.977708
4/20/2025,268,2.518541,14.98
4/21/2025,270,2.522812,14.98
4/22/2025,260,2.493333,14.98
4/23/2025,234,2.40875,14.98302
4/24/2025,242,2.434062,14.99
4/25/2025,299,2.606562,14.997916
4/26/2025,359,2.776041,15
4/27/2025,366,2.791354,15
4/28/2025,359,2.775312,15.004583
4/29/2025,332,2.702812,15.01
4/30/2025,328,2.691145,15.019375
5/1/2025,322,2.674583,15.306041
5/2/2025,318,2.663229,15.49
5/3/2025,324,2.681979,15.49
5/4/2025,329,2.694687,15.496875
5/5/2025,331,2.69875,15.537083
5/6/2025,302,2.616145,16.274895
5/7/2025,309,2.63875,17.249895
5/8/2025,298,2.617812,17.3
5/9/2025,308,2.655937,17.3
5/10/2025,310,2.6625,17.3
5/11/2025,326,2.705312,17.3
5/12/2025,339,2.74177,17.3
5/13/2025,351,2.771458,17.3
5/14/2025,333,2.725,17.3
5/15/2025,367,2.814895,17.3
5/16/2025,361,2.798645,17.3
5/17/2025,387,2.863645,17.304166
5/18/2025,416,2.935208,17.31
5/19/2025,409,2.9175,17.314062
5/20/2025,426,2.958125,17.32
5/21/2025,461,3.037187,17.32
5/22/2025,526,3.164166,17.32
5/23/2025,539,3.1625,17.32
5/24/2025,561,3.20677,17.441041
5/25/2025,552,3.187083,18.176875
5/26/2025,458,2.99052,18.715208
5/27/2025,411,2.881875,18.818645
5/28/2025,408,2.877083,18.939479
5/29/2025,412,2.885208,19.093229
5/30/2025,423,2.91125,19.142708
5/31/2025,433,2.933854,19.15
6/1/2025,448,2.96875,19.155833
6/2/2025,459,2.99427,19.173854
6/3/2025,544,3.168958,20.17
6/4/2025,565,3.214583,20.39302
6/5/2025,561,3.207083,20.46177
6/6/2025,561,3.206041,20.664479
6/7/2025,470,3.018333,20.74802
6/8/2025,410,2.88052,20.81
6/9/2025,420,2.904166,20.81
6/10/2025,418,2.900729,20.81
6/11/2025,471,3.019791,20.81
6/12/2025,517,3.1175,20.833854
6/13/2025,610,3.300104,20.933958
6/14/2025,592,3.266458,21.03
6/15/2025,553,3.190104,21.03
6/16/2025,503,3.089166,21.03
6/17/2025,477,3.033333,21.059895
6/18/2025,469,3.015625,21.11
6/19/2025,448,2.967812,21.11125
6/20/2025,410,2.880416,21.12
6/21/2025,469,3.015937,21.12
6/22/2025,511,3.105312,21.12
6/23/2025,495,3.071666,21.12
6/24/2025,507,3.095937,21.129166
6/25/2025,550,3.185833,21.186979
6/26/2025,529,3.141979,21.271562
6/27/2025,538,3.160208,21.81
6/28/2025,540,3.164375,21.813958
6/29/2025,537,3.157812,21.82
6/30/2025,566,3.212708,21.82
7/1/2025,582,3.238333,21.82
7/2/2025,629,3.326979,21.82125
7/3/2025,617,3.304062,21.892812
7/4/2025,623,3.315833,22.289687
7/5/2025,615,3.300833,22.348125
7/6/2025,610,3.29177,22.393437
7/7/2025,599,3.269583,22.419062
7/8/2025,597,3.266875,22.441145
7/9/2025,646,3.356979,22.45
7/10/2025,732,3.507812,22.480625
7/11/2025,734,3.512187,22.526354
7/12/2025,641,3.347291,22.675416
7/13/2025,528,3.127708,22.708229
7/14/2025,623,3.315208,22.921562
7/15/2025,632,3.331979,22.975
7/16/2025,592,3.257187,23.149375
7/17/2025,545,3.165833,23.342916
7/18/2025,535,3.144895,23.375937
7/19/2025,535,3.143854,23.3925
7/20/2025,536,3.146979,23.417812
7/21/2025,538,3.149791,23.44
7/22/2025,553,3.180312,23.533229
7/23/2025,643,3.3525,24.002395
7/24/2025,616,3.303333,24.02
7/25/2025,618,3.306562,24.068854
7/26/2025,602,3.27677,24.2
7/27/2025,587,3.247395,24.2
7/28/2025,585,3.243125,24.2
7/29/2025,629,3.326562,24.211145
7/30/2025,640,3.346145,24.242187
7/31/2025,655,3.373854,24.337812
8/1/2025,646,3.358125,24.48
8/2/2025,635,3.338541,24.654791
8/3/2025,630,3.327916,24.969479
8/4/2025,620,3.309583,24.97
8/5/2025,631,3.329375,24.97
8/6/2025,702,3.45625,24.97
8/7/2025,699,3.45177,24.97
8/8/2025,707,3.464895,24.97
8/9/2025,732,3.507604,24.97
8/10/2025,734,3.512187,24.997291
8/11/2025,718,3.483125,25.02
8/12/2025,691,3.435208,25.02
8/13/2025,617,3.294791,25.02
8/14/2025,619,3.2875,25.022604
8/15/2025,618,3.285729,25.03
8/16/2025,635,3.31677,25.06052
8/17/2025,679,3.395833,25.19
8/18/2025,677,3.392812,25.246458
8/19/2025,669,3.378958,25.344479
8/20/2025,668,3.3775,25.35
8/21/2025,713,3.455104,25.35
8/22/2025,707,3.444895,25.387604
8/23/2025,685,3.406666,25.68125
8/24/2025,662,3.364791,26.045
8/25/2025,639,3.325104,26.345937
8/26/2025,601,3.25177,26.978229
8/27/2025,481,3.012812,27.200208
8/28/2025,434,2.907291,27.24625
8/29/2025,430,2.897604,27.306562
8/30/2025,551,3.155312,27.565625
8/31/2025,581,3.215104,27.65
9/1/2025,568,3.19052,27.65
9/2/2025,581,3.215729,27.65
9/3/2025,647,3.340104,27.65
9/4/2025,682,3.401354,27.652395
9/5/2025,681,3.408541,27.687812
9/6/2025,673,3.404791,27.71
9/7/2025,669,3.398645,27.732187
9/8/2025,664,3.390208,27.752083
9/9/2025,653,3.368854,27.76
9/10/2025,616,3.302291,27.76
9/11/2025,612,3.294583,27.763437
9/12/2025,614,3.298854,27.931875
9/13/2025,596,3.264479,28.250208
9/14/2025,583,3.239687,28.31427
9/15/2025,546,3.168854,28.32375
9/16/2025,534,3.142291,28.402291
9/17/2025,502,3.07625,28.7725
9/18/2025,432,2.922708,28.9
9/19/2025,431,2.919375,28.9
9/20/2025,445,2.951354,28.911666
9/21/2025,446,2.953854,28.942083
9/22/2025,450,2.964166,29.081666
9/23/2025,487,3.045,29.987812
9/24/2025,486,3.04177,30.339479
9/25/2025,417,2.887083,30.34
9/26/2025,399,2.844375,30.34
9/27/2025,394,2.832395,30.34
9/28/2025,391,2.825729,30.34
9/29/2025,395,2.833854,30.441354
9/30/2025,394,2.831875,30.62
10/1/2025,390,2.821562,30.62
10/2/2025,386,2.812083,30.62
10/3/2025,379,2.809791,14.034166
10/4/2025,371,2.804583,0.002812
10/5/2025,373,2.811041,0.01802
10/6/2025,384,2.836562,0.094166
10/7/2025,388,2.848333,0.11
10/8/2025,380,2.827708,0.11
10/9/2025,375,2.814583,0.11
10/10/2025,355,2.762291,0.112395
10/11/2025,359,2.77375,0.12
10/12/2025,361,2.78,0.121562
10/13/2025,353,2.757812,0.140104
10/14/2025,355,2.764687,0.15
10/15/2025,355,2.763854,0.159062
10/16/2025,355,2.763958,0.23
10/17/2025,352,2.755,0.23
10/18/2025,352,2.75552,0.23
10/19/2025,350,2.751145,0.23
10/20/2025,349,2.747708,0.23
10/21/2025,348,2.744062,0.23
10/22/2025,347,2.742083,0.23
10/23/2025,353,2.757291,0.23
10/24/2025,353,2.758333,0.23
10/25/2025,355,2.762395,0.23
10/26/2025,353,2.758125,0.23
10/27/2025,356,2.766041,0.263229
10/28/2025,353,2.758229,0.39
10/29/2025,339,2.720104,0.39
10/30/2025,352,2.756041,0.39
10/31/2025,341,2.727395,0.39
11/1/2025,299,2.609895,0.39
11/2/2025,302,2.618437,0.39
11/3/2025,291,2.596875,0.39
11/4/2025,253,2.489791,0.39
11/5/2025,248,2.475729,0.39
11/6/2025,246,2.470833,0.39
11/7/2025,266,2.530312,0.39
11/8/2025,322,2.694479,0.39
11/9/2025,316,2.67802,0.39
11/10/2025,321,2.6925,0.39
11/11/2025,309,2.659062,0.39
11/12/2025,300,2.633437,0.39
11/13/2025,300,2.633125,0.39
11/14/2025,297,2.624583,0.39
11/15/2025,296,2.623333,0.39
11/16/2025,300,2.632395,0.403229
11/17/2025,303,2.642395,0.52
11/18/2025,297,2.625833,0.52
11/19/2025,298,2.626979,0.52
11/20/2025,298,2.626458,0.52
11/21/2025,300,2.632916,0.53
11/22/2025,274,2.555937,0.53
11/23/2025,269,2.542187,0.53
11/24/2025,274,2.556666,0.53
11/25/2025,271,2.54802,0.53
11/26/2025,282,2.581354,0.53
11/27/2025,290,2.605104,0.53
11/28/2025,297,2.623645,0.53
11/29/2025,298,2.628125,0.727187
11/30/2025,278,2.56802,0.783541
12/1/2025,275,2.559375,0.8
12/2/2025,238,2.442083,0.805104
12/3/2025,254,2.495416,1.616041
12/4/2025,241,2.452291,2.07
12/5/2025,251,2.483541,2.07
12/6/2025,298,2.628854,2.07
12/7/2025,290,2.604062,2.07
12/8/2025,297,2.62375,2.07
12/9/2025,301,2.637187,2.07
12/10/2025,269,2.540729,2.07
12/11/2025,270,2.545104,2.07
12/12/2025,251,2.484791,2.07
12/13/2025,246,2.470625,2.07
12/14/2025,243,2.459687,2.07
12/15/2025,241,2.452708,2.07
12/16/2025,241,2.453541,2.07
12/17/2025,241,2.454687,2.078645
12/18/2025,243,2.461458,2.21
12/19/2025,240,2.450104,2.21
12/20/2025,227,2.407083,2.21
12/21/2025,223,2.394791,2.21
12/22/2025,224,2.396354,2.21
12/23/2025,221,2.385625,2.21
12/24/2025,219,2.38,2.21
12/25/2025,203,2.321354,2.21
12/26/2025,198,2.30302,2.21
12/27/2025,169,2.1925,2.21
12/28/2025,166,2.179375,2.483541
12/29/2025,141,2.07927,2.56
12/30/2025,166,2.177812,2.56
12/31/2025,177,2.22375,2.56
1/1/2026,212,2.35302,2.56
1/2/2026,208,2.337083,2.56
1/3/2026,188,2.263333,2.56
1/4/2026,186,2.256979,2.56
1/5/2026,183,2.245416,2.56
1/6/2026,170,2.194895,2.56
1/7/2026,169,2.183541,2.56
1/8/2026,181,2.209479,2.655416
1/9/2026,177,2.193437,3.484791
1/10/2026,151,2.090312,3.72
1/11/2026,174,2.175937,3.72
1/12/2026,193,2.251354,3.72
1/13/2026,230,2.386354,3.72
1/14/2026,212,2.324062,3.72
1/15/2026,204,2.293958,3.72
1/16/2026,209,2.312083,3.72
1/17/2026,216,2.336979,3.72
1/18/2026,212,2.322708,3.72
1/19/2026,219,2.3475,3.876354
1/20/2026,211,2.317812,3.91
1/21/2026,205,2.2975,3.91
1/22/2026,208,2.309062,3.91
1/23/2026,204,2.294791,3.912187
1/24/2026,227,2.375937,4.034791
1/25/2026,226,2.370312,4.167395
1/26/2026,224,2.360729,4.36
1/27/2026,237,2.407083,4.36
1/28/2026,336,2.701458,4.36
1/29/2026,396,2.848229,4.36
1/30/2026,277,2.535312,4.36
1/31/2026,245,2.435833,4.36
2/1/2026,256,2.469687,4.36
2/2/2026,255,2.46802,4.36
2/3/2026,249,2.447291,4.38125
2/4/2026,244,2.434479,4.466979
2/5/2026,237,2.409583,4.47
2/6/2026,242,2.426354,4.47
2/7/2026,244,2.433333,4.47
2/8/2026,243,2.430729,4.47
2/9/2026,245,2.436562,4.47
2/10/2026,243,2.429479,4.47
2/11/2026,242,2.425,4.47
2/12/2026,245,2.436041,4.47
2/13/2026,245,2.435208,4.478229
2/14/2026,251,2.45375,4.54
2/15/2026,243,2.428958,4.54
2/16/2026,245,2.435833,4.54
2/17/2026,245,2.436875,4.552395
2/18/2026,241,2.4225,4.56
2/19/2026,227,2.37677,4.56
2/20/2026,222,2.356458,4.587812
2/21/2026,226,2.372291,4.64
2/22/2026,225,2.367604,4.64
2/23/2026,228,2.379062,4.64
2/24/2026,222,2.37625,4.64
2/25/2026,222,2.390416,4.64
2/26/2026,221,2.383541,4.661354
2/27/2026,216,2.365833,4.67
2/28/2026,218,2.3725,4.67
3/1/2026,219,2.3775,4.67
3/2/2026,218,2.373229,4.67
3/3/2026,221,2.384479,4.77375
3/4/2026,230,2.415416,5.069791
3/5/2026,266,2.533645,5.07
3/6/2026,273,2.551875,5.530208
3/7/2026,230,2.416145,6.07
3/8/2026,232,2.424021,6.07
3/9/2026,235,2.43302,6.07
3/10/2026,216,2.36625,6.07
3/11/2026,199,2.307708,6.112395
3/12/2026,193,2.283229,6.12
3/13/2026,192,2.281458,6.12
3/14/2026,194,2.28927,6.12
3/15/2026,202,2.318437,6.735416
3/16/2026,189,2.267812,7.16
3/17/2026,199,2.305416,7.16
3/18/2026,195,2.29427,7.16
3/19/2026,201,2.314583,7.16
3/20/2026,233,2.425416,7.16
3/21/2026,238,2.442083,7.16
3/22/2026,241,2.453333,7.16
3/23/2026,243,2.459166,7.16
3/24/2026,238,2.44375,7.16
3/25/2026,199,2.30802,7.16
3/26/2026,207,2.335937,7.16
3/27/2026,205,2.328541,7.16
3/28/2026,191,2.278125,7.16
3/29/2026,182,2.243958,7.16
3/30/2026,181,2.237708,7.16
3/31/2026,181,2.237604,7.162708
4/1/2026,180,2.234166,7.203958
4/2/2026,180,2.232395,7.31
4/3/2026,224,2.395208,7.31
4/4/2026,220,2.382604,7.31
4/5/2026,215,2.363854,7.31
4/6/2026,216,2.365937,7.31
4/7/2026,217,2.371666,7.312708
4/8/2026,217,2.371458,7.321666
4/9/2026,227,2.401354,7.33302
4/10/2026,276,2.564375,7.348333
4/11/2026,274,2.557083,7.37
4/12/2026,275,2.559791,7.37
4/13/2026,267,2.533854,7.37
4/14/2026,228,2.411562,7.400937
4/15/2026,232,2.424479,7.45
4/16/2026,230,2.415625,7.45
4/17/2026,240,2.449375,7.64302
4/18/2026,249,2.478437,7.91
4/19/2026,244,2.462291,7.91
4/20/2026,203,2.321979,7.91
4/21/2026,199,2.30625,7.91
4/22/2026,197,2.3,7.91
4/23/2026,198,2.305208,7.91
4/24/2026,239,2.448229,7.91
4/25/2026,264,2.524479,7.91
4/26/2026,270,2.545208,8.077812
4/27/2026,276,2.564895,8.337187
4/28/2026,275,2.560833,8.429166
4/29/2026,276,2.561979,8.444791
4/30/2026,288,2.597916,8.668125
5/1/2026,261,2.516666,8.787291
5/2/2026,215,2.365208,8.79
5/3/2026,213,2.356875,8.79
5/4/2026,213,2.357708,8.818333
5/5/2026,222,2.38802,9.198541
5/6/2026,269,2.540833,10.384895
5/7/2026,261,2.515625,10.6
5/8/2026,269,2.542291,10.6
5/9/2026,277,2.56552,10.60177
5/10/2026,272,2.549166,10.62
5/11/2026,263,2.52375,10.62
5/12/2026,272,2.548854,10.62
5/13/2026,382,2.852395,10.62
5/14/2026,399,2.892916,10.62
5/15/2026,484,3.086562,10.62
5/16/2026,548,3.220833,10.62
5/17/2026,530,3.183229,10.670104
5/18/2026,441,2.991145,10.960937
5/19/2026,328,2.71125,11.392083
5/20/2026,285,2.589479,11.909062
5/21/2026,265,2.527916,12.43
5/22/2026,254,2.49427,12.447395
5/23/2026,258,2.506875,12.54
5/24/2026,320,2.690416,12.54427
5/25/2026,346,2.758958,12.58927
5/26/2026,348,2.766145,12.655416
5/27/2026,369,2.817916,12.734791
5/28/2026,442,2.995,12.831041
5/29/2026,461,3.038854,12.929895
5/30/2026,445,3.002187,12.93
5/31/2026,428,2.963854,12.93
6/1/2026,432,2.971875,12.937604
6/2/2026,487,3.094791,12.971354
6/3/2026,490,3.10125,12.98677
6/4/2026,472,3.062083,13
6/5/2026,479,3.076458,13
6/6/2026,516,3.155312,13
6/7/2026,513,3.149375,13
6/8/2026,512,3.146875,13.00375
6/9/2026,499,3.119062,13.011562
6/10/2026,399,2.893958,13.02
6/11/2026,407,2.912187,13.02
6/12/2026,489,3.097812,13.02
6/13/2026,515,3.154375,13.030104
6/14/2026,525,3.173437,13.105729
6/15/2026,574,3.272187,13.28
6/16/2026,543,3.208854,13.28
6/17/2026,453,3.019791,13.28125
6/18/2026,463,3.040416,13.29
6/19/2026,547,3.220208,13.29
6/20/2026,549,3.22375,13.29
6/21/2026,535,3.194583,13.29
6/22/2026,481,3.081666,13.301354
6/23/2026,382,2.851875,13.320937
6/24/2026,370,2.821458,13.334375
6/25/2026,380,2.84802,13.421979
6/26/2026,387,2.865833,13.43
6/27/2026,378,2.843333,13.43
6/28/2026,373,2.831041,13.43
6/29/2026,374,2.832812,13.43
6/30/2026,457,3.029479,13.43125
7/1/2026,466,3.048958,13.44
7/2/2026,466,3.048958,13.44
7/3/2026,460,3.035937,13.44
7/4/2026,459,3.03302,13.455208
7/5/2026,458,3.031458,13.49
7/6/2026,455,3.026145,13.49125
7/7/2026,454,3.021354,13.552395
7/8/2026,459,3.033437,13.831145
7/9/2026,503,3.129062,14.1
7/10/2026,510,3.144062,14.10125
7/11/2026,536,3.195312,14.11
7/12/2026,532,3.18802,14.11
7/13/2026,532,3.187083,14.11
7/14/2026,514,3.150208,14.11125
7/15/2026,440,2.990416,14.12
7/16/2026,446,3.004687,14.12
7/17/2026,476,3.07,14.12
7/18/2026,620,3.359479,14.121145
7/19/2026,611,3.343541,14.13
7/20/2026,594,3.310729,14.13
7/21/2026,549,3.222812,14.13
7/22/2026,565,3.255104,14.335312
7/23/2026,575,3.273437,15.011458
7/24/2026,558,3.239895,16.001979
7/25/2026,555,3.234479,16.15
7/26/2026,543,3.211145,16.151354
7/27/2026,503,3.128958,16.162395
7/28/2026,524,3.171458,16.175833
7/29/2026,480,3.079166,16.223437
7/30/2026,493,3.107083,16.291354
7/31/2026,477,3.072604,16.319166
8/1/2026,467,3.050937,16.37
8/2/2026,459,3.03302,16.37
8/3/2026,468,3.053333,16.37
8/4/2026,469,3.055312,16.428541
8/5/2026,474,3.06625,16.52
8/6/2026,510,3.144583,16.52
8/7/2026,521,3.16552,16.52
8/8/2026,577,3.27875,16.52
8/9/2026,582,3.287291,16.521458
8/10/2026,562,3.247083,16.532395
8/11/2026,461,3.031979,16.55
8/12/2026,375,2.834375,16.585416
8/13/2026,395,2.88302,17.190937
8/14/2026,427,2.95927,18.26427
8/15/2026,425,2.956875,18.890937
8/16/2026,399,2.894166,19.09
8/17/2026,389,2.869479,19.09
8/18/2026,383,2.854791,19.091875
8/19/2026,384,2.857187,19.51552
