STATION,DATE,PRCP,SNOW,TMAX,TMIN
USC00058022,4/1/2022,0,0,60,26
USC00058022,4/2/2022,0,0,58,24
USC00058022,4/3/2022,0,0,64,24
USC00058022,4/4/2022,0,0,54,30
USC00058022,4/5/2022,0,0,67,36
USC00058022,4/6/2022,0,0,62,19
USC00058022,4/7/2022,0,0,45,16
USC00058022,4/8/2022,0,0,50,16
USC00058022,4/9/2022,0,0,65,27
USC00058022,4/10/2022,0.05,0,74,36
USC00058022,4/11/2022,0,0,57,26
USC00058022,4/12/2022,0,0,67,26
USC00058022,4/13/2022,0,0,58,16
USC00058022,4/14/2022,0,0,39,16
USC00058022,4/15/2022,0,0,57,29
USC00058022,4/16/2022,0,0,68,24
USC00058022,4/17/2022,0,0,55,24
USC00058022,4/18/2022,0,0,67,24
USC00058022,4/19/2022,0,0,59,24
USC00058022,4/20/2022,0,0,79,34
USC00058022,4/21/2022,0,0,70,33
USC00058022,4/22/2022,0,0,81,38
USC00058022,4/23/2022,0,0,83,40
USC00058022,4/24/2022,0,0,60,25
USC00058022,4/25/2022,0.1,0,50,25
USC00058022,4/26/2022,0,0,52,28
USC00058022,4/27/2022,0,0,73,30
USC00058022,4/28/2022,0,0,71,39
USC00058022,4/29/2022,0,0,72,31
USC00058022,4/30/2022,0,0,64,26
USC00058022,5/1/2022,0,0,64,27
USC00058022,5/2/2022,0.24,0,61,28
USC00058022,5/3/2022,0.04,0,39,28
USC00058022,5/4/2022,0.11,0,57,33
USC00058022,5/5/2022,0.16,0,46,32
USC00058022,5/6/2022,0,0,68,35
USC00058022,5/7/2022,0,0,81,39
USC00058022,5/8/2022,0,0,86,38
USC00058022,5/9/2022,0,0,76,36
USC00058022,5/10/2022,0,0,71,32
USC00058022,5/11/2022,0,0,68,33
USC00058022,5/12/2022,0,0,85,38
USC00058022,5/13/2022,0,0,71,34
USC00058022,5/14/2022,0,0,75,34
USC00058022,5/15/2022,0,0,79,37
USC00058022,5/16/2022,0,0,77,40
USC00058022,5/17/2022,0,0,84,46
USC00058022,5/18/2022,0,0,84,44
USC00058022,5/19/2022,0,0,79,41
USC00058022,5/20/2022,0.03,0.3,87,35
USC00058022,5/21/2022,1.07,8,39,29
USC00058022,5/22/2022,0.04,1,42,29
USC00058022,5/23/2022,0,0,56,32
USC00058022,5/24/2022,0.15,0,57,38
USC00058022,5/25/2022,0.04,0,54,32
USC00058022,5/26/2022,0,0,66,34
USC00058022,5/27/2022,0,0,80,42
USC00058022,5/28/2022,0,0,87,47
USC00058022,5/29/2022,0,0,84,39
USC00058022,5/30/2022,0.04,0,78,36
USC00058022,5/31/2022,0,0,78,35
USC00058022,6/1/2022,0.63,0,59,34
USC00058022,6/2/2022,0.03,0,55,37
USC00058022,6/3/2022,0,0,69,43
USC00058022,6/4/2022,0.04,0,70,44
USC00058022,6/5/2022,0,0,81,48
USC00058022,6/6/2022,0,0,80,47
USC00058022,6/7/2022,0.11,0,74,44
USC00058022,6/8/2022,0,0,77,49
USC00058022,6/9/2022,0,0,78,50
USC00058022,6/10/2022,0,0,85,50
USC00058022,6/11/2022,0,0,88,54
USC00058022,6/12/2022,0,0,92,53
USC00058022,6/13/2022,0,0,91,51
USC00058022,6/14/2022,0,0,93,46
USC00058022,6/15/2022,0,0,85,41
USC00058022,6/16/2022,0,0,85,43
USC00058022,6/17/2022,0,0,88,52
USC00058022,6/18/2022,0,0,92,59
USC00058022,6/19/2022,0,0,92,59
USC00058022,6/20/2022,0,0,83,53
USC00058022,6/21/2022,0,0,86,44
USC00058022,6/22/2022,0,0,76,43
USC00058022,6/23/2022,0,0,80,52
USC00058022,6/24/2022,0,0,88,53
USC00058022,6/25/2022,0.02,0,85,50
USC00058022,6/26/2022,0.04,0,63,52
USC00058022,6/27/2022,0,0,65,48
USC00058022,6/28/2022,0,0,83,53
USC00058022,6/29/2022,0,0,89,56
USC00058022,6/30/2022,0.02,0,88,56
USC00058022,7/1/2022,0.3,0,76,49
USC00058022,7/2/2022,0,0,80,49
USC00058022,7/3/2022,0.63,0,84,54
USC00058022,7/4/2022,0.03,0,86,56
USC00058022,7/5/2022,0.04,0,88,55
USC00058022,7/6/2022,0.12,0,87,57
USC00058022,7/7/2022,0.16,0,80,54
USC00058022,7/8/2022,0.02,0,85,52
USC00058022,7/9/2022,0,0,90,60
USC00058022,7/10/2022,0,0,96,59
USC00058022,7/11/2022,0,0,93,60
USC00058022,7/12/2022,0,0,74,51
USC00058022,7/13/2022,0,0,87,51
USC00058022,7/14/2022,0.18,0,92,54
USC00058022,7/15/2022,0,0,89,57
USC00058022,7/16/2022,0.06,0,91,58
USC00058022,7/17/2022,0,0,88,57
USC00058022,7/18/2022,0,0,94,60
USC00058022,7/19/2022,0,0,94,66
USC00058022,7/20/2022,0.06,0,92,61
USC00058022,7/21/2022,0.05,0,85,58
USC00058022,7/22/2022,0,0,90,54
USC00058022,7/23/2022,0,0,91,60
USC00058022,7/24/2022,0.04,0,92,59
USC00058022,7/25/2022,0.18,0,78,54
USC00058022,7/26/2022,0,0,84,58
USC00058022,7/27/2022,0.27,0,83,58
USC00058022,7/28/2022,0.14,0,84,57
USC00058022,7/29/2022,0,0,75,53
USC00058022,7/30/2022,0,0,80,56
USC00058022,7/31/2022,0,0,88,56
USC00058022,8/1/2022,0,0,88,59
USC00058022,8/2/2022,0,0,89,61
USC00058022,8/3/2022,0,0,90,58
USC00058022,8/4/2022,0.04,0,85,56
USC00058022,8/5/2022,0,0,93,61
USC00058022,8/6/2022,0,0,94,56
USC00058022,8/7/2022,0.12,0,90,56
USC00058022,8/8/2022,0.11,0,83,58
USC00058022,8/9/2022,0,0,86,58
USC00058022,8/10/2022,0,0,91,61
USC00058022,8/11/2022,0,0,90,63
USC00058022,8/12/2022,0,0,93,56
USC00058022,8/13/2022,0,0,90,57
USC00058022,8/14/2022,0.04,0,91,57
USC00058022,8/15/2022,0.04,0,90,56
USC00058022,8/16/2022,0.86,0,83,57
USC00058022,8/17/2022,0.43,0,66,53
USC00058022,8/18/2022,0,0,79,52
USC00058022,8/19/2022,0,0,83,53
USC00058022,8/20/2022,0,0,77,53
USC00058022,8/21/2022,0.02,0,79,55
USC00058022,8/22/2022,0.16,0,79,54
USC00058022,8/23/2022,0.13,0,79,54
USC00058022,8/24/2022,0,0,82,55
USC00058022,8/25/2022,0,0,83,53
USC00058022,8/26/2022,0,0,83,56
USC00058022,8/27/2022,0,0,80,55
USC00058022,8/28/2022,0,0,84,50
USC00058022,8/29/2022,0.09,0,82,48
USC00058022,8/30/2022,0,0,83,51
USC00058022,8/31/2022,0,0,87,59
USC00058022,9/1/2022,0,0,87,55
USC00058022,9/2/2022,0,0,87,54
USC00058022,9/3/2022,0,0,88,56
USC00058022,9/4/2022,0,0,87,57
USC00058022,9/5/2022,0,0,90,58
USC00058022,9/6/2022,0,0,91,59
USC00058022,9/7/2022,0,0,93,58
USC00058022,9/8/2022,0,0,94,58
USC00058022,9/9/2022,0,0,94,48
USC00058022,9/10/2022,0.08,0,63,48
USC00058022,9/11/2022,0.04,0,62,39
USC00058022,9/12/2022,0,0,75,43
USC00058022,9/13/2022,0,0,84,46
USC00058022,9/14/2022,0,0,86,46
USC00058022,9/15/2022,0.14,0,78,46
USC00058022,9/16/2022,0,0,74,45
USC00058022,9/17/2022,0,0,80,46
USC00058022,9/18/2022,0,0,84,40
USC00058022,9/19/2022,0,0,81,40
USC00058022,9/20/2022,0,0,88,51
USC00058022,9/21/2022,0,0,89,51
USC00058022,9/22/2022,0.2,0,61,47
USC00058022,9/23/2022,0.01,0,62,41
USC00058022,9/24/2022,0,0,81,41
USC00058022,9/25/2022,0,0,79,38
USC00058022,9/26/2022,0,0,71,42
USC00058022,9/27/2022,0,0,78,45
USC00058022,9/28/2022,0,0,71,49
USC00058022,9/29/2022,0,0,80,51
USC00058022,9/30/2022,0.11,0,81,48
USC00058022,10/1/2022,0.37,0,79,46
USC00058022,10/2/2022,0.02,0,72,44
USC00058022,10/3/2022,0,0,74,41
USC00058022,10/4/2022,0.02,0,72,41
USC00058022,10/5/2022,0.12,0,67,42
USC00058022,10/6/2022,0,0,65,39
USC00058022,10/7/2022,0,0,71,42
USC00058022,10/8/2022,0,0,45,34
USC00058022,10/9/2022,0,0,62,38
USC00058022,10/10/2022,0,0,69,37
USC00058022,10/11/2022,0,0,72,33
USC00058022,10/12/2022,0,0,77,32
USC00058022,10/13/2022,0,0,72,30
USC00058022,10/14/2022,0,0,61,30
USC00058022,10/15/2022,0,0,75,28
USC00058022,10/16/2022,0,0,61,28
USC00058022,10/17/2022,0,0,54,27
USC00058022,10/18/2022,0,0,60,28
USC00058022,10/19/2022,0,0,64,33
USC00058022,10/20/2022,0,0,71,35
USC00058022,10/21/2022,0,0,77,33
USC00058022,10/22/2022,0,0,76,35
USC00058022,10/23/2022,0,0,75,38
USC00058022,10/24/2022,0,0,62,24
USC00058022,10/25/2022,0,0,49,24
USC00058022,10/26/2022,0,0,63,27
USC00058022,10/27/2022,0,0,56,30
USC00058022,10/28/2022,0.48,2,36,26
USC00058022,10/29/2022,0,0,50,26
USC00058022,10/30/2022,0,0,57,28
USC00058022,10/31/2022,0,0,57,30
USC00058022,11/1/2022,0,0,65,31
USC00058022,11/2/2022,0,0,71,33
USC00058022,11/3/2022,0,0,71,31
USC00058022,11/4/2022,0.33,3,42,25
USC00058022,11/5/2022,0,0,40,23
USC00058022,11/6/2022,0,0,59,26
USC00058022,11/7/2022,0,0,47,26
USC00058022,11/8/2022,0,0,58,26
USC00058022,11/9/2022,0,0,70,27
USC00058022,11/10/2022,0,0,70,22
USC00058022,11/11/2022,0,0,46,19
USC00058022,11/12/2022,0,0,35,18
USC00058022,11/13/2022,0,0,48,17
USC00058022,11/14/2022,0,0,51,11
USC00058022,11/15/2022,0.01,0,34,11
USC00058022,11/16/2022,0,0,33,13
USC00058022,11/17/2022,0,0,39,14
USC00058022,11/18/2022,0.06,2,22,9
USC00058022,11/19/2022,0,0,21,7
USC00058022,11/20/2022,0,0,41,9
USC00058022,11/21/2022,0,0,49,16
USC00058022,11/22/2022,0,0,51,20
USC00058022,11/23/2022,0,0,51,21
USC00058022,11/24/2022,0,0,48,21
USC00058022,11/25/2022,0,0,38,19
USC00058022,11/26/2022,0,0,46,20
USC00058022,11/27/2022,0,0,55,24
USC00058022,11/28/2022,0,0,49,24
USC00058022,11/29/2022,0.16,4,57,16
USC00058022,11/30/2022,0.01,0,21,3
USC00058022,12/1/2022,0,0,32,3
USC00058022,12/2/2022,0,0,60,15
USC00058022,12/3/2022,0,0,56,15
USC00058022,12/4/2022,0,0,54,25
USC00058022,12/5/2022,0,0,61,25
USC00058022,12/6/2022,0,0,59,20
USC00058022,12/7/2022,0,0,50,17
USC00058022,12/8/2022,0,0,53,17
USC00058022,12/9/2022,0,0,45,20
USC00058022,12/10/2022,0,0,51,13
USC00058022,12/11/2022,0,0,52,12
USC00058022,12/12/2022,0,0,58,22
USC00058022,12/13/2022,0,0,53,19
USC00058022,12/14/2022,0,0,25,9
USC00058022,12/15/2022,0,0,39,7
USC00058022,12/16/2022,0,0,29,0
USC00058022,12/17/2022,0,0,31,3
USC00058022,12/18/2022,0,0,36,8
USC00058022,12/19/2022,0,0,43,7
USC00058022,12/20/2022,0,0,47,8
USC00058022,12/21/2022,0,0,49,11
USC00058022,12/22/2022,0.19,4,49,-11
USC00058022,12/23/2022,0,0,-3,-14
USC00058022,12/24/2022,0,0,25,-10
USC00058022,12/25/2022,0,0,40,12
USC00058022,12/26/2022,0,0,46,16
USC00058022,12/27/2022,0,0,45,16
USC00058022,12/28/2022,0,0,62,28
USC00058022,12/29/2022,1.2,10,53,25
USC00058022,12/30/2022,0,0,31,8
USC00058022,12/31/2022,0,0,33,9
USC00058022,1/1/2023,0,0,54,18
USC00058022,1/2/2023,0.1,1,54,18
USC00058022,1/3/2023,0.08,0.5,27,14
USC00058022,1/4/2023,0,0,30,8
USC00058022,1/5/2023,0,0,37,8
USC00058022,1/6/2023,0,0,45,17
USC00058022,1/7/2023,0,0,43,17
USC00058022,1/8/2023,0,0,46,18
USC00058022,1/9/2023,0,0,52,20
USC00058022,1/10/2023,0,0,53,24
USC00058022,1/11/2023,0,0,60,23
USC00058022,1/12/2023,0.09,1,35,15
USC00058022,1/13/2023,0,0,40,15
USC00058022,1/14/2023,0,0,52,27
USC00058022,1/15/2023,0,0,61,25
USC00058022,1/16/2023,0.11,0.5,45,17
USC00058022,1/17/2023,0,0,41,16
USC00058022,1/18/2023,0.32,4,41,16
USC00058022,1/19/2023,0.24,2,25,2
USC00058022,1/20/2023,0,0,39,2
USC00058022,1/21/2023,0,0,27,7
USC00058022,1/22/2023,0.04,1,29,11
USC00058022,1/23/2023,0.01,0,37,12
USC00058022,1/24/2023,0,0,37,8
USC00058022,1/25/2023,0,0,32,8
USC00058022,1/26/2023,0,0,30,7
USC00058022,1/27/2023,0,0,38,5
USC00058022,1/28/2023,0,0,49,15
USC00058022,1/29/2023,0.01,0.2,33,7
USC00058022,1/30/2023,0.01,0.5,8,-6
USC00058022,1/31/2023,0.02,0.5,7,-7
USC00058022,2/1/2023,0,0,33,4
USC00058022,2/2/2023,0,0,45,6
USC00058022,2/3/2023,0,0,49,15
USC00058022,2/4/2023,0,0,56,21
USC00058022,2/5/2023,0,0,56,20
USC00058022,2/6/2023,0,0,62,20
USC00058022,2/7/2023,0,0,44,17
USC00058022,2/8/2023,0,0,45,17
USC00058022,2/9/2023,0,0,49,18
USC00058022,2/10/2023,0,0,31,9
USC00058022,2/11/2023,0,0,51,8
USC00058022,2/12/2023,0,0,62,23
USC00058022,2/13/2023,0,0,54,24
USC00058022,2/14/2023,0,0,60,21
USC00058022,2/15/2023,0.34,12,50,13
USC00058022,2/16/2023,0.17,2,14,-4
USC00058022,2/17/2023,0,0,28,0
USC00058022,2/18/2023,0,0,52,12
USC00058022,2/19/2023,0,0,51,13
USC00058022,2/20/2023,0,0,49,15
USC00058022,2/21/2023,0,0,58,26
USC00058022,2/22/2023,0.05,0.5,59,11
USC00058022,2/23/2023,0.11,2,12,-8
USC00058022,2/24/2023,0,0,15,-6
USC00058022,2/25/2023,0,0,46,-6
USC00058022,2/26/2023,0,0,62,29
USC00058022,2/27/2023,0,0,58,25
USC00058022,2/28/2023,0,0,53,18
USC00058022,3/1/2023,0,0,47,18
USC00058022,3/2/2023,0,0,34,17
USC00058022,3/3/2023,0,0,46,20
USC00058022,3/4/2023,0,0,48,12
USC00058022,3/5/2023,0,0,44,12
USC00058022,3/6/2023,0,0,56,14
USC00058022,3/7/2023,0,0,43,14
USC00058022,3/8/2023,0,0,30,15
USC00058022,3/9/2023,0,0,38,15
USC00058022,3/10/2023,0,0,51,19
USC00058022,3/11/2023,0,0,64,25
USC00058022,3/12/2023,0,0,53,21
USC00058022,3/13/2023,0,0,43,18
USC00058022,3/14/2023,0,0,53,20
USC00058022,3/15/2023,0,0,63,23
USC00058022,3/16/2023,0.53,1,69,25
USC00058022,3/17/2023,0.05,0,32,15
USC00058022,3/18/2023,0,0,38,13
USC00058022,3/19/2023,0,0,41,13
USC00058022,3/20/2023,0,0,56,20
USC00058022,3/21/2023,0,0,52,23
USC00058022,3/22/2023,0,0,56,22
USC00058022,3/23/2023,0,0,41,21
USC00058022,3/24/2023,0,0,50,22
USC00058022,3/25/2023,0,0,49,24
USC00058022,3/26/2023,0,0,38,12
USC00058022,3/27/2023,0.08,1,39,11
USC00058022,3/28/2023,0,0,32,10
USC00058022,3/29/2023,0,0,53,11
USC00058022,3/30/2023,0,0,54,19
USC00058022,3/31/2023,0,0,63,22
USC00058022,4/1/2023,0,0,51,22
USC00058022,4/2/2023,0,0,65,23
USC00058022,4/3/2023,0,0,68,24
USC00058022,4/4/2023,0.02,0,56,25
USC00058022,4/5/2023,0.14,3,26,8
USC00058022,4/6/2023,0,0,38,12
USC00058022,4/7/2023,0,0,49,20
USC00058022,4/8/2023,0,0,67,27
USC00058022,4/9/2023,0,0,64,28
USC00058022,4/10/2023,0,0,66,30
USC00058022,4/11/2023,0,0,74,35
USC00058022,4/12/2023,0,0,83,33
USC00058022,4/13/2023,0,0,81,34
USC00058022,4/14/2023,0,0,75,42
USC00058022,4/15/2023,0.28,0,44,29
USC00058022,4/16/2023,0,0,49,25
USC00058022,4/17/2023,0,0,62,27
USC00058022,4/18/2023,0,0,70,30
USC00058022,4/19/2023,0,0,74,30
USC00058022,4/20/2023,0,0,64,19
USC00058022,4/21/2023,0,0,47,17
USC00058022,4/22/2023,0.31,5,49,20
USC00058022,4/23/2023,0.02,0,32,21
USC00058022,4/24/2023,0,0,55,25
USC00058022,4/25/2023,0,0,62,34
USC00058022,4/26/2023,1.14,0,59,32
USC00058022,4/27/2023,0.04,0,56,34
USC00058022,4/28/2023,0.8,0,66,32
USC00058022,4/29/2023,0,0,53,31
USC00058022,4/30/2023,0,0,70,31
USC00058022,5/1/2023,0,0,67,32
USC00058022,5/2/2023,0,0,70,35
USC00058022,5/3/2023,0,0,67,35
USC00058022,5/4/2023,0,0,76,45
USC00058022,5/5/2023,0,0,59,37
USC00058022,5/6/2023,0,0,74,33
USC00058022,5/7/2023,0,0,73,34
USC00058022,5/8/2023,0,0,66,33
USC00058022,5/9/2023,0,0,70,33
USC00058022,5/10/2023,0,0,75,42
USC00058022,5/11/2023,1.88,0,56,39
USC00058022,5/12/2023,3.2,0,48,36
USC00058022,5/13/2023,0,0,60,40
USC00058022,5/14/2023,0.27,0,58,47
USC00058022,5/15/2023,0.45,0,60,46
USC00058022,5/16/2023,0.04,0,59,45
USC00058022,5/17/2023,0,0,73,45
USC00058022,5/18/2023,0.05,0,74,44
USC00058022,5/19/2023,0.88,0,63,47
USC00058022,5/20/2023,0.04,0,53,39
USC00058022,5/21/2023,0,0,66,39
USC00058022,5/22/2023,0,0,72,44
USC00058022,5/23/2023,0,0,72,45
USC00058022,5/24/2023,0,0,74,44
USC00058022,5/25/2023,0,0,69,45
USC00058022,5/26/2023,0,0,74,41
USC00058022,5/27/2023,0.3,0,72,44
USC00058022,5/28/2023,0.01,0,79,43
USC00058022,5/29/2023,0,0,76,44
USC00058022,5/30/2023,0,0,80,43
USC00058022,5/31/2023,0.03,0,76,46
USC00058022,6/1/2023,0.24,0,77,46
USC00058022,6/2/2023,0.21,0,68,41
USC00058022,6/3/2023,0.1,0,69,47
USC00058022,6/4/2023,0.33,0,56,48
USC00058022,6/5/2023,0.64,0,59,47
USC00058022,6/6/2023,0.14,0,69,46
USC00058022,6/7/2023,0.07,0,73,47
USC00058022,6/8/2023,0.03,0,73,46
USC00058022,6/9/2023,0.07,0,75,48
USC00058022,6/10/2023,0,0,75,46
USC00058022,6/11/2023,0,0,72,42
USC00058022,6/12/2023,0.08,0,64,44
USC00058022,6/13/2023,0.45,0,67,39
USC00058022,6/14/2023,0.02,0,60,40
USC00058022,6/15/2023,0.08,0,76,43
USC00058022,6/16/2023,0.33,0,72,46
USC00058022,6/17/2023,0.28,0,72,45
USC00058022,6/18/2023,0.02,0,69,42
USC00058022,6/19/2023,0,0,81,45
USC00058022,6/20/2023,0,0,90,46
USC00058022,6/21/2023,0,0,84,49
USC00058022,6/22/2023,0.86,0,76,51
USC00058022,6/23/2023,0.12,0,79,49
USC00058022,6/24/2023,0,0,78,38
USC00058022,6/25/2023,0,0,81,38
USC00058022,6/26/2023,0,0,79,48
USC00058022,6/27/2023,0,0,85,50
USC00058022,6/28/2023,0,0,92,48
USC00058022,6/29/2023,0,0,82,54
USC00058022,6/30/2023,0.12,0,81,52
USC00058022,7/1/2023,0.03,0,72,47
USC00058022,7/2/2023,0,0,79,51
USC00058022,7/3/2023,0,0,82,52
USC00058022,7/4/2023,0.08,0,87,54
USC00058022,7/5/2023,0.16,0,77,53
USC00058022,7/6/2023,0.04,0,63,53
USC00058022,7/7/2023,0.18,0,73,49
USC00058022,7/8/2023,0.12,0,73,49
USC00058022,7/9/2023,0,0,77,53
USC00058022,7/10/2023,0,0,79,56
USC00058022,7/11/2023,0,0,86,56
USC00058022,7/12/2023,0,0,91,55
USC00058022,7/13/2023,0,0,87,54
USC00058022,7/14/2023,0,0,90,58
USC00058022,7/15/2023,0,0,79,51
USC00058022,7/16/2023,0,0,82,51
USC00058022,7/17/2023,0,0,87,58
USC00058022,7/18/2023,0,0,94,58
USC00058022,7/19/2023,0,0,91,62
USC00058022,7/20/2023,0.32,0,85,56
USC00058022,7/21/2023,0.12,0,82,52
USC00058022,7/22/2023,0,0,82,54
USC00058022,7/23/2023,0,0,87,58
USC00058022,7/24/2023,0,0,95,59
USC00058022,7/25/2023,0,0,94,60
USC00058022,7/26/2023,0,0,92,60
USC00058022,7/27/2023,0.24,0,89,58
USC00058022,7/28/2023,0,0,89,56
USC00058022,7/29/2023,0,0,91,58
USC00058022,7/30/2023,0.04,0,86,62
USC00058022,7/31/2023,0,0,91,58
USC00058022,8/1/2023,0.77,0,88,57
USC00058022,8/2/2023,0.34,0,84,55
USC00058022,8/3/2023,0.44,0,80,55
USC00058022,8/4/2023,0,0,83,54
USC00058022,8/5/2023,0,0,85,52
USC00058022,8/6/2023,0.04,0,82,53
USC00058022,8/7/2023,0.44,0,61,50
USC00058022,8/8/2023,0,0,81,51
USC00058022,8/9/2023,0,0,80,50
USC00058022,8/10/2023,0,0,79,50
USC00058022,8/11/2023,0,0,85,57
USC00058022,8/12/2023,0.21,0,85,57
USC00058022,8/13/2023,0,0,78,56
USC00058022,8/14/2023,0,0,69,55
USC00058022,8/15/2023,0,0,76,51
USC00058022,8/16/2023,0,0,87,55
USC00058022,8/17/2023,0.04,0,92,52
USC00058022,8/18/2023,0,0,90,54
USC00058022,8/19/2023,0,0,90,51
USC00058022,8/20/2023,0.18,0,92,51
USC00058022,8/21/2023,0,0,93,51
USC00058022,8/22/2023,0,0,95,58
USC00058022,8/23/2023,0,0,91,54
USC00058022,8/24/2023,0,0,90,53
USC00058022,8/25/2023,0.03,0,86,57
USC00058022,8/26/2023,0.09,0,66,51
USC00058022,8/27/2023,0.05,0,75,53
USC00058022,8/28/2023,0.33,0,84,54
USC00058022,8/29/2023,0.95,0,71,48
USC00058022,8/30/2023,0,0,78,50
USC00058022,8/31/2023,0,0,90,54
USC00058022,9/1/2023,0,0,91,55
USC00058022,9/2/2023,0,0,93,56
USC00058022,9/3/2023,0,0,89,53
USC00058022,9/4/2023,0.52,0,85,54
USC00058022,9/5/2023,0,0,86,44
USC00058022,9/6/2023,0,0,75,44
USC00058022,9/7/2023,0,0,84,49
USC00058022,9/8/2023,0,0,85,46
USC00058022,9/9/2023,0,0,86,47
USC00058022,9/10/2023,0,0,82,45
USC00058022,9/11/2023,0.87,0,67,46
USC00058022,9/12/2023,0.16,0,64,47
USC00058022,9/13/2023,0,0,72,46
USC00058022,9/14/2023,0,0,76,45
USC00058022,9/15/2023,0.96,0,71,44
USC00058022,9/16/2023,0.24,0,60,41
USC00058022,9/17/2023,0.04,0,72,41
USC00058022,9/18/2023,0,0,78,43
USC00058022,9/19/2023,0,0,75,45
USC00058022,9/20/2023,0.02,0,74,45
USC00058022,9/21/2023,0.02,0,77,44
USC00058022,9/22/2023,0,0,77,41
USC00058022,9/23/2023,0,0,81,39
USC00058022,9/24/2023,0,0,74,35
USC00058022,9/25/2023,0,0,74,36
USC00058022,9/26/2023,0,0,79,44
USC00058022,9/27/2023,0,0,77,45
USC00058022,9/28/2023,0,0,84,48
USC00058022,9/29/2023,0,0,85,40
USC00058022,9/30/2023,0,0,82,40
USC00058022,10/1/2023,0,0,85,46
USC00058022,10/2/2023,0,0,80,40
USC00058022,10/3/2023,0.02,0,80,38
USC00058022,10/4/2023,0,0,67,36
USC00058022,10/5/2023,0,0,68,35
USC00058022,10/6/2023,0,0,68,34
USC00058022,10/7/2023,0,0,52,33
USC00058022,10/8/2023,0,0,69,35
USC00058022,10/9/2023,0,0,74,35
USC00058022,10/10/2023,0,0,76,40
USC00058022,10/11/2023,0,0,76,42
USC00058022,10/12/2023,0.12,0,74,35
USC00058022,10/13/2023,0.02,0,57,36
USC00058022,10/14/2023,0,0,52,24
USC00058022,10/15/2023,0,0,53,24
USC00058022,10/16/2023,0,0,62,33
USC00058022,10/17/2023,0,0,73,38
USC00058022,10/18/2023,0,0,80,37
USC00058022,10/19/2023,0,0,69,35
USC00058022,10/20/2023,0,0,78,40
USC00058022,10/21/2023,0,0,82,42
USC00058022,10/22/2023,0,0,76,38
USC00058022,10/23/2023,0,0,72,41
USC00058022,10/24/2023,0,0,79,35
USC00058022,10/25/2023,0.02,0,68,38
USC00058022,10/26/2023,0,0,70,37
USC00058022,10/27/2023,0.01,0,55,34
USC00058022,10/28/2023,0,0,42,23
USC00058022,10/29/2023,0.5,6,28,19
USC00058022,10/30/2023,0.09,2,28,9
USC00058022,10/31/2023,0,0,44,9
USC00058022,11/1/2023,0,0,50,9
USC00058022,11/2/2023,0,0,61,28
USC00058022,11/3/2023,0,0,67,31
USC00058022,11/4/2023,0,0,70,30
USC00058022,11/5/2023,0,0,66,28
USC00058022,11/6/2023,0,0,77,32
USC00058022,11/7/2023,0,0,71,27
USC00058022,11/8/2023,0,0,75,27
USC00058022,11/9/2023,0.34,0,44,27
USC00058022,11/10/2023,0,0,44,26
USC00058022,11/11/2023,0,0,50,24
USC00058022,11/12/2023,0,0,58,24
USC00058022,11/13/2023,0,0,60,29
USC00058022,11/14/2023,0,0,66,28
USC00058022,11/15/2023,0,0,66,30
USC00058022,11/16/2023,0,0,59,31
USC00058022,11/17/2023,0,0,69,25
USC00058022,11/18/2023,0,0,63,26
USC00058022,11/19/2023,0,0,60,25
USC00058022,11/20/2023,0.04,0,47,25
USC00058022,11/21/2023,0.16,0,41,25
USC00058022,11/22/2023,0,0,49,25
USC00058022,11/23/2023,0,0,61,23
USC00058022,11/24/2023,0.12,1,39,19
USC00058022,11/25/2023,0.02,0,27,13
USC00058022,11/26/2023,0.04,0.5,22,11
USC00058022,11/27/2023,0,0,37,11
USC00058022,11/28/2023,0,0,38,12
USC00058022,11/29/2023,0,0,50,19
USC00058022,11/30/2023,0,0,51,15
USC00058022,12/1/2023,0,0,40,14
USC00058022,12/2/2023,0,0,41,13
USC00058022,12/3/2023,0,0,40,12
USC00058022,12/4/2023,0.02,0,36,21
USC00058022,12/5/2023,0,0,58,21
USC00058022,12/6/2023,0,0,54,29
USC00058022,12/7/2023,0,0,57,24
USC00058022,12/8/2023,0,0,61,27
USC00058022,12/9/2023,0.6,8,41,20
USC00058022,12/10/2023,0,0,28,9
USC00058022,12/11/2023,0,0,41,15
USC00058022,12/12/2023,0,0,48,20
USC00058022,12/13/2023,0.05,0.5,34,21
USC00058022,12/14/2023,0.08,0.5,35,20
USC00058022,12/15/2023,0,0,34,20
USC00058022,12/16/2023,0,0,40,21
USC00058022,12/17/2023,0,0,51,24
USC00058022,12/18/2023,0,0,52,22
USC00058022,12/19/2023,0,0,51,27
USC00058022,12/20/2023,0,0,62,30
USC00058022,12/21/2023,0,0,54,31
USC00058022,12/22/2023,0,0,50,27
USC00058022,12/23/2023,0,0,51,26
USC00058022,12/24/2023,0.26,4,48,25
USC00058022,12/25/2023,0.08,2,25,5
USC00058022,12/26/2023,0,0,25,4
USC00058022,12/27/2023,0,0,39,20
USC00058022,12/28/2023,0,0,44,17
USC00058022,12/29/2023,0,0,37,16
USC00058022,12/30/2023,0,0,43,17
USC00058022,12/31/2023,0,0,47,20
USC00058022,1/1/2024,0,0,40,20
USC00058022,1/2/2024,0,0,45,20
USC00058022,1/3/2024,0,0,47,20
USC00058022,1/4/2024,0,0,44,19
USC00058022,1/5/2024,0,0,37,18
USC00058022,1/6/2024,0.02,0.2,38,17
USC00058022,1/7/2024,0,0,36,15
USC00058022,1/8/2024,0.19,4,34,17
USC00058022,1/9/2024,0.07,1.5,33,-5
USC00058022,1/10/2024,0,0,36,1
USC00058022,1/11/2024,0,0,37,-1
USC00058022,1/12/2024,0,0,26,-5
USC00058022,1/13/2024,0.05,1,33,-5
USC00058022,1/14/2024,0,0,1,-9
USC00058022,1/15/2024,0.01,0,13,-5
USC00058022,1/16/2024,0.18,3.5,-1,-15
USC00058022,1/17/2024,0,0,28,-11
USC00058022,1/18/2024,0,0,54,12
USC00058022,1/19/2024,0,0,49,12
USC00058022,1/20/2024,0,0,32,10
USC00058022,1/21/2024,0,0,53,26
USC00058022,1/22/2024,0,0,53,28
USC00058022,1/23/2024,0,0,51,27
USC00058022,1/24/2024,0,0,51,24
USC00058022,1/25/2024,0,0,47,24
USC00058022,1/26/2024,0.21,2.5,47,24
USC00058022,1/27/2024,0.07,1,37,21
USC00058022,1/28/2024,0,0,41,20
USC00058022,1/29/2024,0,0,51,25
USC00058022,1/30/2024,0,0,51,27
USC00058022,1/31/2024,0,0,55,26
USC00058022,2/1/2024,0,0,55,28
USC00058022,2/2/2024,0,0,58,26
USC00058022,2/3/2024,0.2,0,50,30
USC00058022,2/4/2024,1.3,8,34,21
USC00058022,2/5/2024,0,0,36,19
USC00058022,2/6/2024,0,0,45,19
USC00058022,2/7/2024,0,0,62,28
USC00058022,2/8/2024,0,0,52,28
USC00058022,2/9/2024,0,0,49,20
USC00058022,2/10/2024,0.14,0,43,25
USC00058022,2/11/2024,0.14,2,28,16
USC00058022,2/12/2024,0,0,36,16
USC00058022,2/13/2024,0,0,52,18
USC00058022,2/14/2024,0,0,51,17
USC00058022,2/15/2024,0,0,52,18
USC00058022,2/16/2024,0,0,57,19
USC00058022,2/17/2024,0.08,1,34,8
USC00058022,2/18/2024,0,0,36,8
USC00058022,2/19/2024,0,0,50,18
USC00058022,2/20/2024,0,0,57,18
USC00058022,2/21/2024,0,0,63,18
USC00058022,2/22/2024,0,0,60,22
USC00058022,2/23/2024,0,0,42,17
USC00058022,2/24/2024,0,0,51,18
USC00058022,2/25/2024,0,0,64,19
USC00058022,2/26/2024,0,0,64,28
USC00058022,2/27/2024,0,0,60,28
USC00058022,2/28/2024,0.25,3,44,4
USC00058022,2/29/2024,0,0,50,6
USC00058022,3/1/2024,0,0,60,21
USC00058022,3/2/2024,0,0,64,26
USC00058022,3/3/2024,0.04,0,64,26
USC00058022,3/4/2024,0,0,52,17
USC00058022,3/5/2024,0,0,48,17
USC00058022,3/6/2024,0,0,42,17
USC00058022,3/7/2024,0,0,57,22
USC00058022,3/8/2024,0.15,0,42,25
USC00058022,3/9/2024,0.08,0,30,16
USC00058022,3/10/2024,0,0,51,17
USC00058022,3/11/2024,0,0,64,26
USC00058022,3/12/2024,0,0,63,24
USC00058022,3/13/2024,0,0,59,23
USC00058022,3/14/2024,1.84,12,48,29
USC00058022,3/15/2024,1.02,8,34,20
USC00058022,3/16/2024,0,0,44,24
USC00058022,3/17/2024,0,0,45,23
USC00058022,3/18/2024,0,0,45,26
USC00058022,3/19/2024,0,0,53,29
USC00058022,3/20/2024,0,0,59,29
USC00058022,3/21/2024,0,0,57,28
USC00058022,3/22/2024,0,0,62,26
USC00058022,3/23/2024,0,0,60,26
USC00058022,3/24/2024,0,0,65,26
USC00058022,3/25/2024,0.88,10,52,16
USC00058022,3/26/2024,0,0,27,15
USC00058022,3/27/2024,0,0,40,17
USC00058022,3/28/2024,0,0,49,25
USC00058022,3/29/2024,0,0,64,23
USC00058022,3/30/2024,0,0,53,27
USC00058022,3/31/2024,0,0,59,26
USC00058022,4/1/2024,0,0,65,26
USC00058022,4/2/2024,0.4,0,47,27
USC00058022,4/3/2024,0,0,55,26
USC00058022,4/4/2024,0,0,66,28
USC00058022,4/5/2024,0,0,74,34
USC00058022,4/6/2024,0,0,73,32
USC00058022,4/7/2024,0,0,51,31
USC00058022,4/8/2024,0,0,58,22
USC00058022,4/9/2024,0,0,52,21
USC00058022,4/10/2024,0,0,61,24
USC00058022,4/11/2024,0,0,59,28
USC00058022,4/12/2024,0,0,61,30
USC00058022,4/13/2024,0,0,74,36
USC00058022,4/14/2024,0,0,73,37
USC00058022,4/15/2024,0,0,79,32
USC00058022,4/16/2024,0.03,0,70,31
USC00058022,4/17/2024,0,0,66,35
USC00058022,4/18/2024,0.02,0,74,31
USC00058022,4/19/2024,0.09,0,33,29
USC00058022,4/20/2024,0.24,0.5,37,29
USC00058022,4/21/2024,0.04,0,34,29
USC00058022,4/22/2024,0,0,61,30
USC00058022,4/23/2024,0,0,75,39
USC00058022,4/24/2024,0,0,61,33
USC00058022,4/25/2024,0,0,76,36
USC00058022,4/26/2024,0,0,70,37
USC00058022,4/27/2024,0.81,0,67,33
USC00058022,4/28/2024,0.85,0,41,32
USC00058022,4/29/2024,0,0,59,32
USC00058022,4/30/2024,0,0,67,32
USC00058022,5/1/2024,0,0,74,33
USC00058022,5/2/2024,0.04,0,67,31
USC00058022,5/3/2024,0,0,59,31
USC00058022,5/4/2024,0,0,74,33
USC00058022,5/5/2024,0,0,62,38
USC00058022,5/6/2024,0,0,76,44
USC00058022,5/7/2024,0,0,54,36
USC00058022,5/8/2024,0,0,55,32
USC00058022,5/9/2024,0,0,56,34
USC00058022,5/10/2024,0.18,0,51,37
USC00058022,5/11/2024,0,0,50,34
USC00058022,5/12/2024,0.07,0,63,34
USC00058022,5/13/2024,0.75,0,53,37
USC00058022,5/14/2024,0.04,0,71,39
USC00058022,5/15/2024,0.04,0,74,45
USC00058022,5/16/2024,0.04,0,65,42
USC00058022,5/17/2024,0,0,72,45
USC00058022,5/18/2024,0,0,77,42
USC00058022,5/19/2024,0,0,70,45
USC00058022,5/20/2024,0,0,78,39
USC00058022,5/21/2024,0.01,0,66,39
USC00058022,5/22/2024,0.16,0,59,27
USC00058022,5/23/2024,0,0,71,27
USC00058022,5/24/2024,0,0,79,32
USC00058022,5/25/2024,0,0,65,33
USC00058022,5/26/2024,0,0,74,37
USC00058022,5/27/2024,0,0,70,37
USC00058022,5/28/2024,0,0,76,37
USC00058022,5/29/2024,0,0,75,38
USC00058022,5/30/2024,0,0,81,40
USC00058022,5/31/2024,0,0,75,41
USC00058022,6/1/2024,0,0,70,43
USC00058022,6/2/2024,0,0,80,41
USC00058022,6/3/2024,0,0,82,45
USC00058022,6/4/2024,0,0,84,50
USC00058022,6/5/2024,0,0,84,41
USC00058022,6/6/2024,0,0,86,40
USC00058022,6/7/2024,0,0,86,44
USC00058022,6/8/2024,0,0,89,54
USC00058022,6/9/2024,0,0,81,53
USC00058022,6/10/2024,0.02,0,76,54
USC00058022,6/11/2024,0,0,78,46
USC00058022,6/12/2024,0,0,83,46
USC00058022,6/13/2024,0,0,86,48
USC00058022,6/14/2024,0,0,90,52
USC00058022,6/15/2024,0,0,78,49
USC00058022,6/16/2024,0,0,85,50
USC00058022,6/17/2024,0,0,82,52
USC00058022,6/18/2024,0,0,92,47
USC00058022,6/19/2024,0,0,71,44
USC00058022,6/20/2024,0,0,72,49
USC00058022,6/21/2024,0.15,0,89,49
USC00058022,6/22/2024,0.4,0,79,49
USC00058022,6/23/2024,0,0,85,51
USC00058022,6/24/2024,0,0,90,55
USC00058022,6/25/2024,0.03,0,87,54
USC00058022,6/26/2024,0,0,92,52
USC00058022,6/27/2024,0.22,0,85,52
USC00058022,6/28/2024,0,0,89,55
USC00058022,6/29/2024,0,0,88,54
USC00058022,6/30/2024,0.07,0,79,55
USC00058022,7/1/2024,0.06,0,81,61
USC00058022,7/2/2024,0.15,0,83,55
USC00058022,7/3/2024,0,0,83,50
USC00058022,7/4/2024,0,0,88,45
USC00058022,7/5/2024,0,0,80,44
USC00058022,7/6/2024,0,0,76,44
USC00058022,7/7/2024,0,0,85,48
USC00058022,7/8/2024,0,0,74,47
USC00058022,7/9/2024,0,0,79,46
USC00058022,7/10/2024,0,0,84,53
USC00058022,7/11/2024,0,0,87,53
USC00058022,7/12/2024,0,0,91,56
USC00058022,7/13/2024,0,0,96,57
USC00058022,7/14/2024,0,0,94,57
USC00058022,7/15/2024,0,0,92,61
USC00058022,7/16/2024,0.06,0,91,54
USC00058022,7/17/2024,0.06,0,82,56
USC00058022,7/18/2024,0,0,81,55
USC00058022,7/19/2024,0,0,87,60
USC00058022,7/20/2024,0,0,87,54
USC00058022,7/21/2024,0.07,0,85,51
USC00058022,7/22/2024,0.21,0,72,51
USC00058022,7/23/2024,0,0,77,52
USC00058022,7/24/2024,0,0,83,52
USC00058022,7/25/2024,0,0,89,57
USC00058022,7/26/2024,0,0,92,57
USC00058022,7/27/2024,0.08,0,87,57
USC00058022,7/28/2024,0.04,0,90,53
USC00058022,7/29/2024,0,0,93,55
USC00058022,7/30/2024,0,0,95,55
USC00058022,7/31/2024,0,0,95,51
USC00058022,8/1/2024,0,0,92,50
USC00058022,8/2/2024,0,0,94,57
USC00058022,8/3/2024,0,0,93,58
USC00058022,8/4/2024,0,0,93,58
USC00058022,8/5/2024,0.04,0,96,64
USC00058022,8/6/2024,0.37,0,89,59
USC00058022,8/7/2024,0,0,90,59
USC00058022,8/8/2024,0.02,0,87,59
USC00058022,8/9/2024,0.64,0,76,56
USC00058022,8/10/2024,0.54,0,62,53
USC00058022,8/11/2024,0.56,0,82,51
USC00058022,8/12/2024,0,0,82,50
USC00058022,8/13/2024,0.25,0,82,51
USC00058022,8/14/2024,0.47,0,83,51
USC00058022,8/15/2024,0.04,0,83,53
USC00058022,8/16/2024,0,0,83,49
USC00058022,8/17/2024,0,0,87,48
USC00058022,8/18/2024,0,0,92,55
USC00058022,8/19/2024,0,0,90,61
USC00058022,8/20/2024,0.16,0,83,56
USC00058022,8/21/2024,0,0,90,57
USC00058022,8/22/2024,0,0,86,65
USC00058022,8/23/2024,0.33,0,83,56
USC00058022,8/24/2024,0,0,83,58
USC00058022,8/25/2024,0,0,82,57
USC00058022,8/26/2024,0.08,0,84,55
USC00058022,8/27/2024,0,0,83,45
USC00058022,8/28/2024,0,0,83,46
USC00058022,8/29/2024,0,0,60,53
USC00058022,8/30/2024,0,0,83,49
USC00058022,8/31/2024,0,0,84,48
USC00058022,9/1/2024,0,0,86,50
USC00058022,9/2/2024,0,0,85,51
USC00058022,9/3/2024,0,0,88,56
USC00058022,9/4/2024,0,0,89,51
USC00058022,9/5/2024,0.74,0,80,49
USC00058022,9/6/2024,0.04,0,70,47
USC00058022,9/7/2024,0,0,80,48
USC00058022,9/8/2024,0,0,82,51
USC00058022,9/9/2024,0,0,85,55
USC00058022,9/10/2024,0,0,82,52
USC00058022,9/11/2024,0,0,83,53
USC00058022,9/12/2024,0,0,80,45
USC00058022,9/13/2024,0,0,86,42
USC00058022,9/14/2024,0,0,77,41
USC00058022,9/15/2024,0,0,86,48
USC00058022,9/16/2024,0,0,87,48
USC00058022,9/17/2024,0,0,78,51
USC00058022,9/18/2024,0,0,81,39
USC00058022,9/19/2024,0,0,82,40
USC00058022,9/20/2024,0,0,82,42
USC00058022,9/21/2024,0,0,85,43
USC00058022,9/22/2024,0.43,0,64,43
USC00058022,9/23/2024,0.07,0,62,41
USC00058022,9/24/2024,0,0,76,38
USC00058022,9/25/2024,0,0,76,39
USC00058022,9/26/2024,0,0,85,38
USC00058022,9/27/2024,0,0,88,47
USC00058022,9/28/2024,0,0,82,45
USC00058022,9/29/2024,0,0,84,50
USC00058022,9/30/2024,0,0,87,53
USC00058022,10/1/2024,0,0,86,35
USC00058022,10/2/2024,0,0,71,34
USC00058022,10/3/2024,0,0,85,45
USC00058022,10/4/2024,0,0,65,38
USC00058022,10/5/2024,0,0,83,38
USC00058022,10/6/2024,0,0,83,37
USC00058022,10/7/2024,0,0,72,44
USC00058022,10/8/2024,0,0,79,44
USC00058022,10/9/2024,0,0,78,43
USC00058022,10/10/2024,0,0,78,45
USC00058022,10/11/2024,0,0,81,45
USC00058022,10/12/2024,0,0,73,45
USC00058022,10/13/2024,0,0,78,43
USC00058022,10/14/2024,0,0,67,41
USC00058022,10/15/2024,0,0,80,45
USC00058022,10/16/2024,0,0,80,44
USC00058022,10/17/2024,0,0,78,45
USC00058022,10/18/2024,0,0,69,35
USC00058022,10/19/2024,0.14,0,53,34
USC00058022,10/20/2024,0,0,66,37
USC00058022,10/21/2024,0.08,0,73,38
USC00058022,10/22/2024,0.04,0,68,38
USC00058022,10/23/2024,0,0,75,38
USC00058022,10/24/2024,0,0,75,35
USC00058022,10/25/2024,0,0,71,27
USC00058022,10/26/2024,0,0,63,28
USC00058022,10/27/2024,0,0,76,38
USC00058022,10/28/2024,0,0,79,36
USC00058022,10/29/2024,0,0,78,44
USC00058022,10/30/2024,0,0,71,32
USC00058022,10/31/2024,0.04,0,40,23
USC00058022,11/1/2024,0,0,59,22
USC00058022,11/2/2024,0,0,59,23
USC00058022,11/3/2024,0,0,67,25
USC00058022,11/4/2024,0.75,0,53,24
USC00058022,11/5/2024,0.08,0,37,21
USC00058022,11/6/2024,0.82,11,49,11
USC00058022,11/7/2024,0.53,4,26,15
USC00058022,11/8/2024,0.1,2,35,21
USC00058022,11/9/2024,0.48,4,33,29
USC00058022,11/10/2024,0,0,43,31
USC00058022,11/11/2024,0,0,54,30
USC00058022,11/12/2024,0,0,55,24
USC00058022,11/13/2024,0,0,59,22
USC00058022,11/14/2024,0,0,52,21
USC00058022,11/15/2024,0,0,58,28
USC00058022,11/16/2024,0,0,62,23
USC00058022,11/17/2024,0,0,52,22
USC00058022,11/18/2024,0,0,51,22
USC00058022,11/19/2024,0,0,53,22
USC00058022,11/20/2024,0,0,38,10
USC00058022,11/21/2024,0,0,49,11
USC00058022,11/22/2024,0,0,51,27
USC00058022,11/23/2024,0,0,53,27
USC00058022,11/24/2024,0,0,61,27
USC00058022,11/25/2024,0,0,61,26
USC00058022,11/26/2024,0,0,45,25
USC00058022,11/27/2024,0.25,0,52,29
USC00058022,11/28/2024,0.2,1,52,15
USC00058022,11/29/2024,0,0,36,15
USC00058022,11/30/2024,0,0,42,14
USC00058022,12/1/2024,0,0,47,15
USC00058022,12/2/2024,0,0,50,21
USC00058022,12/3/2024,0,0,48,25
USC00058022,12/4/2024,0,0,53,26
USC00058022,12/5/2024,0,0,50,22
USC00058022,12/6/2024,0,0,47,21
USC00058022,12/7/2024,0,0,48,25
USC00058022,12/8/2024,0,0,52,26
USC00058022,12/9/2024,0,0,44,17
USC00058022,12/10/2024,0.33,4,43,9
USC00058022,12/11/2024,0,0,30,6
USC00058022,12/12/2024,0,0,37,15
USC00058022,12/13/2024,0,0,46,14
USC00058022,12/14/2024,0,0,49,16
USC00058022,12/15/2024,0,0,53,24
USC00058022,12/16/2024,0,0,53,17
USC00058022,12/17/2024,0,0,43,17
USC00058022,12/18/2024,0,0,57,25
USC00058022,12/19/2024,0,0,54,27
USC00058022,12/20/2024,0,0,52,26
USC00058022,12/21/2024,0,0,59,27
USC00058022,12/22/2024,0,0,55,29
USC00058022,12/23/2024,0,0,48,27
USC00058022,12/24/2024,0,0,50,27
USC00058022,12/25/2024,0,0,46,25
USC00058022,12/26/2024,0.31,0,49,29
USC00058022,12/27/2024,0,0,39,22
USC00058022,12/28/2024,0,0,41,22
USC00058022,12/29/2024,0,0,49,22
USC00058022,12/30/2024,0,0,61,25
USC00058022,12/31/2024,0,0,44,12
USC00058022,1/1/2025,0,0,37,12
USC00058022,1/2/2025,0,0,41,15
USC00058022,1/3/2025,0,0,51,21
USC00058022,1/4/2025,0,0,54,18
USC00058022,1/5/2025,0.03,0,28,17
USC00058022,1/6/2025,0,0,31,13
USC00058022,1/7/2025,0.15,2,34,17
USC00058022,1/8/2025,0.07,1,23,8
USC00058022,1/9/2025,0.06,1,35,8
USC00058022,1/10/2025,0.14,3,28,4
USC00058022,1/11/2025,0,0,40,4
USC00058022,1/12/2025,0,0,41,12
USC00058022,1/13/2025,0,0,34,9
USC00058022,1/14/2025,0,0,35,4
USC00058022,1/15/2025,0,0,35,8
USC00058022,1/16/2025,0,0,42,9
USC00058022,1/17/2025,0,0,54,17
USC00058022,1/18/2025,0.32,8,48,12
USC00058022,1/19/2025,0.05,1,12,-8
USC00058022,1/20/2025,0.13,2,20,-8
USC00058022,1/21/2025,0,0,9,-10
USC00058022,1/22/2025,0,0,40,-2
USC00058022,1/23/2025,0,0,28,0
USC00058022,1/24/2025,0,0,31,3
USC00058022,1/25/2025,0.01,0,48,14
USC00058022,1/26/2025,0.12,5,19,9
USC00058022,1/27/2025,0,0,22,8
USC00058022,1/28/2025,0,0,46,11
USC00058022,1/29/2025,0,0,50,16
USC00058022,1/30/2025,0.04,0.5,46,19
USC00058022,1/31/2025,0,0,43,20
USC00058022,2/1/2025,0,0,61,20
USC00058022,2/2/2025,0,0,58,23
USC00058022,2/3/2025,0,0,67,27
USC00058022,2/4/2025,0,0,71,23
USC00058022,2/5/2025,0,0,48,22
USC00058022,2/6/2025,0,0,65,26
USC00058022,2/7/2025,0,0,45,21
USC00058022,2/8/2025,0.01,0,67,22
USC00058022,2/9/2025,0.02,0.1,39,22
USC00058022,2/10/2025,0,0,38,12
USC00058022,2/11/2025,0,0,32,9
USC00058022,2/12/2025,0.06,1,11,4
USC00058022,2/13/2025,0,0,11,-3
USC00058022,2/14/2025,0,0,44,1
USC00058022,2/15/2025,0,0,54,25
USC00058022,2/16/2025,0.04,1,33,9
USC00058022,2/17/2025,0,0,41,9
USC00058022,2/18/2025,0,0,40,11
USC00058022,2/19/2025,0,0,21,0
USC00058022,2/20/2025,0,0,28,-5
USC00058022,2/21/2025,0.84,12,31,8
USC00058022,2/22/2025,0,0,38,16
USC00058022,2/23/2025,0,0,51,16
USC00058022,2/24/2025,0,0,63,17
USC00058022,2/25/2025,0,0,66,27
USC00058022,2/26/2025,0,0,65,21
USC00058022,2/27/2025,0,0,45,21
USC00058022,2/28/2025,0,0,61,26
USC00058022,3/1/2025,0,0,62,29
USC00058022,3/2/2025,0,0,65,27
USC00058022,3/3/2025,0,0,63,29
USC00058022,3/4/2025,0.28,0,63,26
USC00058022,3/5/2025,0.02,0,41,17
USC00058022,3/6/2025,0,0,50,17
USC00058022,3/7/2025,0,0,61,27
USC00058022,3/8/2025,0.15,1,31,13
USC00058022,3/9/2025,0,0,47,13
USC00058022,3/10/2025,0,0,64,27
USC00058022,3/11/2025,0,0,69,25
USC00058022,3/12/2025,0,0,69,33
USC00058022,3/13/2025,0,0,61,25
USC00058022,3/14/2025,0,0,65,25
USC00058022,3/15/2025,0,0,53,20
USC00058022,3/16/2025,0,0,43,20
USC00058022,3/17/2025,0,0,61,20
USC00058022,3/18/2025,0,0,69,28
USC00058022,3/19/2025,0.29,1,58,22
USC00058022,3/20/2025,0,0,38,17
USC00058022,3/21/2025,0,0,58,21
USC00058022,3/22/2025,0,0,54,24
USC00058022,3/23/2025,0,0,63,25
USC00058022,3/24/2025,0,0,59,25
USC00058022,3/25/2025,0,0,66,29
USC00058022,3/26/2025,0,0,67,28
USC00058022,3/27/2025,0,0,72,35
USC00058022,3/28/2025,0,0,74,33
USC00058022,3/29/2025,0.25,0,73,34
USC00058022,3/30/2025,0.14,0,57,34
USC00058022,3/31/2025,0,0,50,29
USC00058022,4/1/2025,0,0,62,28
USC00058022,4/2/2025,0.01,0,51,27
USC00058022,4/3/2025,0,0,50,23
USC00058022,4/4/2025,0.22,0.2,38,19
USC00058022,4/5/2025,0.42,0.2,35,20
USC00058022,4/6/2025,0,0,36,21
USC00058022,4/7/2025,0,0,53,21
USC00058022,4/8/2025,0,0,65,30
USC00058022,4/9/2025,0,0,72,31
USC00058022,4/10/2025,0,0,72,27
USC00058022,4/11/2025,0,0,68,27
USC00058022,4/12/2025,0,0,79,32
USC00058022,4/13/2025,0,0,84,32
USC00058022,4/14/2025,0.01,0,68,32
USC00058022,4/15/2025,0,0,53,28
USC00058022,4/16/2025,0,0,68,29
USC00058022,4/17/2025,0,0,73,33
USC00058022,4/18/2025,0.16,0,74,27
USC00058022,4/19/2025,0.62,9,29,17
USC00058022,4/20/2025,0,0,44,18
USC00058022,4/21/2025,0,0,60,24
USC00058022,4/22/2025,0,0,70,31
USC00058022,4/23/2025,0,0,71,30
USC00058022,4/24/2025,0,0,59,30
USC00058022,4/25/2025,0.04,0,68,39
USC00058022,4/26/2025,0,0,48,32
USC00058022,4/27/2025,0,0,75,32
USC00058022,4/28/2025,0,0,77,35
USC00058022,4/29/2025,0,0,63,29
USC00058022,4/30/2025,0,0,60,29
USC00058022,5/1/2025,0.16,0,67,33
USC00058022,5/2/2025,0.19,0,67,31
USC00058022,5/3/2025,0,0,60,31
USC00058022,5/4/2025,0,0,73,31
USC00058022,5/5/2025,0,0,74,37
USC00058022,5/6/2025,0,0,64,37
USC00058022,5/7/2025,1.52,0,46,34
USC00058022,5/8/2025,0.08,0,53,33
USC00058022,5/9/2025,0,0,55,36
USC00058022,5/10/2025,0,0,70,41
USC00058022,5/11/2025,0,0,76,44
USC00058022,5/12/2025,0,0,79,41
USC00058022,5/13/2025,0,0,84,42
USC00058022,5/14/2025,0,0,83,38
USC00058022,5/15/2025,0,0,67,31
USC00058022,5/16/2025,0,0,67,34
USC00058022,5/17/2025,0,0,68,34
USC00058022,5/18/2025,0,0,70,36
USC00058022,5/19/2025,0,0,71,36
USC00058022,5/20/2025,0,0,61,28
USC00058022,5/21/2025,0,0,69,28
USC00058022,5/22/2025,0,0,75,32
USC00058022,5/23/2025,0,0,72,35
USC00058022,5/24/2025,0,0,80,40
USC00058022,5/25/2025,0.27,0,68,44
USC00058022,5/26/2025,0.44,0,57,40
USC00058022,5/27/2025,0.12,0,54,41
USC00058022,5/28/2025,0.04,0,73,43
USC00058022,5/29/2025,0.26,0,68,46
USC00058022,5/30/2025,0,0,61,46
USC00058022,5/31/2025,0,0,80,44
USC00058022,6/1/2025,0,0,75,45
USC00058022,6/2/2025,0,0,85,51
USC00058022,6/3/2025,1.05,0,75,45
USC00058022,6/4/2025,0.16,0,,43
USC00058022,6/5/2025,0,0,67,44
USC00058022,6/6/2025,0.14,0,70,44
USC00058022,6/7/2025,0.02,0,66,42
USC00058022,6/8/2025,0,0,78,42
USC00058022,6/9/2025,0,0,70,43
USC00058022,6/10/2025,0,0,77,46
USC00058022,6/11/2025,0,0,85,55
USC00058022,6/12/2025,0,0,85,55
USC00058022,6/13/2025,0,0,79,48
USC00058022,6/14/2025,0.01,0,83,50
USC00058022,6/15/2025,0,0,89,58
USC00058022,6/16/2025,0,0,89,56
USC00058022,6/17/2025,0.06,0,88,56
USC00058022,6/18/2025,0.04,0,70,48
USC00058022,6/19/2025,0,0,80,49
USC00058022,6/20/2025,0,0,91,56
USC00058022,6/21/2025,0,0,94,48
USC00058022,6/22/2025,0,0,96,49
USC00058022,6/23/2025,0,0,91,52
USC00058022,6/24/2025,0,0,72,55
USC00058022,6/25/2025,0.19,0,73,56
USC00058022,6/26/2025,0,0,76,52
USC00058022,6/27/2025,0.06,0,85,52
USC00058022,6/28/2025,0,0,87,56
USC00058022,6/29/2025,0,0,90,49
USC00058022,6/30/2025,0,0,82,49
USC00058022,7/1/2025,0,0,78,56
USC00058022,7/2/2025,0,0,88,55
USC00058022,7/3/2025,0,0,89,54
USC00058022,7/4/2025,0.04,0,89,56
USC00058022,7/5/2025,0.74,0,82,50
USC00058022,7/6/2025,0.02,0,86,52
USC00058022,7/7/2025,0,0,87,55
USC00058022,7/8/2025,0,0,87,53
USC00058022,7/9/2025,0,0,89,56
USC00058022,7/10/2025,0,0,94,58
USC00058022,7/11/2025,0,0,88,57
USC00058022,7/12/2025,0.09,0,82,52
USC00058022,7/13/2025,0,0,78,52
USC00058022,7/14/2025,0,0,88,57
USC00058022,7/15/2025,0,0,89,61
USC00058022,7/16/2025,0.09,0,91,49
USC00058022,7/17/2025,0,0,75,51
USC00058022,7/18/2025,0.24,0,85,58
USC00058022,7/19/2025,0,0,89,54
USC00058022,7/20/2025,0,0,89,54
USC00058022,7/21/2025,0,0,88,56
USC00058022,7/22/2025,0,0,90,60
USC00058022,7/23/2025,0.2,0,86,57
USC00058022,7/24/2025,0,0,78,54
USC00058022,7/25/2025,0,0,80,56
USC00058022,7/26/2025,0.09,0,87,53
USC00058022,7/27/2025,0,0,90,53
USC00058022,7/28/2025,0,0,94,55
USC00058022,7/29/2025,0,0,94,59
USC00058022,7/30/2025,0.03,0,75,53
USC00058022,7/31/2025,0.03,0,76,46
USC00058022,8/1/2025,0.04,0,84,46
USC00058022,8/2/2025,0.05,0,83,48
USC00058022,8/3/2025,0.2,0,85,53
USC00058022,8/4/2025,0,0,85,52
USC00058022,8/5/2025,0,0,92,53
USC00058022,8/6/2025,0,0,93,51
USC00058022,8/7/2025,0,0,92,54
USC00058022,8/8/2025,0,0,96,52
USC00058022,8/9/2025,0,0,95,52
USC00058022,8/10/2025,0,0,86,57
USC00058022,8/11/2025,0,0,75,51
USC00058022,8/12/2025,0,0,81,49
USC00058022,8/13/2025,0,0,86,48
USC00058022,8/14/2025,0,0,93,60
USC00058022,8/15/2025,0,0,93,52
USC00058022,8/16/2025,0,0,90,56
USC00058022,8/17/2025,0.88,0,88,54
USC00058022,8/18/2025,0,0,88,52
USC00058022,8/19/2025,0,0,86,52
USC00058022,8/20/2025,0,0,86,57
USC00058022,8/21/2025,0,0,92,60
USC00058022,8/22/2025,0,0,92,58
USC00058022,8/23/2025,0.19,0,78,54
USC00058022,8/24/2025,0.05,0,81,52
USC00058022,8/25/2025,0.28,0,72,52
USC00058022,8/26/2025,1.03,0,70,50
USC00058022,8/27/2025,0.14,0,72,50
USC00058022,8/28/2025,0.04,0,78,52
USC00058022,8/29/2025,0,0,79,53
USC00058022,8/30/2025,0.22,0,77,56
USC00058022,8/31/2025,0.02,0,72,48
USC00058022,9/1/2025,0,0,78,47
USC00058022,9/2/2025,0,0,78,47
USC00058022,9/3/2025,0,0,82,52
USC00058022,9/4/2025,0,0,82,53
USC00058022,9/5/2025,0,0,84,53
USC00058022,9/6/2025,0.02,0,63,39
USC00058022,9/7/2025,0,0,79,45
USC00058022,9/8/2025,0,0,80,45
USC00058022,9/9/2025,0,0,81,49
USC00058022,9/10/2025,0,0,82,49
USC00058022,9/11/2025,0,0,89,55
USC00058022,9/12/2025,0,0,85,63
USC00058022,9/13/2025,0.17,0,76,52
USC00058022,9/14/2025,0.13,0,73,44
USC00058022,9/15/2025,0,0,72,44
USC00058022,9/16/2025,0,0,83,43
USC00058022,9/17/2025,0.23,0,71,43
USC00058022,9/18/2025,0.14,0,67,43
USC00058022,9/19/2025,0,0,71,44
USC00058022,9/20/2025,0,0,77,44
USC00058022,9/21/2025,0,0,76,48
USC00058022,9/22/2025,0,0,77,45
USC00058022,9/23/2025,0.62,0,74,47
USC00058022,9/24/2025,0.58,0,54,45
USC00058022,9/25/2025,0,0,67,42
USC00058022,9/26/2025,0,0,76,42
USC00058022,9/27/2025,0,0,79,40
USC00058022,9/28/2025,0,0,77,40
USC00058022,9/29/2025,0,0,75,44
USC00058022,9/30/2025,0,0,72,48
USC00058022,10/1/2025,0,0,76,47
USC00058022,10/2/2025,0,0,76,42
USC00058022,10/3/2025,0,0,79,44
USC00058022,10/4/2025,0,0,84,49
USC00058022,10/5/2025,0,0,78,32
USC00058022,10/6/2025,0.11,0,64,31
USC00058022,10/7/2025,0.02,0,47,42
USC00058022,10/8/2025,0,0,55,40
USC00058022,10/9/2025,0,0,78,43
USC00058022,10/10/2025,0,0,81,45
USC00058022,10/11/2025,0,0,68,49
USC00058022,10/12/2025,0,0,69,41
USC00058022,10/13/2025,0,0,69,30
USC00058022,10/14/2025,0,0,59,28
USC00058022,10/15/2025,0,0,78,39
USC00058022,10/16/2025,0,0,82,38
USC00058022,10/17/2025,0,0,72,28
USC00058022,10/18/2025,0,0,72,28
USC00058022,10/19/2025,0,0,63,30
USC00058022,10/20/2025,0,0,80,30
USC00058022,10/21/2025,0,0,66,26
USC00058022,10/22/2025,0,0,71,29
USC00058022,10/23/2025,0,0,70,34
USC00058022,10/24/2025,0,0,69,35
USC00058022,10/25/2025,0,0,62,35
USC00058022,10/26/2025,0,0,70,37
USC00058022,10/27/2025,0,0,67,31
USC00058022,10/28/2025,0.13,0,58,24
USC00058022,10/29/2025,0,0,46,18
USC00058022,10/30/2025,0,0,61,21
USC00058022,10/31/2025,0,0,53,23
USC00058022,11/1/2025,0,0,46,22
USC00058022,11/2/2025,0,0,62,27
USC00058022,11/3/2025,0,0,81,30
USC00058022,11/4/2025,0,0,53,26
USC00058022,11/5/2025,0,0,73,26
USC00058022,11/6/2025,0,0,67,26
USC00058022,11/7/2025,0,0,68,26
USC00058022,11/8/2025,0,0,62,26
USC00058022,11/9/2025,0,0,51,17
USC00058022,11/10/2025,0,0,48,22
USC00058022,11/11/2025,0,0,65,31
USC00058022,11/12/2025,0,0,65,33
USC00058022,11/13/2025,0,0,66,35
USC00058022,11/14/2025,0,0,72,37
USC00058022,11/15/2025,0,0,76,34
USC00058022,11/16/2025,0,0,76,36
USC00058022,11/17/2025,0.02,0,69,29
USC00058022,11/18/2025,0,0,58,29
USC00058022,11/19/2025,0,0,61,25
USC00058022,11/20/2025,0,0,62,26
USC00058022,11/21/2025,,0,51,35
USC00058022,11/22/2025,,0,50,30
USC00058022,11/23/2025,0,0,58,31
USC00058022,11/24/2025,0,0,52,25
USC00058022,11/25/2025,0,0,54,22
USC00058022,11/26/2025,0,0,38,17
USC00058022,11/27/2025,0,0,48,20
USC00058022,11/28/2025,0,0,50,23
USC00058022,11/29/2025,0,0,62,19
USC00058022,11/30/2025,0,0,26,7
USC00058022,12/1/2025,0,0,25,10
USC00058022,12/2/2025,0,0,39,12
USC00058022,12/3/2025,0.24,4.4,50,23
USC00058022,12/4/2025,0.44,8,27,10
USC00058022,12/5/2025,0,0,33,10
USC00058022,12/6/2025,0,0,46,15
USC00058022,12/7/2025,0,0,50,15
USC00058022,12/8/2025,0,0,43,13
USC00058022,12/9/2025,0,0,50,18
USC00058022,12/10/2025,0,0,50,18
USC00058022,12/11/2025,0,0,49,29
USC00058022,12/12/2025,0,0,62,32
USC00058022,12/13/2025,0,0,62,35
USC00058022,12/14/2025,0,0,65,29
USC00058022,12/15/2025,0,0,60,29
USC00058022,12/16/2025,0,0,57,27
USC00058022,12/17/2025,0,0,62,30
USC00058022,12/18/2025,0.08,0,68,20
USC00058022,12/19/2025,0,0,56,18
USC00058022,12/20/2025,0,0,69,34
USC00058022,12/21/2025,0,0,52,24
USC00058022,12/22/2025,0,0,60,24
USC00058022,12/23/2025,0,0,74,29
USC00058022,12/24/2025,0,0,66,30
USC00058022,12/25/2025,0,0,66,29
USC00058022,12/26/2025,0,0,71,26
USC00058022,12/27/2025,0,0,65,26
USC00058022,12/28/2025,0.08,2.5,59,15
USC00058022,12/29/2025,0,0,30,10
USC00058022,12/30/2025,0,0,41,14
USC00058022,12/31/2025,0,0,49,22
USC00058022,1/1/2026,0,0,55,29
USC00058022,1/2/2026,0,0,52,28
USC00058022,1/3/2026,0,0,58,26
USC00058022,1/4/2026,0,0,56,26
USC00058022,1/5/2026,0,0,66,25
USC00058022,1/6/2026,0,0,58,23
USC00058022,1/7/2026,0,0,55,22
USC00058022,1/8/2026,0,0,56,22
USC00058022,1/9/2026,0.33,6,35,22
USC00058022,1/10/2026,0.08,2,26,6
USC00058022,1/11/2026,0,0,35,9
USC00058022,1/12/2026,0,0,45,19
USC00058022,1/13/2026,0,0,53,26
USC00058022,1/14/2026,0,0,51,32
USC00058022,1/15/2026,0,0,51,27
USC00058022,1/16/2026,0,0,60,16
USC00058022,1/17/2026,0,0,37,14
USC00058022,1/18/2026,0,0,31,11
USC00058022,1/19/2026,0.03,0.5,53,15
USC00058022,1/20/2026,0,0,43,15
USC00058022,1/21/2026,0,0,59,12
USC00058022,1/22/2026,0,0,49,10
USC00058022,1/23/2026,0,0,38,8
USC00058022,1/24/2026,0.02,0.5,22,6
USC00058022,1/25/2026,0,0,19,-1
USC00058022,1/26/2026,0.08,2,27,-1
USC00058022,1/27/2026,0,0,42,0
USC00058022,1/28/2026,0,0,47,12
USC00058022,1/29/2026,0,0,48,17
USC00058022,1/30/2026,0,0,43,15
USC00058022,1/31/2026,0,0,45,16
USC00058022,2/1/2026,0,0,57,22
USC00058022,2/2/2026,0,0,60,22
USC00058022,2/3/2026,0,0,48,17
USC00058022,2/4/2026,0,0,47,17
USC00058022,2/5/2026,0,0,50,21
USC00058022,2/6/2026,0,0,62,27
USC00058022,2/7/2026,0,0,65,26
USC00058022,2/8/2026,0,0,61,24
USC00058022,2/9/2026,0,0,63,23
USC00058022,2/10/2026,0,0,72,25
USC00058022,2/11/2026,0,0,45,25
USC00058022,2/12/2026,0,0,63,26
USC00058022,2/13/2026,0,0,56,26
USC00058022,2/14/2026,0.02,0,54,28
USC00058022,2/15/2026,0,0,55,28
USC00058022,2/16/2026,0,0,70,27
USC00058022,2/17/2026,0,0,67,29
USC00058022,2/18/2026,0,0,51,21
USC00058022,2/19/2026,0,0,50,15
USC00058022,2/20/2026,0,0,37,8
USC00058022,2/21/2026,0,0,27,4
USC00058022,2/22/2026,0,0,45,4
USC00058022,2/23/2026,0,0,52,20
USC00058022,2/24/2026,0,0,65,28
USC00058022,2/25/2026,0,0,72,29
USC00058022,2/26/2026,0,0,68,34
USC00058022,2/27/2026,0,0,62,25
USC00058022,2/28/2026,0,0,65,25
USC00058022,3/1/2026,0,0,68,25
USC00058022,3/2/2026,0,0,61,30
USC00058022,3/3/2026,0,0,69,28
USC00058022,3/4/2026,0.5,0,48,28
USC00058022,3/5/2026,0,0,60,28
USC00058022,3/6/2026,,,68,32
USC00058022,3/7/2026,,12,32,15
USC00058022,3/8/2026,0,0,46,16
USC00058022,3/9/2026,0,0,62,28
USC00058022,3/10/2026,0,0,72,38
USC00058022,3/11/2026,0.02,0,69,29
USC00058022,3/12/2026,0,0,49,23
USC00058022,3/13/2026,0,0,67,23
USC00058022,3/14/2026,0,0,69,34
USC00058022,3/15/2026,0.34,5.5,72,24
USC00058022,3/16/2026,0.09,1,24,9
USC00058022,3/17/2026,0,0,49,15
USC00058022,3/18/2026,0,0,70,15
USC00058022,3/19/2026,0,0,80,31
USC00058022,3/20/2026,0,0,83,31
USC00058022,3/21/2026,0,0,83,36
USC00058022,3/22/2026,0,0,88,36
USC00058022,3/23/2026,0,0,61,40
USC00058022,3/24/2026,0,0,70,41
USC00058022,3/25/2026,0,0,74,40
USC00058022,3/26/2026,0,0,87,40
USC00058022,3/27/2026,0,0,77,38
USC00058022,3/28/2026,0,0,50,34
USC00058022,3/29/2026,0,0,79,35
USC00058022,3/30/2026,0,0,77,36
USC00058022,3/31/2026,0,0,76,38
USC00058022,4/1/2026,0,0,53,31
USC00058022,4/2/2026,0.02,0,56,31
USC00058022,4/3/2026,0,0,70,30
USC00058022,4/4/2026,0,0,54,23
USC00058022,4/5/2026,0,0,61,24
USC00058022,4/6/2026,0,0,66,26
USC00058022,4/7/2026,0,0,65,30
USC00058022,4/8/2026,0,0,71,31
USC00058022,4/9/2026,0,0,71,31
USC00058022,4/10/2026,0,0,70,34
USC00058022,4/11/2026,0,0,62,34
USC00058022,4/12/2026,0,0,74,30
USC00058022,4/13/2026,0,0,74,30
USC00058022,4/14/2026,0,0,72,33
USC00058022,4/15/2026,0,0,,27
USC00058022,4/16/2026,0,0,66,27
USC00058022,4/17/2026,0,0,75,32
USC00058022,4/18/2026,0.36,6,39,19
USC00058022,4/19/2026,0,0,56,18
USC00058022,4/20/2026,0,0,71,32
USC00058022,4/21/2026,0,0,77,40
USC00058022,4/22/2026,0,0,83,41
USC00058022,4/23/2026,0,0,80,40
USC00058022,4/24/2026,0,0,61,28
USC00058022,4/25/2026,0,0,73,28
USC00058022,4/26/2026,0,0,,28
USC00058022,4/27/2026,0.23,0,53,29
USC00058022,4/28/2026,0.07,0,47,30
USC00058022,4/29/2026,0.02,0,55,33
USC00058022,4/30/2026,0.15,0,56,32
USC00058022,5/1/2026,0.12,0,42,32
USC00058022,5/2/2026,0,0,59,31
USC00058022,5/3/2026,0,0,69,34
USC00058022,5/4/2026,0,0,70,41
USC00058022,5/5/2026,0.19,0,71,38
USC00058022,5/6/2026,0.84,4,38,29
USC00058022,5/7/2026,0.16,0,38,29
USC00058022,5/8/2026,0,0,66,31
USC00058022,5/9/2026,0,0,68,34
USC00058022,5/10/2026,0.02,0,74,40
USC00058022,5/11/2026,0,0,68,42
USC00058022,5/12/2026,0,0,84,46
USC00058022,5/13/2026,0,0,77,43
USC00058022,5/14/2026,0,0,88,49
USC00058022,5/15/2026,0,0,86,45
USC00058022,5/16/2026,0,0,83,42
USC00058022,5/17/2026,0,0,73,41
USC00058022,5/18/2026,0.09,0,63,40
USC00058022,5/19/2026,0.54,0,42,32
USC00058022,5/20/2026,0.21,0,46,33
USC00058022,5/21/2026,0.39,0,54,39
USC00058022,5/22/2026,0,0,67,35
USC00058022,5/23/2026,0.07,0,62,37
USC00058022,5/24/2026,0,0,74,42
USC00058022,5/25/2026,0,0,78,46
USC00058022,5/26/2026,0.05,0,79,47
USC00058022,5/27/2026,0.02,0,72,50
USC00058022,5/28/2026,0,0,72,48
USC00058022,5/29/2026,0.06,0,72,48
USC00058022,5/30/2026,0,0,80,43
USC00058022,5/31/2026,0,0,78,39
USC00058022,6/1/2026,0,0,78,44
USC00058022,6/2/2026,0.04,0,74,44
USC00058022,6/3/2026,0,0,76,47
USC00058022,6/4/2026,0,0,76,50
USC00058022,6/5/2026,0,0,84,47
USC00058022,6/6/2026,0,0,85,47
USC00058022,6/7/2026,0,0,87,47
USC00058022,6/8/2026,0,0,89,47
USC00058022,6/9/2026,0,0,79,48
USC00058022,6/10/2026,0,0,88,46
USC00058022,6/11/2026,0,0,89,45
USC00058022,6/12/2026,0,0,77,41
USC00058022,6/13/2026,0,0,90,42
USC00058022,6/14/2026,0,0,76,51
USC00058022,6/15/2026,0.04,0,66,43
USC00058022,6/16/2026,0,0,77,44
USC00058022,6/17/2026,0,0,90,50
USC00058022,6/18/2026,0,0,92,46
USC00058022,6/19/2026,0,0,84,46
USC00058022,6/20/2026,0,0,78,48
USC00058022,6/21/2026,0,0,85,54
USC00058022,6/22/2026,0,0,84,50
USC00058022,6/23/2026,0,0,86,51
USC00058022,6/24/2026,0,0,79,60
USC00058022,6/25/2026,0.35,0,82,56
USC00058022,6/26/2026,0,0,74,53
USC00058022,6/27/2026,0.09,0,85,53
USC00058022,6/28/2026,0,0,93,48
USC00058022,6/29/2026,0,0,84,46
USC00058022,6/30/2026,0,0,89,46
USC00058022,7/1/2026,0,0,89,47
USC00058022,7/2/2026,0,0,88,50
USC00058022,7/3/2026,0,0,87,51
USC00058022,7/4/2026,0,0,87,52
USC00058022,7/5/2026,0,0,86,55
USC00058022,7/6/2026,0,0,91,61
USC00058022,7/7/2026,0,0,92,56
USC00058022,7/8/2026,0.08,0,92,54
USC00058022,7/9/2026,0.06,0,91,54
USC00058022,7/10/2026,0,0,87,51
USC00058022,7/11/2026,0,0,89,55
USC00058022,7/12/2026,0,0,94,62
USC00058022,7/13/2026,0,0,94,64
USC00058022,7/14/2026,0,0,95,61
USC00058022,7/15/2026,0,0,93,62
USC00058022,7/16/2026,0,0,91,58
USC00058022,7/17/2026,0.08,0,90,56
USC00058022,7/18/2026,0,0,90,57
USC00058022,7/19/2026,0,0,91,59
USC00058022,7/20/2026,0,0,97,63
USC00058022,7/21/2026,0,0,99,60
USC00058022,7/22/2026,0,0,94,58
USC00058022,7/23/2026,0.48,0,95,59
USC00058022,7/24/2026,0.63,0,85,59
USC00058022,7/25/2026,0.15,0,92,63
USC00058022,7/26/2026,0,0,97,64
USC00058022,7/27/2026,0,0,98,69
USC00058022,7/28/2026,0.04,0,88,61
USC00058022,7/29/2026,0,0,88,63
USC00058022,7/30/2026,0.08,0,85,60
USC00058022,7/31/2026,0,0,92,56
USC00058022,8/1/2026,0.04,0,87,56
USC00058022,8/2/2026,0,0,90,59
USC00058022,8/3/2026,0,0,98,66
USC00058022,8/4/2026,0,0,98,59
USC00058022,8/5/2026,0.04,0,71,47
USC00058022,8/6/2026,0,0,80,46
USC00058022,8/7/2026,0,0,96,54
USC00058022,8/8/2026,0,0,92,57
USC00058022,8/9/2026,0,0,94,58
USC00058022,8/10/2026,0,0,91,57
USC00058022,8/11/2026,0,0,92,58
USC00058022,8/12/2026,0,0,92,64
USC00058022,8/13/2026,0.35,0,92,56
USC00058022,8/14/2026,0.56,0,80,55
USC00058022,8/15/2026,0.46,0,84,56
USC00058022,8/16/2026,0.45,0,81,51
USC00058022,8/17/2026,0.01,0,83,53
USC00058022,8/18/2026,0,0,90,53
