Date,site_no,Dissolved_Oxygen_Max,Dissolved_Oxygen_Mean,Dissolved_Oxygen_Min,Specific_Cond_Max,Specific_Cond_Mean,Specific_Cond_Min,Temp_C_Max,Temp_C_Mean,Temp_C_Min,Turbidity_Max,Turbidity_Median,Turbidity_Min,pH_Max,pH_Median,pH_Min
2022-04-01,06707525,10.6,9.9,9.2,315.0,307.0,303.0,10.5,7.3,4.8,3.4,1.1,0.5,8.4,8.2,8.1
2022-04-02,06707525,10.9,9.9,9.2,320.0,317.0,312.0,10.5,7.4,3.9,3.0,1.5,1.0,8.4,8.3,8.2
2022-04-03,06707525,10.7,10.2,9.7,320.0,316.0,311.0,8.1,6.3,5.1,2.3,1.2,0.9,8.4,8.3,8.2
2022-04-04,06707525,10.9,10.0,9.2,315.0,314.0,311.0,10.5,7.2,3.8,1.7,1.2,0.7,8.4,8.3,8.2
2022-04-05,06707525,10.2,9.7,9.3,318.0,315.0,310.0,10.2,8.2,6.1,1.8,1.1,0.7,8.5,8.3,8.2
2022-04-06,06707525,11.3,10.4,9.9,326.0,315.0,310.0,8.3,5.9,3.1,1.8,1.2,0.7,8.4,8.3,8.2
2022-04-07,06707525,11.7,10.6,9.8,332.0,323.0,317.0,8.8,5.7,2.2,2.9,1.3,0.5,8.4,8.3,8.2
2022-04-08,06707525,11.5,10.3,9.4,334.0,326.0,319.0,10.3,6.7,2.5,2.8,1.8,1.4,8.4,8.3,8.2
2022-04-09,06707525,10.7,10.0,9.3,328.0,322.0,317.0,9.9,7.4,4.7,2.2,1.6,1.2,8.4,8.3,8.2
2022-04-10,06707525,10.3,9.7,9.0,322.0,319.0,316.0,11.4,8.5,5.9,2.1,1.5,1.0,8.5,8.3,8.2
2022-04-11,06707525,10.8,9.8,9.2,322.0,320.0,316.0,10.7,7.8,4.4,1.7,1.2,0.8,8.5,8.3,8.2
2022-04-12,06707525,10.3,9.8,9.4,324.0,321.0,319.0,9.4,7.6,6.0,1.7,1.2,0.8,8.5,8.3,8.2
2022-04-13,06707525,11.4,10.7,10.0,330.0,324.0,319.0,6.8,4.7,2.9,1.4,1.1,0.7,8.4,8.3,8.1
2022-04-14,06707525,11.8,10.6,9.5,334.0,331.0,326.0,9.3,5.5,1.3,1.4,1.0,0.7,8.5,8.3,8.2
2022-04-15,06707525,10.9,9.9,9.1,334.0,326.0,322.0,11.6,8.1,4.3,1.6,1.2,0.9,8.5,8.3,8.2
2022-04-16,06707525,10.9,10.0,9.5,329.0,325.0,324.0,9.6,7.9,4.8,1.6,1.2,0.9,8.4,8.3,8.2
2022-04-17,06707525,10.7,9.7,8.9,330.0,327.0,324.0,12.7,9.1,5.3,1.5,1.1,0.8,8.5,8.3,8.2
2022-04-18,06707525,10.8,9.8,9.0,329.0,326.0,324.0,12.3,9.3,5.7,3.4,1.2,0.6,8.5,8.3,8.2
2022-04-19,06707525,10.8,9.6,8.7,335.0,333.0,329.0,12.7,9.3,5.0,10.8,2.7,1.7,8.5,8.3,8.2
2022-04-20,06707525,10.5,9.6,8.8,336.0,332.0,326.0,12.9,9.6,5.9,8.0,4.5,4.0,8.4,8.3,8.2
2022-04-21,06707525,10.6,9.5,8.8,332.0,328.0,323.0,13.3,9.9,5.7,4.6,3.4,2.9,8.4,8.3,8.2
2022-04-22,06707525,10.4,9.4,8.7,329.0,319.0,305.0,13.0,10.1,6.3,3.7,2.8,2.2,8.4,8.3,8.2
2022-04-23,06707525,10.2,9.4,8.9,470.0,344.0,264.0,12.8,9.9,6.8,31.4,10.6,2.3,8.4,8.2,8.1
2022-04-24,06707525,10.8,10.2,9.6,385.0,371.0,329.0,9.5,7.2,5.0,7.1,4.5,3.4,8.4,8.3,8.2
2022-04-25,06707525,11.1,10.3,9.5,330.0,327.0,324.0,10.0,7.3,4.3,4.0,3.0,2.3,8.4,8.2,8.1
2022-04-26,06707525,11.0,10.0,9.1,333.0,330.0,326.0,11.6,8.3,4.5,3.3,2.8,2.3,8.4,8.3,8.1
2022-04-27,06707525,10.6,9.9,9.4,335.0,328.0,317.0,10.1,8.5,5.8,4.4,2.9,2.4,8.3,8.2,8.1
2022-04-28,06707525,10.6,9.8,9.2,332.0,327.0,317.0,11.1,8.7,5.6,11.7,7.3,4.4,8.3,8.2,8.1
2022-04-29,06707525,10.4,9.8,9.2,334.0,331.0,328.0,11.4,8.8,6.2,8.7,3.9,3.3,8.4,8.2,8.1
2022-04-30,06707525,10.9,9.9,9.2,340.0,337.0,330.0,11.5,8.4,4.9,10.9,6.2,4.0,8.3,8.2,8.0
2022-05-01,06707525,10.6,9.9,9.5,345.0,339.0,335.0,10.0,8.4,6.0,5.3,4.6,3.6,8.3,8.2,8.1
2022-05-02,06707525,10.4,10.2,9.8,339.0,336.0,333.0,8.6,7.2,6.4,4.6,4.0,3.3,8.2,8.2,8.1
2022-05-03,06707525,10.8,10.0,9.2,340.0,336.0,330.0,11.1,8.2,5.0,4.0,3.1,2.6,8.3,8.2,8.1
2022-05-04,06707525,10.3,10.0,9.7,336.0,329.0,322.0,9.1,8.2,6.8,4.8,3.8,3.3,8.2,8.1,8.1
2022-05-05,06707525,10.8,9.9,9.0,334.0,329.0,324.0,12.3,8.7,5.3,5.8,3.2,2.4,8.3,8.1,8.0
2022-05-06,06707525,10.0,9.4,9.0,337.0,330.0,324.0,12.6,10.4,8.4,3.7,3.0,2.6,8.4,8.1,8.0
2022-05-07,06707525,9.9,9.2,8.5,332.0,323.0,315.0,14.1,11.3,8.3,5.6,4.4,2.8,8.3,8.1,8.0
2022-05-08,06707525,9.7,9.2,8.9,322.0,308.0,294.0,12.3,10.8,9.3,14.2,10.3,3.9,8.2,8.1,8.0
2022-05-09,06707525,9.9,9.2,8.6,316.0,305.0,296.0,14.1,11.0,7.9,7.3,5.9,4.5,8.3,8.1,8.0
2022-05-10,06707525,10.0,9.4,8.9,326.0,309.0,301.0,12.9,10.7,8.0,13.2,8.7,5.1,8.2,8.1,8.0
2022-05-11,06707525,10.1,9.3,8.7,311.0,296.0,284.0,13.6,10.9,7.7,12.4,8.9,5.2,8.2,8.1,8.0
2022-05-12,06707525,9.9,9.4,9.0,313.0,294.0,282.0,12.8,10.6,8.1,13.7,10.5,5.8,8.2,8.1,8.0
2022-05-13,06707525,10.3,9.6,9.0,317.0,302.0,277.0,12.8,10.1,6.9,6.9,4.6,3.6,8.2,8.1,7.9
2022-05-14,06707525,10.3,9.5,8.9,320.0,308.0,299.0,12.8,10.4,7.2,4.6,4.0,3.3,8.2,8.1,8.0
2022-05-15,06707525,10.1,9.3,8.7,312.0,302.0,287.0,14.0,11.4,8.3,5.9,4.5,3.2,8.3,8.1,8.0
2022-05-16,06707525,9.9,9.5,9.1,303.0,295.0,285.0,11.6,10.4,8.6,11.8,6.4,3.8,8.2,8.1,8.0
2022-05-17,06707525,10.1,9.5,9.1,308.0,295.0,289.0,11.9,10.0,7.6,5.7,4.1,3.5,8.3,8.1,8.0
2022-05-18,06707525,10.1,9.4,8.8,303.0,296.0,290.0,13.1,10.5,7.9,4.9,3.9,3.4,8.3,8.1,8.0
2022-05-19,06707525,9.7,9.2,8.7,297.0,286.0,269.0,13.2,11.1,8.9,11.0,4.8,3.5,8.3,8.1,8.0
2022-05-20,06707525,11.2,10.0,9.1,296.0,287.0,274.0,11.4,7.7,3.6,5.7,4.4,4.0,8.1,8.1,8.0
2022-05-21,06707525,11.7,10.9,10.1,289.0,273.0,267.0,7.6,4.9,2.2,7.3,4.7,4.2,8.2,8.1,8.0
2022-05-22,06707525,10.6,9.9,9.2,289.0,259.0,245.0,11.4,8.4,5.6,7.4,6.1,4.6,8.2,8.0,8.0
2022-05-23,06707525,10.2,9.7,9.3,288.0,279.0,262.0,11.0,9.2,7.2,7.0,4.2,3.3,8.3,8.1,8.0
2022-05-24,06707525,10.1,9.8,9.4,292.0,286.0,280.0,10.7,8.8,7.3,7.1,5.0,3.6,8.3,8.1,8.0
2022-05-25,06707525,10.6,9.7,8.9,307.0,295.0,283.0,12.8,9.5,5.9,8.3,4.0,2.8,8.3,8.1,8.0
2022-05-26,06707525,9.9,9.1,8.3,308.0,275.0,248.0,15.9,12.3,8.4,5.2,3.6,3.1,8.4,8.1,8.0
2022-05-27,06707525,9.6,9.0,8.7,267.0,254.0,239.0,14.0,12.3,10.1,9.3,6.4,4.2,8.2,8.1,8.0
2022-05-28,06707525,9.6,9.1,8.7,260.0,245.0,230.0,13.3,11.4,9.3,9.4,6.3,4.0,8.2,8.1,8.0
2022-05-29,06707525,9.6,9.1,8.8,253.0,249.0,245.0,12.8,11.1,8.9,5.6,4.8,4.3,8.3,8.1,8.0
2022-05-30,06707525,9.5,9.0,8.6,249.0,236.0,231.0,14.1,11.6,9.3,5.2,4.2,3.6,8.3,8.1,8.0
2022-05-31,06707525,9.9,9.5,9.2,238.0,236.0,229.0,11.3,9.9,8.5,5.0,4.0,3.5,8.2,8.0,8.0
2022-06-01,06707525,10.4,9.6,8.9,241.0,231.0,224.0,12.7,9.7,6.7,6.4,4.4,3.3,8.3,8.1,7.9
2022-06-02,06707525,9.5,8.9,8.3,235.0,219.0,210.0,15.9,13.0,10.2,11.9,7.6,4.2,8.3,8.0,7.9
2022-06-03,06707525,9.3,8.9,8.6,215.0,204.0,196.0,13.7,12.7,11.1,9.7,6.8,5.5,8.2,8.0,7.9
2022-06-04,06707525,9.5,8.9,8.4,211.0,210.0,208.0,14.8,12.4,9.9,6.1,5.4,5.0,8.2,8.0,7.9
2022-06-05,06707525,9.3,8.9,8.4,211.0,207.0,203.0,14.3,12.7,10.6,6.5,5.4,4.8,8.2,8.0,7.9
2022-06-06,06707525,9.2,8.9,8.4,206.0,201.0,192.0,14.8,12.8,11.0,8.7,5.9,5.1,8.1,8.0,7.9
2022-06-07,06707525,9.5,8.9,8.5,211.0,203.0,189.0,14.6,12.7,10.1,17.4,12.3,8.7,8.0,7.9,7.8
2022-06-08,06707525,9.2,8.7,8.2,209.0,197.0,173.0,16.4,14.1,11.6,12.2,10.0,7.0,8.1,7.9,7.8
2022-06-09,06707525,9.2,8.7,8.4,209.0,202.0,195.0,15.1,13.5,11.6,10.3,8.0,5.9,8.0,7.9,7.8
2022-06-10,06707525,9.3,8.7,8.2,209.0,204.0,198.0,16.2,13.9,11.3,10.1,7.4,5.8,8.1,7.9,7.8
2022-06-11,06707525,9.1,8.6,8.2,209.0,204.0,199.0,16.3,14.3,11.8,8.7,6.8,5.5,8.0,7.9,7.8
2022-06-12,06707525,8.9,8.5,8.3,205.0,201.0,196.0,15.5,14.3,12.5,8.7,6.5,5.7,8.0,7.9,7.8
2022-06-13,06707525,9.1,8.5,8.0,208.0,204.0,202.0,16.5,14.0,11.3,7.1,5.8,4.7,8.1,7.9,7.8
2022-06-14,06707525,9.0,8.6,8.2,209.0,207.0,204.0,15.9,14.1,12.1,6.3,5.2,4.1,8.1,7.9,7.9
2022-06-15,06707525,9.2,8.7,8.2,223.0,211.0,205.0,16.2,13.7,11.1,8.6,4.6,3.3,8.1,7.9,7.9
2022-06-16,06707525,9.4,8.8,8.3,233.0,229.0,223.0,16.0,13.5,10.3,8.6,6.5,4.7,8.1,7.9,7.8
2022-06-17,06707525,9.1,8.7,8.3,243.0,240.0,233.0,15.9,13.8,11.5,13.3,8.6,7.2,8.1,7.9,7.9
2022-06-18,06707525,9.1,8.9,8.7,248.0,246.0,243.0,13.8,12.5,11.3,13.3,11.1,8.7,8.0,7.9,7.9
2022-06-19,06707525,9.2,8.9,8.6,248.0,246.0,243.0,14.3,12.5,11.2,10.0,8.6,7.4,8.1,8.0,7.9
2022-06-20,06707525,9.3,8.8,8.5,248.0,245.0,242.0,14.9,12.9,10.7,9.0,7.2,5.9,8.1,8.0,7.9
2022-06-21,06707525,9.6,9.1,8.8,251.0,248.0,244.0,13.3,12.0,10.0,6.4,5.0,4.2,8.1,8.0,7.9
2022-06-22,06707525,9.6,9.1,8.7,251.0,250.0,248.0,13.4,11.7,9.6,5.9,4.6,3.9,8.1,8.0,7.9
2022-06-23,06707525,9.6,8.9,8.3,256.0,253.0,251.0,15.3,12.5,9.6,5.7,4.1,3.3,8.1,8.0,7.9
2022-06-24,06707525,9.5,9.0,8.7,256.0,254.0,252.0,13.4,12.0,10.0,4.8,4.0,3.4,8.1,8.0,7.9
2022-06-25,06707525,9.6,9.2,8.9,258.0,254.0,251.0,12.6,11.3,9.8,5.1,3.8,3.0,8.1,8.0,7.9
2022-06-26,06707525,9.5,9.2,9.1,253.0,247.0,241.0,12.3,11.5,10.5,12.8,4.8,3.3,8.1,8.0,7.9
2022-06-27,06707525,9.6,9.0,8.3,246.0,241.0,237.0,15.5,12.6,9.6,7.6,5.1,3.9,8.1,8.0,7.9
2022-06-28,06707525,9.4,8.9,8.5,259.0,252.0,246.0,14.9,13.0,10.5,5.8,4.2,3.0,8.1,8.0,7.9
2022-06-29,06707525,9.4,9.0,8.6,261.0,256.0,252.0,14.1,12.4,10.1,6.7,5.4,4.4,8.1,8.0,7.9
2022-06-30,06707525,9.2,9.1,8.9,261.0,256.0,252.0,12.9,11.8,11.2,6.7,4.9,4.2,8.0,8.0,7.9
2022-07-01,06707525,9.4,8.9,8.4,254.0,252.0,249.0,14.9,12.6,10.1,8.4,5.3,4.2,8.1,8.0,7.9
2022-07-02,06707525,9.3,8.8,8.4,257.0,254.0,251.0,15.2,13.1,10.5,7.4,4.6,3.9,8.1,8.0,7.9
2022-07-03,06707525,9.1,8.8,8.6,258.0,253.0,251.0,14.1,13.0,11.3,5.6,4.4,3.7,8.1,8.0,7.9
2022-07-04,06707525,9.3,8.7,8.3,258.0,255.0,252.0,15.5,13.2,10.6,6.9,4.4,3.6,8.1,8.0,7.9
2022-07-05,06707525,9.1,8.7,8.5,264.0,259.0,256.0,14.7,13.3,11.3,5.4,3.4,2.8,8.1,8.0,7.9
2022-07-06,06707525,9.1,8.7,8.5,267.0,260.0,255.0,14.6,13.2,11.3,7.3,4.8,3.8,8.1,8.0,7.9
2022-07-07,06707525,9.2,8.8,8.5,271.0,268.0,264.0,14.8,13.1,10.9,7.7,5.7,4.4,8.2,8.1,8.0
2022-07-08,06707525,9.2,8.7,8.3,275.0,273.0,270.0,15.8,13.5,11.2,5.6,4.3,3.5,8.2,8.1,8.0
2022-07-09,06707525,9.3,8.7,8.2,277.0,273.0,268.0,16.3,13.9,10.9,5.8,4.2,3.6,8.2,8.1,8.0
2022-07-10,06707525,9.2,8.7,8.3,275.0,272.0,268.0,14.9,13.3,11.4,5.3,4.2,3.5,8.2,8.1,8.0
2022-07-11,06707525,9.3,8.9,8.6,275.0,273.0,270.0,13.9,12.5,10.7,4.9,4.0,3.4,8.2,8.1,8.0
2022-07-12,06707525,9.3,8.8,8.4,270.0,267.0,263.0,14.8,13.0,10.8,5.0,4.0,3.4,8.2,8.1,8.0
2022-07-13,06707525,9.3,8.8,8.3,268.0,265.0,261.0,15.1,13.0,10.8,5.2,4.0,3.5,8.2,8.0,8.0
2022-07-14,06707525,9.3,8.7,8.4,271.0,267.0,264.0,14.8,13.1,10.8,5.3,3.8,2.9,8.2,8.0,8.0
2022-07-15,06707525,9.1,8.4,7.8,272.0,267.0,238.0,17.7,14.6,11.6,11.3,4.6,3.1,8.3,8.1,8.0
2022-07-16,06707525,8.9,8.4,8.1,272.0,260.0,212.0,16.3,14.9,12.5,12.1,5.3,3.7,8.2,8.0,7.9
2022-07-17,06707525,9.0,8.4,7.9,281.0,277.0,270.0,17.1,14.8,12.1,4.8,3.7,3.0,8.3,8.1,8.0
2022-07-18,06707525,9.0,8.5,8.2,285.0,282.0,280.0,15.6,14.1,12.3,3.8,3.0,2.5,8.2,8.1,8.0
2022-07-19,06707525,8.9,8.5,8.1,285.0,283.0,280.0,16.0,14.1,11.8,3.6,2.2,1.6,8.1,8.1,8.0
2022-07-20,06707525,9.0,8.5,8.2,288.0,285.0,282.0,16.0,14.1,11.8,2.7,1.9,1.5,8.2,8.0,7.9
2022-07-21,06707525,9.2,8.7,8.4,287.0,285.0,284.0,14.8,13.3,11.0,3.7,2.0,1.6,8.2,8.0,7.9
2022-07-22,06707525,9.2,8.7,8.4,287.0,285.0,284.0,14.6,13.0,10.7,2.7,2.0,1.6,8.2,8.1,8.0
2022-07-23,06707525,9.2,8.8,8.6,288.0,285.0,282.0,13.6,12.7,10.7,2.6,2.1,1.7,8.1,8.0,8.0
2022-07-24,06707525,9.2,8.8,8.5,287.0,283.0,275.0,14.1,12.7,10.9,17.8,2.2,1.6,8.1,8.0,7.9
2022-07-25,06707525,9.2,8.7,8.1,276.0,272.0,268.0,16.0,13.4,10.9,16.7,5.8,4.0,8.2,8.1,7.9
2022-07-26,06707525,8.9,8.4,8.0,285.0,277.0,271.0,16.9,14.8,12.1,4.8,3.1,2.0,8.2,8.1,8.0
2022-07-27,06707525,8.7,8.2,7.7,284.0,276.0,268.0,18.4,16.1,13.4,13.5,5.3,2.9,8.3,8.2,8.0
2022-07-28,06707525,8.6,8.4,8.0,284.0,279.0,264.0,16.8,15.0,13.9,72.5,5.8,3.1,8.3,8.1,8.0
2022-07-29,06707525,9.0,8.5,8.2,288.0,284.0,280.0,16.2,14.2,12.0,4.9,3.3,2.5,8.3,8.2,8.0
2022-07-30,06707525,9.1,8.5,7.9,287.0,282.0,276.0,17.4,14.5,11.4,4.7,2.9,2.4,8.3,8.1,8.0
2022-07-31,06707525,9.0,8.5,8.2,291.0,288.0,281.0,16.1,14.2,12.0,4.5,3.5,2.6,8.3,8.1,8.0
2022-08-01,06707525,9.2,8.7,8.4,291.0,288.0,286.0,14.7,13.1,10.9,4.6,3.2,2.5,8.2,8.1,7.9
2022-08-02,06707525,9.1,8.6,8.2,291.0,287.0,285.0,15.4,13.6,11.3,4.0,3.0,2.6,8.2,8.0,8.0
2022-08-03,06707525,9.0,8.5,8.2,292.0,289.0,285.0,16.2,14.1,11.7,3.9,2.7,2.0,8.3,8.1,7.9
2022-08-04,06707525,9.1,8.6,8.1,288.0,286.0,284.0,16.2,14.0,11.4,3.7,2.6,2.2,8.2,8.1,7.9
2022-08-05,06707525,9.0,8.5,8.2,289.0,287.0,286.0,16.0,14.1,12.0,4.5,2.8,2.0,8.3,8.0,7.9
2022-08-06,06707525,9.0,8.5,8.1,290.0,286.0,283.0,16.6,14.4,11.8,5.9,3.9,2.8,8.2,8.1,7.9
2022-08-07,06707525,8.8,8.4,8.1,296.0,289.0,271.0,16.6,15.0,12.7,158.0,7.5,4.4,8.3,8.1,7.9
2022-08-08,06707525,8.7,8.2,7.8,294.0,284.0,269.0,17.9,15.7,13.1,68.3,11.6,7.2,8.2,8.1,8.0
2022-08-09,06707525,8.7,8.2,7.8,296.0,290.0,284.0,18.0,15.9,13.3,10.9,7.0,5.3,8.3,8.2,8.0
2022-08-10,06707525,8.8,8.2,7.7,294.0,290.0,283.0,18.8,16.1,13.0,7.7,5.9,4.1,8.4,8.2,8.0
2022-08-11,06707525,8.9,8.3,7.8,297.0,294.0,285.0,18.2,15.6,12.5,8.6,5.8,3.9,8.3,8.2,8.0
2022-08-12,06707525,9.2,8.5,8.0,300.0,298.0,296.0,17.1,14.6,11.3,8.2,6.1,4.6,8.3,8.2,8.0
2022-08-13,06707525,9.1,8.5,8.0,300.0,298.0,296.0,16.7,14.5,11.5,6.7,5.5,4.6,8.3,8.3,8.0
2022-08-14,06707525,8.9,8.4,8.0,296.0,291.0,287.0,16.9,15.0,12.2,5.9,4.7,3.6,8.4,8.3,8.0
2022-08-15,06707525,8.7,8.4,8.0,290.0,282.0,266.0,16.6,14.7,13.0,285.0,4.6,3.0,8.4,8.2,8.0
2022-08-16,06707525,8.8,8.7,8.5,284.0,273.0,265.0,14.2,13.3,12.6,29.0,9.6,7.4,8.2,8.1,8.0
2022-08-17,06707525,9.0,8.5,7.9,282.0,263.0,254.0,17.5,14.5,11.6,9.9,8.4,6.9,8.6,8.2,8.0
2022-08-18,06707525,9.0,8.4,7.8,280.0,276.0,268.0,17.8,15.1,11.7,8.3,5.8,4.4,8.6,8.4,8.0
2022-08-19,06707525,8.9,8.4,8.1,296.0,286.0,280.0,16.1,14.7,12.5,6.6,5.2,3.8,8.6,8.4,8.1
2022-08-20,06707525,9.0,8.6,8.4,294.0,288.0,274.0,14.7,13.5,12.0,7.7,5.3,4.3,8.4,8.3,8.0
2022-08-21,06707525,9.0,8.6,8.3,290.0,284.0,276.0,15.4,13.6,12.0,9.3,6.9,5.8,8.4,8.3,8.0
2022-08-22,06707525,9.1,8.6,8.3,282.0,274.0,264.0,15.4,13.6,11.6,11.2,8.6,7.1,8.5,8.2,8.0
2022-08-23,06707525,9.2,8.6,8.0,299.0,282.0,273.0,16.6,13.9,10.8,7.6,5.9,3.6,8.7,8.3,7.9
2022-08-24,06707525,9.1,8.6,8.1,299.0,289.0,274.0,16.5,14.0,11.2,8.4,6.0,4.2,8.6,8.3,8.0
2022-08-25,06707525,9.2,8.8,8.5,289.0,285.0,274.0,14.3,13.1,11.0,8.2,5.4,4.8,8.5,8.2,8.0
2022-08-26,06707525,9.2,8.8,8.4,287.0,283.0,275.0,14.4,12.9,11.1,8.5,5.4,4.7,8.5,8.2,8.0
2022-08-27,06707525,9.2,8.7,8.2,288.0,284.0,280.0,15.3,13.0,10.6,8.3,7.3,5.7,8.5,8.2,8.0
2022-08-28,06707525,9.3,8.9,8.5,295.0,290.0,286.0,14.3,12.3,10.0,6.2,5.1,4.1,8.4,8.1,7.9
2022-08-29,06707525,9.4,8.8,8.2,297.0,295.0,293.0,15.6,13.0,10.1,6.5,4.9,4.1,8.5,8.2,8.0
2022-08-30,06707525,9.3,8.7,8.2,299.0,296.0,290.0,16.1,13.6,10.9,5.4,4.1,3.0,8.4,8.2,8.0
2022-08-31,06707525,9.1,8.7,8.3,301.0,297.0,292.0,15.3,13.4,11.4,4.5,3.7,2.8,8.3,8.2,8.0
2022-09-01,06707525,9.5,8.9,8.4,300.0,297.0,294.0,14.9,12.5,9.8,4.7,3.6,3.0,8.4,8.2,7.9
2022-09-02,06707525,9.5,8.9,8.4,299.0,296.0,295.0,15.1,12.7,9.8,5.7,4.3,3.5,8.4,8.2,8.0
2022-09-03,06707525,9.3,8.8,8.3,300.0,297.0,295.0,15.6,13.3,10.6,4.6,3.7,3.2,8.4,8.1,8.0
2022-09-04,06707525,9.4,8.8,8.3,299.0,296.0,293.0,15.3,12.9,10.0,4.4,3.7,3.2,8.4,8.2,8.0
2022-09-05,06707525,9.4,8.8,8.3,299.0,297.0,295.0,15.3,12.9,9.9,4.2,3.3,2.9,8.4,8.1,7.9
2022-09-06,06707525,9.4,8.8,8.3,303.0,299.0,296.0,15.3,13.0,10.0,4.2,3.4,2.7,8.5,8.2,8.0
2022-09-07,06707525,9.4,8.8,8.3,303.0,299.0,297.0,15.4,13.1,10.4,4.0,3.0,2.5,8.5,8.2,8.0
2022-09-08,06707525,9.4,8.8,8.4,305.0,301.0,296.0,14.6,12.8,10.2,5.3,3.1,2.5,8.5,8.2,8.0
2022-09-09,06707525,9.1,8.7,8.4,306.0,300.0,294.0,14.5,13.0,11.1,4.9,3.2,2.3,8.6,8.3,8.0
2022-09-10,06707525,9.3,9.1,8.7,296.0,293.0,286.0,13.1,11.5,10.4,3.7,2.9,2.2,8.3,8.1,8.0
2022-09-11,06707525,9.7,9.1,8.5,290.0,287.0,284.0,14.2,11.5,9.0,3.4,2.6,1.9,8.5,8.3,8.0
2022-09-12,06707525,9.6,9.0,8.5,291.0,288.0,285.0,13.9,11.8,9.3,3.6,2.7,2.0,8.5,8.3,8.0
2022-09-13,06707525,9.6,9.0,8.5,293.0,289.0,286.0,13.7,11.6,9.0,3.6,2.6,2.1,8.5,8.2,8.0
2022-09-14,06707525,9.1,8.8,8.6,295.0,291.0,288.0,13.1,12.2,11.3,4.0,2.7,1.8,8.4,8.2,8.0
2022-09-15,06707525,9.3,8.8,8.5,299.0,290.0,286.0,14.2,12.4,10.5,4.3,3.4,2.6,8.5,8.2,8.0
2022-09-16,06707525,9.4,8.9,8.6,290.0,286.0,282.0,13.4,12.0,9.9,3.2,2.6,2.1,8.5,8.2,8.0
2022-09-17,06707525,9.4,8.9,8.5,286.0,284.0,282.0,13.6,12.0,10.0,3.3,2.6,2.0,8.4,8.2,8.0
2022-09-18,06707525,9.4,8.9,8.4,287.0,285.0,283.0,14.1,12.1,9.6,3.6,2.6,1.9,8.4,8.3,8.0
2022-09-19,06707525,9.4,8.8,8.4,288.0,286.0,284.0,14.4,12.4,10.0,3.1,2.3,1.9,8.4,8.3,8.0
2022-09-20,06707525,9.4,8.8,8.5,287.0,286.0,284.0,14.0,12.5,10.1,3.4,2.2,1.5,8.4,8.3,8.0
2022-09-21,06707525,9.1,8.9,8.6,288.0,286.0,283.0,13.2,12.4,11.9,2.5,1.9,1.3,8.3,8.3,8.0
2022-09-22,06707525,9.2,9.0,8.7,283.0,280.0,271.0,12.9,11.8,10.9,3.6,2.4,1.9,8.3,8.2,8.0
2022-09-23,06707525,9.4,9.0,8.5,276.0,274.0,269.0,13.7,11.8,9.7,3.6,2.9,1.9,8.4,8.2,8.0
2022-09-24,06707525,9.6,9.1,8.7,279.0,278.0,275.0,13.1,11.2,8.9,3.3,2.6,1.9,8.4,8.2,7.9
2022-09-25,06707525,9.7,9.2,8.8,282.0,280.0,278.0,12.7,10.9,8.7,2.9,2.3,1.7,8.4,8.2,7.9
2022-09-26,06707525,9.7,9.2,8.7,283.0,280.0,276.0,13.1,11.2,8.8,2.9,2.2,1.6,8.4,8.2,8.0
2022-09-27,06707525,9.5,9.2,8.9,288.0,285.0,277.0,11.9,10.9,10.1,3.1,2.5,1.9,8.3,8.2,8.0
2022-09-28,06707525,9.6,9.2,8.8,285.0,282.0,276.0,13.0,11.1,9.2,3.3,2.4,1.8,8.4,8.2,8.0
2022-09-29,06707525,9.5,9.0,8.6,284.0,279.0,275.0,13.2,11.7,10.0,4.2,2.7,2.0,8.4,8.2,8.0
2022-09-30,06707525,9.3,8.9,8.7,286.0,283.0,280.0,13.0,12.0,10.2,6.2,3.9,3.0,8.4,8.2,8.0
2022-10-01,06707525,9.1,8.8,8.5,298.0,287.0,281.0,14.0,12.8,11.2,6.5,5.2,4.2,8.5,8.2,8.0
2022-10-02,06707525,9.3,8.9,8.5,303.0,295.0,286.0,13.7,12.3,10.6,6.7,5.4,4.1,8.5,8.2,8.1
2022-10-03,06707525,9.3,8.8,8.4,300.0,296.0,293.0,14.3,12.7,10.5,6.2,4.8,3.8,8.6,8.3,8.0
2022-10-04,06707525,9.0,8.6,8.3,347.0,323.0,297.0,14.9,13.5,11.5,6.9,5.1,3.6,8.7,8.3,8.1
2022-10-05,06707525,9.1,8.6,8.3,346.0,322.0,317.0,15.4,13.8,11.7,6.9,5.3,4.4,8.6,8.3,8.1
2022-10-06,06707525,9.2,8.7,8.3,323.0,321.0,319.0,15.4,13.4,10.7,5.3,4.6,3.8,8.7,8.3,8.1
2022-10-07,06707525,9.1,8.7,8.5,323.0,322.0,319.0,14.6,13.2,11.8,5.6,4.3,3.4,8.7,8.3,8.1
2022-10-08,06707525,9.2,8.8,8.4,324.0,322.0,319.0,14.7,12.7,10.9,5.4,4.7,4.1,8.6,8.3,8.1
2022-10-09,06707525,9.4,8.9,8.4,325.0,323.0,319.0,14.7,12.4,9.8,7.8,4.5,3.8,8.7,8.3,8.1
2022-10-10,06707525,9.4,8.8,8.4,325.0,323.0,320.0,14.4,12.4,9.8,4.7,4.1,3.4,8.7,8.3,8.1
2022-10-11,06707525,9.3,8.8,8.3,332.0,325.0,321.0,14.4,12.4,9.9,7.0,4.1,2.6,8.8,8.3,8.1
2022-10-12,06707525,9.2,8.7,8.3,339.0,334.0,331.0,14.9,13.0,10.6,6.8,5.1,3.9,8.7,8.3,8.1
2022-10-13,06707525,9.2,8.8,8.4,341.0,339.0,338.0,14.4,12.6,10.5,4.9,4.4,3.6,8.7,8.3,8.1
2022-10-14,06707525,9.3,8.8,8.3,343.0,341.0,339.0,14.9,12.6,10.2,5.2,4.3,3.4,8.8,8.4,8.1
2022-10-15,06707525,9.3,8.9,8.5,345.0,343.0,340.0,14.2,12.4,10.0,4.6,4.0,3.1,8.8,8.4,8.1
2022-10-16,06707525,9.1,8.9,8.6,346.0,344.0,341.0,13.3,12.5,11.9,4.7,3.6,3.0,8.6,8.3,8.1
2022-10-17,06707525,9.3,8.9,8.5,345.0,343.0,339.0,14.1,12.1,10.2,4.2,3.6,2.8,8.8,8.4,8.2
2022-10-18,06707525,9.5,9.0,8.6,344.0,341.0,336.0,13.5,11.6,9.3,3.6,3.1,2.5,8.8,8.4,8.1
2022-10-19,06707525,9.7,9.1,8.7,344.0,340.0,335.0,13.0,11.0,8.5,3.6,2.8,1.9,8.8,8.4,8.1
2022-10-20,06707525,9.7,9.1,8.6,345.0,340.0,336.0,13.2,11.1,8.6,3.7,2.7,2.1,8.8,8.4,8.2
2022-10-21,06707525,9.5,9.0,8.6,345.0,340.0,337.0,13.0,11.1,9.0,3.4,2.6,2.1,8.7,8.4,8.2
2022-10-22,06707525,9.4,8.9,8.4,344.0,341.0,338.0,13.1,11.2,9.0,3.3,2.5,1.8,8.7,8.4,8.2
2022-10-23,06707525,9.1,8.9,8.7,345.0,343.0,340.0,11.8,10.9,10.0,2.9,2.3,1.7,8.6,8.4,8.2
2022-10-24,06707525,9.7,9.3,9.0,344.0,338.0,325.0,10.9,9.5,8.0,2.6,2.1,1.6,8.6,8.4,8.2
2022-10-25,06707525,10.3,9.7,9.2,340.0,334.0,325.0,10.2,8.2,5.9,2.7,1.9,1.5,8.5,8.4,8.1
2022-10-26,06707525,10.1,9.6,9.3,382.0,309.0,281.0,9.6,8.3,6.6,15.0,8.7,1.7,8.5,8.2,8.0
2022-10-27,06707525,10.5,10.2,9.7,293.0,288.0,282.0,7.6,6.1,5.4,10.3,6.5,3.8,8.2,8.1,8.0
2022-10-28,06707525,11.0,10.5,10.0,297.0,292.0,286.0,6.9,5.4,3.6,4.5,3.2,2.5,8.2,8.1,8.0
2022-10-29,06707525,11.1,10.6,10.1,298.0,293.0,287.0,6.6,5.2,3.4,3.9,3.3,2.5,8.2,8.1,8.0
2022-10-30,06707525,11.1,10.5,9.9,296.0,291.0,286.0,7.0,5.3,3.5,3.4,2.7,2.3,8.2,8.1,8.0
2022-10-31,06707525,11.0,10.4,10.0,303.0,293.0,289.0,6.8,5.3,3.5,3.1,2.5,2.0,8.2,8.1,8.0
2023-04-01,06707525,11.7,10.6,9.6,361.0,359.0,354.0,9.4,6.0,2.3,2.2,2.0,1.8,8.3,8.2,8.1
2023-04-02,06707525,11.4,10.3,9.5,362.0,357.0,351.0,10.1,7.0,3.4,2.4,2.1,1.9,8.4,8.2,8.2
2023-04-03,06707525,11.1,10.3,9.7,357.0,352.0,346.0,9.0,7.0,4.2,2.5,2.1,1.8,8.4,8.2,8.1
2023-04-04,06707525,11.9,11.1,10.0,354.0,351.0,348.0,7.4,4.3,2.2,2.5,2.2,1.9,8.3,8.2,8.1
2023-04-05,06707525,12.8,12.0,11.4,362.0,358.0,354.0,4.1,2.3,0.0,2.2,2.0,1.8,8.3,8.2,8.1
2023-04-06,06707525,12.6,11.4,10.2,365.0,359.0,354.0,8.1,4.4,0.7,2.4,2.1,1.7,8.3,8.2,8.1
2023-04-07,06707525,12.2,11.0,10.2,360.0,354.0,351.0,8.5,5.6,2.0,2.4,2.0,1.7,8.3,8.2,8.1
2023-04-08,06707525,11.7,11.0,10.6,360.0,352.0,348.0,7.0,5.6,3.6,2.4,2.0,1.7,8.3,8.2,8.1
2023-04-09,06707525,11.7,10.6,9.7,354.0,,,10.9,7.3,3.8,2.5,,,8.4,8.2,8.1
2023-04-10,06707525,11.6,10.4,9.4,,,,12.0,8.4,4.3,,,,8.4,8.2,8.1
2023-04-11,06707525,11.1,10.0,9.1,,,340.0,13.3,9.7,5.6,4.1,,,8.4,8.2,8.1
2023-04-12,06707525,10.9,10.0,9.3,347.0,336.0,323.0,12.2,9.6,6.0,12.6,8.3,3.8,8.3,8.1,8.0
2023-04-13,06707525,10.4,9.9,9.5,339.0,329.0,315.0,11.0,9.3,7.6,8.4,6.6,5.4,8.3,8.1,8.1
2023-04-14,06707525,11.3,10.7,10.1,325.0,321.0,316.0,8.3,6.6,4.6,5.7,4.4,3.6,8.2,8.1,8.0
2023-04-15,06707525,11.8,11.0,10.4,335.0,325.0,318.0,8.4,5.9,3.3,4.2,3.0,2.6,8.2,8.1,8.0
2023-04-16,06707525,11.9,10.7,9.7,344.0,340.0,335.0,10.9,7.2,3.1,3.0,2.5,2.1,8.3,8.1,8.0
2023-04-17,06707525,11.3,10.3,9.5,355.0,345.0,337.0,11.1,8.2,4.7,2.9,2.3,1.9,8.3,8.1,8.0
2023-04-18,06707525,11.1,10.2,9.3,346.0,340.0,334.0,11.5,8.4,5.0,3.2,2.6,2.3,8.3,8.1,8.0
2023-04-19,06707525,10.8,10.2,9.7,338.0,334.0,327.0,10.4,8.4,6.0,3.4,2.8,2.5,8.3,8.1,8.0
2023-04-20,06707525,11.7,11.1,10.4,,,327.0,7.5,5.3,3.5,3.8,3.1,2.3,8.2,8.1,8.0
2023-04-21,06707525,12.4,11.5,10.6,360.0,,,6.9,4.2,1.6,,,,8.2,8.0,7.9
2023-04-22,06707525,11.9,11.3,10.9,366.0,355.0,344.0,6.1,4.7,2.8,3.4,3.0,2.6,8.2,8.1,8.0
2023-04-23,06707525,12.2,10.9,9.8,364.0,358.0,351.0,9.8,6.0,1.8,,,,8.3,8.1,8.0
2023-04-24,06707525,11.1,10.2,9.5,364.0,357.0,351.0,10.7,8.2,5.2,,,,8.3,8.1,8.0
2023-04-25,06707525,10.9,10.4,9.9,357.0,351.0,339.0,9.2,7.4,5.4,4.2,2.4,2.0,8.3,8.1,8.0
2023-04-26,06707525,11.3,10.6,9.8,353.0,346.0,339.0,9.9,6.9,4.5,5.0,3.3,2.4,8.2,8.1,8.0
2023-04-27,06707525,10.9,10.1,9.4,356.0,352.0,342.0,10.8,8.3,5.5,4.8,3.6,2.9,8.3,8.1,8.0
2023-04-28,06707525,11.0,10.1,9.4,348.0,346.0,344.0,11.6,8.6,5.7,5.0,3.9,3.3,8.3,8.1,8.0
2023-04-29,06707525,10.9,9.9,9.0,352.0,350.0,347.0,12.9,9.5,5.7,4.0,2.9,2.3,8.3,8.1,8.0
2023-04-30,06707525,10.4,9.6,8.8,354.0,347.0,337.0,13.8,10.7,7.3,4.5,3.8,2.7,8.3,8.1,8.0
2023-05-01,06707525,10.2,9.4,8.8,344.0,338.0,330.0,14.0,11.0,7.7,5.0,4.4,3.8,8.3,8.1,8.0
2023-05-02,06707525,10.1,9.5,9.0,337.0,329.0,321.0,12.8,10.5,8.3,4.7,4.0,3.4,8.3,8.1,8.0
2023-05-03,06707525,10.2,9.4,8.7,324.0,317.0,311.0,14.0,10.8,7.8,6.4,,,8.3,8.1,8.0
2023-05-04,06707525,9.9,9.4,9.1,314.0,302.0,291.0,11.7,10.5,8.9,,,,8.2,8.0,8.0
2023-05-05,06707525,10.2,9.4,8.8,305.0,302.0,296.0,13.0,10.4,7.6,,,,8.3,8.1,7.9
2023-05-06,06707525,10.3,9.5,8.8,312.0,308.0,305.0,13.0,10.2,6.9,,,,8.3,8.1,8.0
2023-05-07,06707525,10.2,9.6,9.2,315.0,309.0,305.0,11.1,9.4,7.2,,,,8.2,8.1,8.0
2023-05-08,06707525,10.2,9.6,9.1,314.0,311.0,307.0,11.4,9.4,7.2,,,,8.2,8.1,8.0
2023-05-09,06707525,10.1,9.3,8.6,316.0,313.0,307.0,13.7,10.8,7.5,3.7,3.1,2.6,8.3,8.1,8.0
2023-05-10,06707525,9.8,9.5,9.1,318.0,305.0,292.0,11.2,9.8,8.3,29.7,8.4,3.5,8.1,8.0,7.9
2023-05-11,06707525,10.4,10.2,9.8,303.0,286.0,277.0,8.3,6.9,6.1,80.2,35.6,14.9,7.9,7.9,7.8
2023-05-12,06707525,10.5,9.9,9.3,279.0,269.0,258.0,10.7,8.3,6.1,185.0,107.0,53.0,7.9,7.9,7.8
2023-05-13,06707525,10.0,9.7,9.5,258.0,244.0,234.0,10.1,9.2,8.0,64.8,36.1,29.0,7.9,7.9,7.9
2023-05-14,06707525,10.0,9.4,8.7,236.0,234.0,229.0,13.4,10.6,8.2,32.2,24.5,19.3,8.0,7.9,7.9
2023-05-15,06707525,9.7,9.3,8.9,230.0,224.0,218.0,12.6,11.0,9.2,37.6,22.9,20.6,7.9,7.9,7.9
2023-05-16,06707525,9.7,9.1,8.6,219.0,210.0,205.0,13.3,11.2,8.8,27.7,22.8,19.6,7.9,7.9,7.8
2023-05-17,06707525,9.6,9.0,8.5,211.0,202.0,197.0,13.9,11.6,9.1,20.5,18.2,16.2,8.0,7.9,7.8
2023-05-18,06707525,9.2,9.0,8.7,202.0,191.0,185.0,12.9,11.5,10.2,19.2,15.5,14.4,7.9,7.8,7.8
2023-05-19,06707525,9.6,9.4,9.1,192.0,190.0,186.0,11.1,9.8,8.9,45.5,18.6,14.9,7.8,7.8,7.8
2023-05-20,06707525,9.9,9.4,8.9,192.0,191.0,189.0,11.9,10.0,7.9,15.1,12.7,11.9,7.9,7.8,7.8
2023-05-21,06707525,9.9,9.1,8.5,194.0,183.0,177.0,14.1,11.1,7.9,17.2,16.0,13.0,7.9,7.8,7.7
2023-05-22,06707525,9.5,9.0,8.6,188.0,174.0,168.0,13.2,11.4,9.3,18.9,15.4,12.7,7.9,7.8,7.7
2023-05-23,06707525,9.8,9.1,8.5,232.0,219.0,187.0,13.6,11.2,8.3,37.5,18.8,14.2,8.1,8.0,7.8
2023-05-24,06707525,9.6,9.2,8.8,247.0,233.0,225.0,12.2,10.5,8.9,21.3,13.5,10.9,8.1,8.0,7.9
2023-05-25,06707525,10.0,9.3,8.8,254.0,249.0,246.0,12.3,10.3,7.5,18.0,12.9,11.2,8.1,8.0,7.9
2023-05-26,06707525,9.8,9.2,8.8,255.0,251.0,247.0,12.5,10.6,8.2,19.4,11.3,9.0,8.2,8.1,8.0
2023-05-27,06707525,9.7,9.0,8.4,248.0,243.0,238.0,14.3,11.6,8.6,17.2,9.2,8.4,8.2,8.1,8.0
2023-05-28,06707525,9.6,9.0,8.5,249.0,242.0,237.0,13.7,11.4,8.9,9.0,8.3,7.5,8.2,8.1,7.9
2023-05-29,06707525,9.8,9.1,8.5,250.0,246.0,241.0,13.9,11.2,8.1,8.6,7.6,7.2,8.2,8.1,7.9
2023-05-30,06707525,9.7,9.2,8.8,251.0,243.0,240.0,12.5,10.7,8.4,8.0,7.5,7.0,8.2,8.1,8.0
2023-05-31,06707525,9.8,9.1,8.6,245.0,242.0,236.0,12.9,10.8,8.1,7.7,6.4,5.8,8.2,8.1,8.0
2023-06-01,06707525,9.4,8.9,8.4,237.0,235.0,226.0,13.9,11.6,9.4,7.3,6.2,5.3,8.3,8.1,7.9
2023-06-02,06707525,9.5,8.9,8.5,229.0,221.0,214.0,13.7,11.7,9.2,6.7,6.2,5.5,8.3,8.1,7.9
2023-06-03,06707525,9.3,9.1,8.8,215.0,209.0,207.0,12.1,11.0,10.3,6.9,6.1,5.4,8.2,8.0,7.9
2023-06-04,06707525,9.4,9.1,8.8,212.0,208.0,205.0,12.4,11.1,9.9,8.7,5.8,5.5,8.2,8.0,7.9
2023-06-05,06707525,9.3,8.9,8.6,208.0,205.0,200.0,13.7,12.0,10.3,9.9,5.8,5.4,8.2,8.0,7.9
2023-06-06,06707525,9.4,8.9,8.4,206.0,201.0,199.0,14.6,12.2,9.7,9.8,8.5,6.3,8.3,8.0,7.9
2023-06-07,06707525,9.4,8.9,8.5,207.0,201.0,199.0,13.6,11.9,9.7,9.5,7.8,6.9,8.1,8.0,7.9
2023-06-08,06707525,9.3,8.8,8.3,209.0,192.0,184.0,15.0,12.6,10.3,12.9,10.0,7.3,8.2,8.0,7.8
2023-06-09,06707525,9.2,8.9,8.6,215.0,205.0,201.0,13.4,12.0,10.7,20.0,11.6,9.2,8.1,8.0,7.9
2023-06-10,06707525,9.6,9.1,8.6,230.0,213.0,205.0,13.4,11.4,8.8,9.4,8.2,6.8,8.2,8.1,7.9
2023-06-11,06707525,9.6,9.1,8.7,231.0,227.0,225.0,12.9,11.3,9.3,8.3,7.0,6.5,8.2,8.0,7.9
2023-06-12,06707525,9.6,9.3,9.1,230.0,223.0,216.0,11.0,10.3,9.1,25.3,12.0,7.3,8.1,8.0,7.9
2023-06-13,06707525,9.9,9.5,9.1,224.0,220.0,217.0,10.9,9.4,7.9,14.4,8.5,7.2,8.3,8.1,7.9
2023-06-14,06707525,9.8,9.1,8.4,227.0,225.0,220.0,14.2,11.0,8.0,11.6,7.2,6.3,8.4,8.2,7.9
2023-06-15,06707525,9.3,8.9,8.4,223.0,211.0,199.0,14.1,12.0,10.3,14.7,8.7,7.1,8.3,8.1,7.9
2023-06-16,06707525,9.3,9.0,8.8,223.0,216.0,204.0,12.5,11.6,10.6,17.3,11.0,7.9,8.2,8.0,7.9
2023-06-17,06707525,9.3,9.0,8.6,225.0,218.0,213.0,13.5,11.7,10.3,25.3,19.0,15.6,8.2,8.0,7.8
2023-06-18,06707525,9.3,8.7,8.1,231.0,227.0,225.0,16.1,13.1,10.1,18.8,13.7,11.5,8.4,8.2,7.9
2023-06-19,06707525,9.0,8.4,7.8,232.0,228.0,226.0,17.7,14.7,11.5,12.6,10.2,9.0,8.5,8.2,8.0
2023-06-20,06707525,8.9,8.4,8.0,231.0,223.0,219.0,16.6,14.4,12.0,11.6,8.7,7.6,8.4,8.1,7.9
2023-06-21,06707525,8.9,8.3,7.8,226.0,221.0,218.0,17.7,15.1,12.0,8.1,7.3,6.5,8.4,8.1,7.9
2023-06-22,06707525,8.6,8.2,7.9,222.0,207.0,196.0,17.4,15.6,13.4,34.9,23.4,7.3,8.3,8.0,7.9
2023-06-23,06707525,8.7,8.2,7.7,206.0,201.0,198.0,18.4,15.6,13.0,17.2,13.5,10.6,8.4,8.1,7.9
2023-06-24,06707525,9.0,8.4,7.9,208.0,204.0,201.0,17.1,14.6,11.6,11.3,9.7,8.4,8.4,8.1,7.9
2023-06-25,06707525,8.9,8.3,7.8,211.0,208.0,207.0,18.2,15.3,12.2,10.3,8.0,7.5,8.4,8.1,7.9
2023-06-26,06707525,8.8,8.2,7.7,211.0,209.0,207.0,18.5,15.8,12.5,8.7,8.0,7.2,8.4,8.2,7.9
2023-06-27,06707525,8.6,8.1,7.8,212.0,210.0,208.0,17.7,15.9,13.2,8.6,7.7,6.4,8.4,8.2,7.9
2023-06-28,06707525,8.8,8.2,7.7,212.0,209.0,208.0,18.3,15.7,12.5,7.3,6.6,5.6,8.4,8.2,7.9
2023-06-29,06707525,8.5,8.1,7.7,212.0,210.0,207.0,18.2,16.4,14.5,8.8,6.3,5.4,8.3,8.2,8.0
2023-06-30,06707525,8.6,8.3,8.1,218.0,209.0,203.0,16.6,15.2,13.9,11.7,6.9,5.9,8.3,8.1,8.0
2023-07-01,06707525,9.0,8.3,7.8,209.0,207.0,204.0,18.2,15.2,11.8,6.8,6.1,5.3,8.4,8.2,7.9
2023-07-02,06707525,8.8,8.3,7.9,213.0,210.0,203.0,17.5,15.4,12.8,6.3,5.5,4.8,8.4,8.1,8.0
2023-07-03,06707525,8.8,8.2,7.6,207.0,204.0,202.0,19.0,16.0,12.7,5.8,5.1,4.0,8.3,8.1,7.9
2023-07-04,06707525,8.6,8.2,7.9,207.0,204.0,202.0,17.4,15.8,13.9,5.5,5.1,4.6,8.3,8.1,7.9
2023-07-05,06707525,8.5,8.2,8.1,205.0,200.0,196.0,16.6,15.6,14.3,7.7,5.4,5.0,8.3,8.1,8.0
2023-07-06,06707525,8.6,8.1,7.6,204.0,201.0,198.0,19.1,16.3,13.7,14.6,5.8,4.4,8.6,8.2,8.0
2023-07-07,06707525,8.5,8.0,7.7,207.0,205.0,201.0,18.7,16.6,14.1,7.1,4.4,3.6,8.4,8.2,8.0
2023-07-08,06707525,8.6,8.0,7.5,205.0,202.0,200.0,19.5,16.8,13.7,13.7,7.0,5.0,8.5,8.2,7.9
2023-07-09,06707525,8.3,7.8,7.4,206.0,204.0,202.0,20.6,18.0,15.4,5.2,4.2,3.5,8.5,8.3,8.0
2023-07-10,06707525,8.4,8.0,7.6,210.0,207.0,205.0,18.5,16.9,15.0,4.6,3.8,3.3,8.4,8.2,8.0
2023-07-11,06707525,8.6,7.9,7.3,211.0,209.0,207.0,20.6,17.2,13.6,4.0,3.4,2.9,8.5,8.2,8.0
2023-07-12,06707525,8.4,7.8,7.5,228.0,214.0,209.0,19.7,17.6,14.7,3.9,3.5,2.8,8.4,8.3,8.0
2023-07-13,06707525,8.5,8.0,7.6,260.0,241.0,227.0,19.2,16.6,13.9,4.0,3.4,2.6,8.5,8.3,8.0
2023-07-14,06707525,8.9,8.2,7.6,266.0,264.0,260.0,19.0,15.8,12.0,3.7,3.0,2.6,8.6,8.4,8.1
2023-07-15,06707525,8.9,8.2,7.7,271.0,269.0,265.0,18.2,15.7,12.4,3.2,2.7,2.4,8.5,8.3,8.1
2023-07-16,06707525,9.0,8.2,7.6,274.0,272.0,270.0,18.8,15.7,11.8,2.9,2.5,2.3,8.5,8.4,8.1
2023-07-17,06707525,9.1,8.2,7.7,279.0,271.0,243.0,18.3,15.5,11.5,4.7,2.3,1.9,8.5,8.3,8.1
2023-07-18,06707525,8.9,8.3,8.0,392.0,312.0,243.0,16.6,15.0,12.4,6.1,4.6,3.2,8.4,8.3,8.0
2023-07-19,06707525,8.8,8.3,8.0,333.0,294.0,271.0,17.0,15.1,13.0,6.3,4.1,3.3,8.4,8.3,8.1
2023-07-20,06707525,8.7,8.3,8.0,274.0,269.0,257.0,16.7,15.1,13.2,5.6,3.7,3.2,8.4,8.2,8.0
2023-07-21,06707525,8.6,8.1,7.6,263.0,257.0,253.0,19.0,16.3,13.8,5.7,4.0,2.9,8.4,8.3,8.0
2023-07-22,06707525,8.5,7.9,7.4,263.0,261.0,258.0,19.7,17.0,14.1,3.9,2.6,2.0,8.5,8.3,8.1
2023-07-23,06707525,8.5,8.0,7.7,264.0,262.0,258.0,18.4,16.4,13.7,3.3,2.5,2.0,8.4,8.3,8.1
2023-07-24,06707525,8.6,8.0,7.5,271.0,265.0,262.0,19.6,16.7,13.7,4.8,2.4,1.8,8.5,8.3,8.1
2023-07-25,06707525,8.7,8.2,7.8,285.0,279.0,265.0,17.8,15.8,13.3,4.5,3.2,2.5,8.4,8.3,8.1
2023-07-26,06707525,8.6,8.2,7.9,292.0,285.0,282.0,17.3,15.8,13.8,3.2,2.5,2.1,8.4,8.3,8.1
2023-07-27,06707525,8.8,8.3,8.1,294.0,290.0,286.0,16.5,14.9,12.9,2.7,2.0,1.6,8.4,8.3,8.2
2023-07-28,06707525,9.0,8.5,8.2,291.0,289.0,286.0,15.8,13.9,11.6,2.4,2.1,1.9,8.4,8.3,8.1
2023-07-29,06707525,9.0,8.4,8.0,291.0,290.0,287.0,16.7,14.4,11.7,2.5,2.2,1.9,8.4,8.3,8.1
2023-07-30,06707525,8.4,,,291.0,289.0,287.0,17.2,15.1,12.6,2.5,1.4,1.0,8.3,8.2,8.1
2023-07-31,06707525,,,,,,291.0,19.7,16.1,13.2,1.7,1.1,1.0,8.1,7.9,7.6
2023-08-01,06707525,,,,,,,16.7,14.7,12.6,477.0,47.3,1.6,8.1,8.0,7.8
2023-08-02,06707525,,,,,,,17.0,15.1,13.3,86.2,18.6,13.6,8.1,8.0,7.9
2023-08-03,06707525,,,,,,,20.2,17.4,14.5,21.7,13.4,10.3,8.2,8.0,8.0
2023-08-04,06707525,,,,,,,20.7,17.8,15.3,14.9,6.3,3.6,,,
2023-08-08,06707525,,,8.0,,,,,,,,,,8.2,,
2023-08-09,06707525,8.8,8.3,7.8,283.0,282.0,279.0,17.4,14.9,12.3,6.8,5.1,3.8,8.3,8.1,7.8
2023-08-10,06707525,8.8,8.4,8.2,291.0,286.0,279.0,15.2,14.0,12.4,7.8,6.1,5.2,8.2,8.0,7.8
2023-08-11,06707525,9.0,8.6,8.3,295.0,292.0,289.0,14.9,13.3,11.4,7.4,5.9,5.0,8.2,8.0,7.9
2023-08-12,06707525,9.0,8.7,8.4,292.0,291.0,287.0,14.2,13.0,11.5,6.3,5.4,4.9,8.2,8.0,7.9
2023-08-13,06707525,9.2,8.9,8.6,292.0,290.0,288.0,13.2,12.2,10.9,5.2,4.6,4.3,8.2,8.1,7.9
2023-08-14,06707525,9.2,8.7,8.2,292.0,291.0,289.0,16.0,13.5,11.2,4.9,4.2,3.6,8.4,8.2,7.8
2023-08-15,06707525,9.1,8.5,8.0,297.0,294.0,291.0,16.7,14.2,11.3,5.2,4.0,3.3,8.4,8.2,7.9
2023-08-16,06707525,9.1,8.5,8.1,302.0,301.0,297.0,16.2,13.9,11.1,5.9,4.5,4.0,8.4,8.1,7.9
2023-08-17,06707525,9.1,8.5,8.0,301.0,300.0,298.0,16.6,14.3,11.3,4.9,4.1,3.8,8.4,8.2,7.9
2023-08-18,06707525,8.9,8.4,8.1,303.0,301.0,294.0,15.8,14.2,12.0,10.4,4.2,3.4,8.3,8.2,7.9
2023-08-19,06707525,9.0,8.5,8.2,304.0,303.0,300.0,15.7,13.9,11.5,8.7,4.1,3.6,8.4,8.2,7.9
2023-08-20,06707525,8.9,8.4,8.0,304.0,303.0,301.0,16.8,14.6,12.1,4.8,3.9,3.6,8.5,8.2,7.9
2023-08-21,06707525,9.1,8.5,8.0,307.0,305.0,303.0,16.6,14.2,11.2,4.0,3.4,2.9,8.5,8.2,7.9
2023-08-22,06707525,9.1,8.5,8.0,307.0,304.0,301.0,16.6,14.2,11.4,3.7,3.2,2.8,8.6,8.2,7.9
2023-08-23,06707525,9.1,8.6,8.3,307.0,301.0,293.0,15.2,13.6,11.1,3.9,3.4,3.2,8.4,8.2,7.9
2023-08-24,06707525,9.0,8.4,7.9,298.0,296.0,292.0,16.7,14.2,11.4,3.7,3.1,2.7,8.5,8.2,7.9
2023-08-25,06707525,8.9,8.7,8.2,294.0,285.0,270.0,15.1,13.0,11.9,11.0,3.6,2.9,8.2,8.0,7.9
2023-08-26,06707525,9.1,8.6,8.2,270.0,268.0,264.0,15.6,13.4,11.4,7.4,4.4,4.1,8.4,8.1,7.9
2023-08-27,06707525,8.8,8.4,8.1,270.0,266.0,260.0,16.0,14.4,12.4,5.9,4.2,3.9,8.3,8.2,7.9
2023-08-28,06707525,8.6,8.3,8.1,269.0,262.0,256.0,15.9,14.7,13.2,19.2,4.3,3.5,8.4,8.2,7.9
2023-08-29,06707525,8.8,8.3,7.9,267.0,264.0,258.0,17.3,14.9,12.7,7.7,4.2,3.5,8.5,8.2,7.9
2023-08-30,06707525,8.7,8.2,7.7,269.0,267.0,264.0,17.5,15.0,12.5,4.8,3.8,3.0,8.4,8.2,7.9
2023-08-31,06707525,8.8,8.2,7.7,284.0,272.0,267.0,17.6,15.0,12.2,6.3,3.7,3.0,8.4,8.2,7.9
2023-09-01,06707525,9.0,8.5,8.0,291.0,287.0,284.0,16.1,13.9,11.3,6.4,5.8,4.3,8.5,8.2,7.9
2023-09-02,06707525,9.2,8.7,8.4,293.0,291.0,289.0,14.1,12.7,10.8,6.5,5.3,4.8,8.4,8.1,7.9
2023-09-03,06707525,9.3,8.7,8.3,293.0,289.0,283.0,14.5,12.7,10.3,7.4,4.8,4.4,8.4,8.1,7.9
2023-09-04,06707525,9.1,8.6,8.1,293.0,289.0,287.0,15.2,13.1,10.7,5.7,4.8,4.3,8.5,8.2,7.9
2023-09-05,06707525,9.5,8.8,8.4,300.0,297.0,290.0,14.4,12.3,9.3,4.3,3.6,3.2,8.6,8.2,7.9
2023-09-06,06707525,9.5,8.8,8.3,299.0,296.0,293.0,14.8,12.4,9.4,3.9,3.4,3.1,8.6,8.2,7.9
2023-09-07,06707525,9.3,8.7,8.3,295.0,286.0,282.0,14.7,12.6,10.0,3.6,3.0,2.7,8.6,8.2,7.9
2023-09-08,06707525,9.4,8.8,8.4,285.0,282.0,278.0,14.4,12.4,9.9,3.4,2.9,2.4,8.5,8.2,7.9
2023-09-09,06707525,9.4,8.9,8.5,284.0,281.0,278.0,14.0,12.1,9.7,3.0,2.7,2.4,8.5,8.1,7.9
2023-09-10,06707525,9.4,9.1,8.8,286.0,282.0,272.0,12.4,11.2,9.9,4.1,2.7,2.4,8.4,8.1,7.9
2023-09-11,06707525,9.2,9.0,8.7,276.0,273.0,270.0,13.0,11.7,10.7,10.7,4.3,3.4,8.5,8.1,7.9
2023-09-12,06707525,9.4,8.9,8.4,275.0,273.0,270.0,14.3,12.0,9.7,5.6,3.8,3.0,8.6,8.2,7.9
2023-09-13,06707525,9.2,8.8,8.4,273.0,271.0,269.0,13.8,12.2,10.4,3.8,3.1,2.7,8.5,8.2,7.9
2023-09-14,06707525,9.4,9.0,8.6,275.0,270.0,260.0,13.2,11.5,9.6,6.2,2.9,2.4,8.5,8.2,7.9
2023-09-15,06707525,9.4,9.1,8.9,269.0,260.0,255.0,11.5,10.8,9.8,10.0,6.6,4.7,8.2,8.0,7.9
2023-09-16,06707525,9.8,9.2,8.7,268.0,262.0,259.0,12.9,10.6,8.2,7.8,5.3,4.3,8.5,8.2,7.9
2023-09-17,06707525,9.7,9.1,8.5,274.0,272.0,268.0,13.3,11.1,8.6,4.9,4.0,3.5,8.6,8.2,7.9
2023-09-18,06707525,9.4,9.0,8.7,278.0,276.0,274.0,12.6,11.2,9.4,4.2,3.4,3.0,8.6,8.2,7.9
2023-09-19,06707525,9.4,9.0,8.7,279.0,277.0,274.0,12.3,11.0,9.5,3.9,3.2,2.6,8.4,8.1,7.9
2023-09-20,06707525,9.5,9.0,8.6,279.0,277.0,275.0,12.6,11.0,9.1,3.4,,,8.6,8.2,7.9
2023-09-21,06707525,9.5,9.0,8.6,280.0,278.0,276.0,12.6,11.1,9.0,,,2.6,8.6,8.2,7.9
2023-09-22,06707525,9.6,9.0,8.6,282.0,280.0,277.0,12.7,10.9,8.7,3.2,3.1,,8.6,8.2,7.9
2023-09-23,06707525,9.7,9.2,8.7,282.0,279.0,277.0,12.3,10.4,8.0,,,,8.7,8.2,8.0
2023-09-24,06707525,9.9,9.3,8.8,281.0,278.0,275.0,12.0,10.1,7.7,,,,8.6,8.2,8.0
2023-09-25,06707525,9.9,9.3,8.7,283.0,280.0,276.0,12.5,10.2,7.5,4.9,,,8.7,8.2,7.9
2023-09-26,06707525,9.8,9.2,8.6,281.0,279.0,276.0,12.9,10.7,8.1,4.6,4.0,3.1,8.6,8.2,7.9
2023-09-27,06707525,9.7,9.1,8.6,280.0,279.0,276.0,13.0,11.0,8.3,4.7,,,8.6,8.2,7.9
2023-09-28,06707525,9.6,9.0,8.6,280.0,279.0,276.0,12.7,10.9,8.4,,,,8.6,8.2,7.9
2023-09-29,06707525,9.7,9.1,8.6,281.0,279.0,276.0,12.6,10.7,8.1,,,,8.7,8.2,7.9
2023-09-30,06707525,9.8,9.1,8.7,278.0,277.0,276.0,12.1,10.5,8.0,3.9,3.4,3.1,8.6,8.2,8.0
2023-10-01,06707525,9.4,9.0,8.6,279.0,277.0,274.0,12.8,11.3,9.2,4.4,3.5,3.1,8.7,8.2,7.9
2023-10-02,06707525,9.5,8.9,8.4,279.0,272.0,266.0,13.5,11.5,9.1,4.5,3.8,3.3,8.8,8.2,7.9
2023-10-03,06707525,9.5,9.1,8.7,269.0,267.0,265.0,12.0,10.6,8.7,4.0,3.7,3.1,8.8,8.2,8.0
2023-10-04,06707525,9.8,9.3,8.9,269.0,266.0,264.0,11.7,10.0,8.0,4.0,3.7,3.2,8.8,8.2,7.9
2023-10-05,06707525,10.1,9.4,8.9,269.0,266.0,262.0,11.7,9.6,6.9,4.2,3.8,3.2,8.8,8.2,7.9
2023-10-06,06707525,9.9,9.6,9.2,268.0,266.0,263.0,10.4,8.8,7.8,4.2,3.8,3.3,8.6,8.2,7.9
2023-10-07,06707525,10.3,9.6,9.0,268.0,264.0,259.0,11.1,8.8,6.0,4.2,3.8,3.4,8.8,8.2,7.9
2023-10-08,06707525,10.1,9.4,8.9,266.0,263.0,260.0,11.5,9.4,6.8,4.0,3.5,3.0,8.8,8.2,7.9
2023-10-09,06707525,10.0,9.3,8.8,267.0,263.0,260.0,11.3,9.4,6.8,3.6,3.1,2.6,8.8,8.3,7.9
2023-10-10,06707525,9.9,9.3,8.9,266.0,264.0,261.0,10.7,9.2,7.1,3.5,3.0,2.7,8.8,8.2,7.9
2023-10-11,06707525,9.7,9.2,8.8,266.0,263.0,259.0,11.0,9.3,7.3,3.1,2.8,2.3,8.8,8.3,7.9
2023-10-12,06707525,9.7,9.4,9.1,268.0,264.0,261.0,9.5,8.6,7.8,3.3,,,8.7,8.2,8.0
2023-10-13,06707525,10.1,9.7,9.4,267.0,264.0,260.0,9.2,7.9,6.4,3.5,3.0,2.7,8.8,8.2,8.0
2023-10-14,06707525,10.7,10.3,9.9,273.0,267.0,262.0,7.2,6.1,4.8,3.2,2.9,2.7,8.6,8.2,7.9
2023-10-15,06707525,10.8,10.2,9.6,269.0,264.0,260.0,8.5,6.5,4.3,3.2,2.9,2.6,8.6,8.2,7.9
2023-10-16,06707525,10.5,9.9,9.3,271.0,265.0,262.0,9.5,7.5,5.4,3.2,2.8,2.5,8.4,8.1,7.9
2023-10-17,06707525,10.2,9.6,9.1,269.0,265.0,262.0,10.0,8.1,6.0,3.5,2.7,2.2,8.4,8.1,7.9
2023-10-18,06707525,10.0,9.6,9.2,269.0,266.0,263.0,9.8,8.4,6.8,3.9,3.1,2.7,8.4,8.1,7.9
2023-10-19,06707525,10.3,9.7,9.2,269.0,266.0,264.0,9.9,8.0,6.0,3.2,2.8,2.4,8.3,8.1,7.9
2023-10-20,06707525,10.3,9.8,9.3,270.0,267.0,264.0,9.4,7.7,5.8,6.1,2.8,2.4,8.3,8.1,7.9
2023-10-21,06707525,10.4,9.8,9.4,272.0,270.0,266.0,8.9,7.4,5.5,7.5,5.1,3.9,8.2,8.1,7.9
2023-10-22,06707525,10.3,9.8,9.3,274.0,271.0,267.0,9.0,7.4,5.7,4.3,3.7,3.2,8.2,8.0,7.9
2023-10-23,06707525,10.3,9.8,9.3,271.0,268.0,267.0,8.8,7.3,5.5,3.3,2.6,2.3,8.2,8.0,7.9
2023-10-24,06707525,10.3,9.9,9.5,272.0,269.0,267.0,8.2,7.0,5.7,2.8,2.6,2.5,8.1,8.0,7.9
2023-10-25,06707525,10.1,9.7,9.3,275.0,269.0,267.0,9.1,7.7,6.3,3.7,2.5,2.3,8.1,8.0,7.8
2023-10-26,06707525,10.1,9.6,9.3,277.0,262.0,253.0,9.3,8.0,6.1,5.2,3.4,2.9,8.3,8.1,7.9
2023-10-27,06707525,10.0,9.7,9.4,258.0,256.0,253.0,8.7,7.7,6.6,3.6,3.2,2.6,8.4,8.2,7.9
2023-10-28,06707525,11.2,10.7,9.9,259.0,254.0,249.0,6.6,4.3,2.5,3.6,3.3,3.0,8.2,8.1,8.0
2023-10-29,06707525,11.7,11.4,11.1,254.0,250.0,247.0,3.3,2.4,1.5,4.3,3.4,3.1,8.5,8.2,7.9
2023-10-30,06707525,,,11.1,272.0,264.0,254.0,1.8,0.4,0.0,5.1,4.0,2.5,8.3,8.1,8.0
2023-10-31,06707525,12.2,11.5,10.9,270.0,263.0,256.0,2.8,1.4,0.0,4.0,3.1,2.7,8.2,8.1,8.0
2023-11-01,06707525,11.6,11.1,10.7,260.0,256.0,250.0,4.2,2.7,1.4,3.7,3.1,2.6,8.2,8.1,7.9
2023-11-02,06707525,11.2,10.6,10.0,254.0,252.0,248.0,6.4,4.7,2.8,3.2,2.7,2.4,8.3,8.2,8.0
2023-11-03,06707525,10.9,10.3,9.8,253.0,250.0,248.0,7.3,5.7,3.8,3.1,2.6,2.3,8.3,8.1,8.0
2023-11-04,06707525,10.9,10.3,9.9,256.0,252.0,248.0,7.0,5.5,3.7,3.3,2.7,2.3,8.3,8.1,8.0
2023-11-05,06707525,10.8,10.2,9.6,251.0,243.0,237.0,7.1,5.6,3.8,2.9,2.6,2.4,8.3,8.2,8.0
2023-11-06,06707525,10.7,10.2,9.8,243.0,,,6.8,5.4,3.6,,,2.4,8.3,8.1,7.9
2023-11-08,06707525,,,,254.0,,,,,,5.2,,,7.9,7.8,7.8
2023-11-09,06707525,11.0,10.6,10.3,264.0,260.0,254.0,5.0,3.8,2.6,4.6,3.4,2.8,8.1,8.0,7.8
2023-11-10,06707525,11.7,11.1,10.7,275.0,267.0,261.0,3.4,2.3,0.6,3.6,3.0,2.8,8.1,8.0,7.9
2023-11-11,06707525,11.8,11.2,10.8,275.0,270.0,263.0,3.2,2.0,0.5,3.7,3.2,2.9,8.1,8.0,7.9
2023-11-12,06707525,11.8,11.2,10.8,271.0,265.0,260.0,3.4,2.1,0.5,3.5,3.0,2.7,8.1,8.0,7.9
2023-11-13,06707525,11.7,11.1,10.7,265.0,253.0,244.0,3.8,2.5,0.8,4.2,3.8,2.8,8.1,8.0,7.8
2023-11-14,06707525,11.5,10.9,10.5,245.0,241.0,236.0,4.1,3.0,1.5,3.6,3.1,2.7,8.1,7.9,7.8
2023-11-15,06707525,11.7,11.1,10.6,242.0,239.0,235.0,3.6,2.6,1.0,3.8,3.2,2.8,8.0,7.9,7.8
2023-11-16,06707525,11.2,10.6,10.1,237.0,236.0,232.0,5.5,3.9,2.0,3.8,3.4,3.0,8.1,7.9,7.8
2023-11-17,06707525,11.2,10.6,10.3,237.0,235.0,232.0,4.8,3.8,2.2,3.5,3.2,3.0,8.0,7.9,7.8
2023-11-18,06707525,11.5,10.9,10.5,240.0,237.0,234.0,4.3,3.0,1.4,3.5,3.2,3.0,8.0,7.9,7.8
2023-11-19,06707525,11.4,11.0,10.6,241.0,237.0,231.0,3.5,2.5,1.5,3.6,3.3,2.9,8.0,7.9,7.8
2023-11-20,06707525,11.2,10.9,10.8,237.0,234.0,231.0,3.7,3.0,2.3,3.6,3.3,3.0,8.0,7.8,7.8
2023-11-21,06707525,11.3,11.0,10.7,265.0,249.0,234.0,3.9,3.2,2.1,3.1,3.0,2.7,8.0,7.9,7.8
2023-11-22,06707525,11.8,11.3,10.9,276.0,272.0,265.0,3.0,1.9,0.5,3.1,2.8,2.6,8.1,7.9,7.8
2023-11-23,06707525,11.8,11.4,11.1,277.0,260.0,244.0,2.2,1.5,0.5,4.8,3.4,2.8,8.0,7.9,7.8
2023-11-24,06707525,11.7,11.4,11.3,279.0,273.0,270.0,1.8,1.3,0.8,5.3,4.3,3.5,8.1,8.0,7.9
2023-11-25,06707525,12.0,11.7,11.5,284.0,282.0,278.0,1.0,0.5,0.0,3.8,3.5,3.0,8.1,8.0,7.9
2023-11-26,06707525,,,,299.0,292.0,284.0,0.0,0.0,0.0,4.4,3.3,2.7,8.0,7.9,7.9
2023-11-27,06707525,,,,303.0,296.0,291.0,0.0,0.0,0.0,4.5,3.3,2.8,8.1,7.9,7.9
2023-11-28,06707525,,,11.5,299.0,292.0,285.0,1.0,0.2,0.0,5.3,3.9,3.5,8.0,8.0,7.9
2023-11-29,06707525,11.9,11.5,11.0,293.0,286.0,280.0,2.1,0.9,0.0,5.1,4.0,3.3,8.1,8.0,7.9
2023-11-30,06707525,11.8,11.4,11.0,286.0,282.0,276.0,2.0,1.2,0.0,4.3,3.6,3.1,8.1,8.0,7.9
2024-03-31,06707525,,,9.7,,,,,,,,,,,,
2024-04-01,06707525,10.6,10.2,9.8,278.0,270.0,261.0,7.9,6.5,5.2,6.0,4.7,3.7,8.6,8.3,8.3
2024-04-02,06707525,11.2,10.3,9.4,269.0,265.0,261.0,10.7,7.0,3.6,8.4,6.6,4.3,8.6,8.4,8.2
2024-04-03,06707525,11.1,10.2,9.3,271.0,268.0,265.0,11.3,7.9,4.5,6.5,4.4,3.7,8.6,8.4,8.2
2024-04-04,06707525,11.0,10.0,9.2,275.0,273.0,271.0,12.1,8.6,4.9,8.6,6.9,4.3,8.6,8.4,8.2
2024-04-05,06707525,10.7,9.9,9.4,278.0,275.0,270.0,11.1,8.7,6.1,9.1,7.6,6.2,8.6,8.4,8.2
2024-04-06,06707525,10.7,10.1,9.7,274.0,271.0,265.0,9.4,7.8,5.5,9.6,8.6,7.1,8.6,8.4,8.3
2024-04-07,06707525,11.6,10.6,9.7,278.0,272.0,269.0,9.5,6.1,2.6,14.1,9.5,7.9,8.6,8.4,8.3
2024-04-08,06707525,11.4,10.7,10.4,282.0,275.0,270.0,7.2,5.8,3.5,14.4,10.1,8.0,8.5,8.4,8.2
2024-04-09,06707525,11.4,10.5,9.5,275.0,269.0,263.0,10.5,6.9,3.4,10.0,8.0,7.1,8.5,8.3,8.2
2024-04-10,06707525,11.0,10.4,9.8,271.0,268.0,266.0,10.0,7.7,5.3,15.4,7.6,6.7,8.6,8.4,8.2
2024-04-11,06707525,11.0,10.1,9.1,272.0,270.0,268.0,12.2,8.7,5.4,11.1,8.9,7.5,8.6,8.4,8.2
2024-04-12,06707525,11.0,10.1,9.4,277.0,272.0,267.0,11.9,9.1,5.5,13.4,10.5,9.9,8.6,8.4,8.2
2024-04-13,06707525,10.7,10.0,9.5,276.0,269.0,262.0,11.3,9.5,7.0,12.9,10.0,8.1,8.5,8.4,8.2
2024-04-14,06707525,10.9,9.9,9.1,267.0,262.0,254.0,13.3,10.0,6.2,12.5,9.6,8.0,8.6,8.3,8.2
2024-04-15,06707525,10.6,9.9,9.3,261.0,255.0,246.0,12.2,9.7,6.7,17.1,10.5,8.8,8.6,8.4,8.2
2024-04-16,06707525,10.4,9.8,8.6,257.0,252.0,245.0,12.0,9.6,7.5,143.0,12.4,9.2,8.4,8.3,8.1
2024-04-17,06707525,10.5,9.7,8.7,251.0,248.0,243.0,12.9,10.1,7.0,49.5,14.1,9.7,8.4,8.3,8.1
2024-04-18,06707525,10.9,10.4,9.5,248.0,242.0,236.0,10.6,7.6,5.8,52.9,13.6,9.6,8.3,8.2,8.1
2024-04-19,06707525,11.3,11.1,10.9,242.0,240.0,238.0,5.8,5.2,4.8,23.2,12.0,9.1,8.3,8.2,8.1
2024-04-20,06707525,11.6,11.2,10.8,245.0,243.0,239.0,5.8,4.9,3.9,73.1,11.5,8.4,8.3,8.2,7.9
2024-04-21,06707525,11.4,10.3,9.0,248.0,245.0,241.0,12.8,8.5,4.4,78.5,9.0,5.8,8.5,8.2,7.9
2024-04-22,06707525,10.4,9.7,9.1,248.0,244.0,239.0,13.0,10.4,7.3,14.0,6.0,4.4,8.6,8.3,8.0
2024-04-23,06707525,10.5,9.9,9.4,246.0,240.0,232.0,11.9,10.0,7.6,19.5,6.5,5.1,8.5,8.2,8.1
2024-04-24,06707525,10.5,9.7,9.1,237.0,232.0,227.0,14.1,10.8,7.4,7.8,5.8,5.0,8.6,8.2,8.1
2024-04-25,06707525,10.3,9.5,9.0,234.0,228.0,221.0,13.7,11.3,8.3,11.0,6.0,5.2,8.5,8.3,8.0
2024-04-26,06707525,10.1,9.6,9.1,227.0,223.0,221.0,12.2,10.8,8.6,16.4,6.7,4.9,8.5,8.3,8.0
2024-04-27,06707525,10.7,10.2,9.4,225.0,214.0,208.0,11.1,8.1,6.7,22.3,11.5,6.3,8.2,8.1,8.1
2024-04-28,06707525,11.0,10.2,9.2,221.0,216.0,209.0,11.9,8.9,5.9,13.0,9.8,6.1,8.4,8.2,8.1
2024-04-29,06707525,10.6,9.8,9.0,226.0,223.0,220.0,13.4,10.3,7.2,11.8,8.2,6.3,8.5,8.2,8.1
2024-04-30,06707525,10.4,9.4,8.5,230.0,225.0,222.0,15.2,11.6,7.6,10.6,7.2,4.9,8.6,8.2,8.1
2024-05-01,06707525,9.8,9.3,9.0,227.0,221.0,215.0,13.1,11.8,9.5,12.0,7.3,5.9,8.4,8.2,8.1
2024-05-02,06707525,10.2,9.7,9.3,241.0,232.0,224.0,12.8,11.0,8.3,14.2,8.2,5.4,8.6,8.4,8.1
2024-05-03,06707525,10.5,9.7,9.2,264.0,249.0,241.0,13.5,11.1,7.9,29.9,9.6,6.5,8.5,8.3,8.2
2024-05-04,06707525,10.8,9.9,9.3,268.0,264.0,260.0,13.1,10.4,7.2,29.2,19.2,15.7,8.4,8.3,8.2
2024-05-05,06707525,10.7,9.9,9.3,266.0,261.0,255.0,12.6,10.1,7.2,22.4,16.3,14.4,8.5,8.2,8.2
2024-05-06,06707525,10.6,10.2,9.6,262.0,258.0,254.0,11.0,8.7,6.7,23.4,16.1,13.5,8.5,8.2,8.1
2024-05-07,06707525,11.2,10.6,9.9,265.0,260.0,257.0,10.2,7.4,5.1,16.7,13.6,10.5,8.5,8.2,8.1
2024-05-08,06707525,11.4,10.5,9.8,268.0,264.0,261.0,10.6,8.1,4.6,14.6,13.5,10.8,8.6,8.3,8.1
2024-05-09,06707525,11.2,10.7,10.2,269.0,265.0,262.0,9.0,7.5,5.8,13.9,12.0,10.8,8.5,8.3,8.1
2024-05-10,06707525,11.2,10.8,10.4,269.0,263.0,260.0,8.7,7.5,6.3,12.4,9.4,7.9,8.4,8.3,8.1
2024-05-11,06707525,11.3,10.6,9.9,265.0,262.0,255.0,10.5,8.2,5.6,15.3,9.5,8.3,8.5,8.3,8.1
2024-05-12,06707525,11.3,10.6,10.1,266.0,246.0,231.0,9.4,7.2,5.3,89.4,29.1,9.2,8.2,8.1,7.8
2024-05-13,06707525,10.9,10.1,9.3,243.0,239.0,234.0,11.1,8.5,5.6,76.7,55.8,43.5,8.0,7.8,7.7
2024-05-14,06707525,10.2,9.5,8.9,234.0,222.0,214.0,12.7,10.3,7.9,56.8,47.7,39.7,8.0,7.9,7.7
2024-05-15,06707525,9.9,9.3,8.9,223.0,209.0,198.0,13.3,11.4,9.2,59.9,41.2,34.8,7.9,7.9,7.8
2024-05-16,06707525,9.8,9.2,8.5,236.0,231.0,223.0,15.1,12.3,9.7,60.0,47.7,34.0,8.0,7.9,7.8
2024-05-17,06707525,9.8,9.1,8.6,236.0,234.0,231.0,14.9,12.5,9.8,42.7,29.8,24.5,8.1,8.0,7.9
2024-05-18,06707525,9.8,9.4,9.0,237.0,229.0,225.0,13.2,11.8,10.0,31.1,25.9,22.6,8.1,8.0,7.9
2024-05-19,06707525,9.9,9.3,8.7,229.0,224.0,222.0,14.4,12.2,9.8,27.9,24.0,21.2,8.1,8.0,8.0
2024-05-20,06707525,9.8,9.2,8.6,225.0,219.0,216.0,14.2,12.3,9.9,25.3,23.4,20.1,8.1,8.0,7.9
2024-05-21,06707525,9.7,9.4,9.2,220.0,214.0,210.0,12.2,11.3,10.3,24.9,23.4,22.4,8.1,8.0,8.0
2024-05-22,06707525,10.4,9.6,8.7,219.0,216.0,215.0,13.4,10.7,7.6,25.9,23.6,19.5,8.2,8.1,7.9
2024-05-23,06707525,10.0,9.2,8.5,218.0,216.0,213.0,14.3,11.7,8.5,24.0,21.6,19.5,8.2,8.1,8.0
2024-05-24,06707525,9.9,9.1,8.3,218.0,211.0,207.0,14.6,11.9,8.9,28.5,23.2,21.2,8.2,8.0,7.9
2024-05-25,06707525,9.8,9.0,8.3,212.0,209.0,207.0,14.2,12.0,9.3,28.0,22.6,20.5,8.2,8.0,7.9
2024-05-26,06707525,9.7,8.9,8.3,212.0,208.0,204.0,15.2,12.6,9.8,30.2,24.8,21.3,8.2,8.0,7.9
2024-05-27,06707525,9.9,9.1,8.3,210.0,208.0,206.0,15.2,12.3,9.1,28.8,21.8,17.4,8.2,8.0,7.9
2024-05-28,06707525,9.9,9.0,8.3,211.0,202.0,197.0,14.9,12.5,9.6,27.4,21.3,18.3,8.2,8.0,7.9
2024-05-29,06707525,,,8.3,208.0,200.0,194.0,14.1,12.2,9.9,23.6,21.9,20.0,,,
2024-05-30,06707525,,,,206.0,197.0,191.0,14.0,12.3,9.8,25.1,23.1,20.8,,,
2024-05-31,06707525,,,,200.0,193.0,185.0,15.1,12.7,10.2,29.7,26.0,22.4,,,
2024-06-01,06707525,,,,198.0,191.0,185.0,14.7,12.6,10.0,35.7,26.0,23.2,,,
2024-06-02,06707525,,,,196.0,191.0,185.0,15.0,12.7,10.2,38.1,28.8,24.6,,,
2024-06-03,06707525,,,,198.0,190.0,183.0,15.2,13.1,10.7,39.2,28.8,22.6,,,
2024-06-04,06707525,,,,199.0,193.0,187.0,15.3,13.6,12.1,43.0,24.2,20.3,,,
2024-06-05,06707525,,,,204.0,193.0,186.0,16.9,13.9,10.6,35.0,27.5,23.1,,,
2024-06-06,06707525,,,,,,,17.1,14.9,12.1,55.3,33.5,26.0,,,
2024-06-07,06707525,,,,,,,16.4,14.9,13.0,50.2,37.0,28.4,,,
2024-06-08,06707525,,,,,,,16.3,14.7,12.8,,,,,,
2024-06-09,06707525,,,,,,,15.3,14.3,12.6,,,,,,
2024-07-26,06707525,,,8.3,,,,,,,,,,,,
2024-07-27,06707525,9.0,8.5,8.2,245.0,240.0,236.0,16.0,14.3,12.1,7.4,6.1,5.1,8.0,7.9,7.7
2024-07-28,06707525,9.1,8.5,8.0,245.0,242.0,238.0,17.3,14.9,12.0,5.8,4.7,4.0,8.1,7.9,7.7
2024-07-29,06707525,9.1,8.5,8.1,245.0,242.0,240.0,17.0,14.8,12.2,5.3,3.9,3.2,,,
2024-07-30,06707525,9.2,8.6,8.1,249.0,246.0,241.0,16.9,14.7,11.8,11.7,3.7,3.0,,,
2024-07-31,06707525,9.1,8.6,8.1,247.0,243.0,240.0,17.1,14.9,12.2,7.4,3.4,2.8,,,
2024-08-01,06707525,9.3,8.6,8.1,245.0,242.0,240.0,17.4,14.8,11.6,3.7,3.2,2.6,,,
2024-08-02,06707525,9.1,8.6,8.2,246.0,243.0,241.0,17.1,15.3,12.8,3.6,2.9,2.6,8.4,8.2,8.0
2024-08-03,06707525,9.1,8.5,8.1,246.0,242.0,239.0,17.7,15.5,12.6,4.5,2.9,2.6,8.5,8.2,8.0
2024-08-04,06707525,9.1,8.6,8.4,244.0,243.0,241.0,16.1,14.8,12.7,3.1,2.8,2.5,8.4,8.2,8.0
2024-08-05,06707525,9.0,8.6,8.2,245.0,241.0,235.0,17.5,15.3,13.0,6.3,2.8,2.4,8.3,8.1,8.0
2024-08-06,06707525,9.2,8.7,8.3,240.0,235.0,228.0,16.8,14.8,12.2,321.0,12.8,4.6,8.1,8.0,7.9
2024-08-07,06707525,9.0,8.7,8.5,240.0,238.0,231.0,15.6,14.7,13.4,6.5,4.8,3.6,8.2,8.1,8.0
2024-08-08,06707525,9.0,8.7,8.4,233.0,230.0,223.0,16.5,14.6,13.4,8.3,4.3,3.2,8.2,8.1,7.9
2024-08-09,06707525,,,8.6,,,,15.3,14.6,14.2,,,,8.2,8.1,7.9
2024-08-10,06707525,9.1,8.6,8.1,232.0,228.0,223.0,18.1,15.5,13.0,8.9,4.5,3.6,8.4,8.2,7.9
2024-08-11,06707525,8.9,8.6,8.4,229.0,226.0,223.0,16.5,15.2,14.1,11.6,4.6,3.9,8.3,8.1,8.0
2024-08-12,06707525,9.0,8.6,8.3,231.0,229.0,225.0,17.1,15.3,13.4,4.9,3.8,2.9,8.4,8.2,7.9
2024-08-13,06707525,8.9,8.6,8.3,234.0,231.0,227.0,17.0,15.5,13.8,7.1,4.6,3.8,8.5,8.1,8.0
2024-08-14,06707525,9.3,8.8,8.5,240.0,236.0,233.0,16.0,14.5,12.4,6.3,5.2,4.1,8.4,8.1,8.0
2024-08-15,06707525,,,8.4,,,,,,,,,,,,
2024-08-16,06707525,9.4,8.8,8.3,247.0,244.0,242.0,17.2,14.8,11.8,,,,8.5,8.2,7.9
2024-08-17,06707525,9.4,8.8,8.3,249.0,245.0,242.0,17.2,14.9,12.1,,,,8.6,8.2,8.0
2024-08-18,06707525,9.3,8.8,8.4,248.0,241.0,237.0,17.0,14.8,12.2,,,,8.5,8.1,8.0
2024-08-19,06707525,9.3,8.9,8.6,246.0,240.0,237.0,15.4,14.1,12.5,,,,8.4,8.1,7.9
2024-08-20,06707525,9.3,8.7,8.3,245.0,241.0,235.0,17.4,15.0,12.4,,,,8.6,8.1,7.9
2024-08-21,06707525,9.1,8.7,8.3,245.0,242.0,240.0,16.9,15.1,13.0,,,,8.6,8.2,8.0
2024-08-22,06707525,9.0,8.6,8.2,243.0,238.0,235.0,17.9,15.6,13.5,,,,8.6,8.2,8.0
2024-08-23,06707525,9.1,8.6,8.1,247.0,238.0,229.0,18.1,15.7,13.3,,,,8.7,8.3,8.0
2024-08-24,06707525,9.0,8.6,8.3,251.0,247.0,242.0,16.9,15.8,13.8,3.4,2.5,2.1,8.7,8.3,8.0
2024-08-25,06707525,9.0,8.6,8.3,252.0,244.0,237.0,17.3,15.7,13.7,3.0,2.5,2.3,8.7,8.3,8.0
2024-08-26,06707525,9.0,8.7,8.4,245.0,241.0,233.0,16.6,15.5,14.1,4.6,2.4,2.0,8.7,8.3,8.0
2024-08-27,06707525,9.4,8.8,8.3,250.0,244.0,234.0,17.3,14.9,12.1,5.1,3.2,2.6,8.7,8.3,8.0
2024-08-28,06707525,9.3,8.7,8.2,252.0,249.0,243.0,17.6,15.2,12.4,3.1,2.8,2.5,8.8,8.3,8.0
2024-08-29,06707525,9.1,8.7,8.4,254.0,250.0,247.0,17.1,15.3,13.2,5.2,3.0,2.7,8.7,8.3,8.0
2024-08-30,06707525,9.6,9.0,8.5,258.0,253.0,249.0,16.3,14.1,11.2,6.1,5.4,4.3,8.6,8.3,8.0
2024-08-31,06707525,9.6,9.0,8.6,260.0,257.0,254.0,16.0,14.1,11.3,5.9,5.0,4.5,8.7,8.3,8.0
2024-09-01,06707525,9.8,9.1,8.6,265.0,262.0,259.0,15.9,13.7,10.7,,,,8.7,8.2,8.0
2024-09-02,06707525,9.8,9.1,8.7,269.0,266.0,261.0,14.9,13.2,10.6,,,,8.6,8.2,8.0
2024-09-03,06707525,9.7,9.1,8.7,271.0,267.0,262.0,15.3,13.3,10.6,,,,8.6,8.2,8.0
2024-09-04,06707525,9.6,9.1,8.8,270.0,267.0,261.0,14.7,13.3,11.2,,,,8.5,8.2,8.0
2024-09-05,06707525,9.4,9.1,8.9,271.0,261.0,250.0,14.7,13.5,12.3,,,,8.7,8.2,8.0
2024-09-06,06707525,9.7,9.2,8.6,261.0,258.0,250.0,15.6,13.4,11.0,6.3,3.4,2.4,8.6,8.3,8.0
2024-09-07,06707525,9.5,9.0,8.5,269.0,267.0,261.0,15.8,13.9,11.6,3.1,2.6,2.1,8.7,8.4,8.0
2024-09-08,06707525,9.4,9.0,8.7,268.0,267.0,265.0,15.4,13.9,11.9,3.6,2.5,2.0,8.6,8.4,8.0
2024-09-09,06707525,,,8.6,,,,,,,,,,,,
2024-09-10,06707525,9.5,9.0,8.6,278.0,274.0,270.0,15.2,13.7,11.5,3.6,2.5,2.0,8.7,8.3,8.0
2024-09-11,06707525,9.4,9.0,8.8,279.0,275.0,272.0,14.4,13.1,11.3,4.2,2.7,1.9,8.6,8.3,8.1
2024-09-12,06707525,9.6,9.0,8.5,282.0,277.0,274.0,15.5,13.2,10.5,3.7,2.9,2.4,8.8,8.3,8.1
2024-09-13,06707525,9.7,9.1,8.7,282.0,279.0,276.0,14.9,13.3,10.8,3.0,2.6,2.2,8.8,8.4,8.1
2024-09-14,06707525,9.7,9.1,8.6,284.0,281.0,279.0,15.3,13.3,10.6,3.0,2.5,2.1,8.8,8.4,8.1
2024-09-15,06707525,9.6,9.2,8.9,281.0,279.0,275.0,14.1,12.9,10.8,3.1,2.4,2.0,8.7,8.4,8.1
2024-09-16,06707525,9.7,9.3,9.0,282.0,279.0,275.0,13.0,12.1,10.5,3.1,2.3,2.1,8.7,8.4,8.1
2024-09-17,06707525,9.5,9.2,8.9,280.0,278.0,274.0,13.7,12.5,11.2,2.7,2.1,1.8,8.6,8.3,8.1
2024-09-18,06707525,9.9,9.3,8.8,280.0,278.0,274.0,14.1,12.0,9.5,2.5,2.2,1.9,8.8,8.4,8.1
2024-09-19,06707525,9.9,9.3,8.8,284.0,280.0,277.0,14.2,12.2,9.6,2.4,2.2,1.8,8.8,8.5,8.1
2024-09-20,06707525,9.6,9.1,8.7,280.0,278.0,275.0,14.2,12.7,11.0,2.5,2.1,1.9,8.8,8.5,8.1
2024-09-21,06707525,9.8,9.3,9.0,284.0,279.0,273.0,13.0,11.9,10.0,2.9,2.2,1.9,8.7,8.4,8.1
2024-09-22,06707525,9.8,9.4,9.1,276.0,275.0,273.0,13.0,11.9,10.8,2.7,2.3,2.0,8.8,8.4,8.1
2024-09-23,06707525,9.9,9.4,8.9,279.0,276.0,274.0,13.8,11.8,9.5,2.7,2.3,1.9,8.8,8.5,8.1
2024-09-24,06707525,9.8,9.3,8.9,278.0,276.0,274.0,13.9,12.3,10.3,2.5,2.3,1.9,8.8,8.5,8.1
2024-09-25,06707525,,,9.2,,,,,,,,,,,,
2024-09-26,06707525,,,8.7,,,,,,,,,,,,
2024-09-27,06707525,9.6,9.0,8.6,,,,,,,,,,,,
2024-09-28,06707525,9.8,9.2,8.8,281.0,277.0,274.0,14.3,12.4,10.0,4.2,3.0,2.6,8.8,8.4,8.0
2024-09-29,06707525,9.7,9.2,8.9,280.0,277.0,274.0,13.9,12.4,10.5,3.0,2.6,2.4,8.8,8.4,8.1
2024-09-30,06707525,9.8,9.3,9.0,278.0,276.0,274.0,13.5,12.0,10.0,2.8,2.4,2.2,8.8,8.4,8.0
2024-10-01,06707525,10.1,9.5,9.0,298.0,282.0,275.0,13.3,11.5,9.1,3.2,2.4,2.1,9.0,8.4,8.1
2024-10-02,06707525,9.8,9.3,8.8,297.0,294.0,288.0,14.0,12.2,9.8,2.7,2.0,1.6,8.9,8.4,8.1
2024-10-03,06707525,9.9,9.4,9.1,296.0,292.0,288.0,12.8,11.5,9.5,2.1,1.8,1.6,9.0,8.4,8.1
2024-10-04,06707525,10.0,9.4,8.9,299.0,294.0,291.0,13.7,11.6,9.1,2.0,1.8,1.5,9.0,8.5,8.1
2024-10-05,06707525,9.8,9.3,8.9,298.0,295.0,293.0,13.8,12.0,9.8,2.0,1.8,1.6,9.0,8.5,8.1
2024-10-06,06707525,9.9,9.4,8.9,299.0,297.0,293.0,13.5,11.9,9.7,2.0,1.8,1.6,9.0,8.5,8.1
2024-10-07,06707525,9.8,9.3,9.0,303.0,301.0,297.0,13.3,11.9,10.1,2.0,1.6,1.4,9.1,8.6,8.1
2024-10-08,06707525,10.0,9.5,9.1,306.0,303.0,300.0,12.6,11.1,9.1,1.8,1.6,1.5,9.0,8.5,8.1
2024-10-09,06707525,10.0,9.5,9.2,306.0,303.0,297.0,12.5,11.1,9.4,2.0,1.7,1.5,9.0,8.4,8.1
2024-10-10,06707525,10.1,9.5,9.0,304.0,300.0,294.0,13.2,11.3,9.3,2.1,1.8,1.6,9.0,8.4,8.1
2024-10-11,06707525,9.9,9.6,9.3,299.0,296.0,292.0,12.1,11.1,9.8,1.9,1.7,1.5,8.9,8.5,8.1
2024-10-12,06707525,10.1,9.6,9.2,300.0,296.0,293.0,12.5,11.0,9.1,1.9,1.6,1.5,8.9,8.5,8.1
2024-10-13,06707525,9.9,9.5,9.2,300.0,297.0,292.0,12.3,11.3,10.1,1.9,1.6,1.5,9.0,8.5,8.1
2024-10-14,06707525,10.1,9.6,9.2,298.0,295.0,291.0,12.1,10.8,8.9,2.2,1.7,1.5,8.8,8.5,8.1
2024-10-15,06707525,9.9,9.5,9.2,297.0,294.0,292.0,12.3,10.9,9.4,1.8,1.6,1.4,8.8,8.4,8.1
2024-10-16,06707525,10.1,9.6,9.1,297.0,294.0,290.0,12.3,10.6,8.8,1.9,1.6,1.4,8.9,8.4,8.1
2024-10-17,06707525,9.7,9.4,9.1,290.0,285.0,276.0,11.8,10.9,10.0,2.3,1.9,1.6,8.8,8.5,8.1
2024-10-18,06707525,10.1,9.9,9.4,279.0,277.0,274.0,10.4,9.1,8.4,2.2,1.9,1.7,8.5,8.3,8.1
2024-10-19,06707525,10.2,9.8,9.4,281.0,279.0,276.0,10.9,9.5,8.3,2.2,2.0,1.6,8.5,8.3,8.1
2024-10-20,06707525,10.1,9.6,9.1,284.0,281.0,278.0,11.9,10.4,8.7,2.2,1.8,1.6,8.6,8.4,8.1
2024-10-21,06707525,9.9,9.6,9.3,284.0,282.0,278.0,10.9,9.9,9.0,2.1,1.8,1.6,8.5,8.4,8.1
2024-10-22,06707525,10.6,10.0,9.5,284.0,282.0,280.0,10.4,8.8,6.7,2.2,2.0,1.8,8.5,8.3,8.1
2024-10-23,06707525,10.6,10.1,9.6,285.0,282.0,276.0,10.3,8.7,6.8,2.7,2.0,1.7,8.5,8.3,8.1
2024-10-24,06707525,10.5,10.1,9.7,283.0,280.0,276.0,9.7,8.4,6.8,3.0,2.4,2.1,8.4,8.3,8.1
2024-10-25,06707525,10.8,10.3,9.9,282.0,280.0,278.0,9.3,7.9,6.3,2.4,2.2,2.0,8.4,8.3,8.1
2024-10-26,06707525,10.9,10.3,9.8,285.0,283.0,281.0,9.3,7.8,6.0,2.2,2.0,1.9,8.4,8.3,8.1
2024-10-27,06707525,10.9,10.3,9.8,294.0,284.0,281.0,9.0,7.5,5.6,2.2,2.1,1.9,8.5,8.3,8.1
2024-10-28,06707525,10.5,10.0,9.5,299.0,294.0,282.0,10.0,8.4,6.7,2.4,2.2,2.0,8.6,8.4,8.2
2024-10-29,06707525,10.0,9.7,9.4,285.0,282.0,279.0,10.5,9.3,8.1,2.7,2.4,2.1,8.4,8.3,8.1
2024-10-30,06707525,10.7,10.4,10.0,292.0,282.0,279.0,8.1,7.0,6.2,2.8,2.4,2.2,8.4,8.3,8.1
2024-10-31,06707525,11.3,10.7,10.3,299.0,293.0,291.0,6.9,5.8,4.0,2.7,2.3,2.0,8.4,8.3,8.1
2024-11-01,06707525,11.5,10.8,10.4,304.0,302.0,299.0,6.6,5.3,3.3,2.8,2.3,1.9,8.4,8.3,8.2
2024-11-02,06707525,11.5,10.7,10.2,313.0,307.0,299.0,7.0,5.4,3.3,2.7,2.2,1.9,8.5,8.3,8.2
2024-11-03,06707525,11.3,10.7,10.3,310.0,306.0,299.0,6.2,5.4,3.6,2.7,2.2,2.0,8.5,8.4,8.2
2024-11-04,06707525,11.1,10.8,10.5,307.0,300.0,295.0,5.9,5.1,4.3,2.7,2.4,2.1,8.4,8.3,8.1
2024-11-05,06707525,11.8,11.2,10.7,311.0,307.0,301.0,5.3,3.7,2.1,2.9,2.4,2.2,8.4,8.3,8.2
2024-11-06,06707525,12.1,11.7,11.2,306.0,297.0,292.0,3.5,2.5,1.8,3.3,2.7,2.3,8.3,8.3,8.1
2024-11-07,06707525,12.1,11.7,11.4,305.0,302.0,298.0,3.7,2.8,2.0,2.7,2.5,2.3,8.4,8.3,8.1
2024-11-08,06707525,11.6,11.4,11.3,304.0,299.0,289.0,3.9,3.4,2.6,2.6,2.4,2.2,8.3,8.2,8.1
2024-11-09,06707525,11.6,11.1,10.5,294.0,288.0,286.0,5.8,4.2,2.6,2.7,2.4,2.2,8.4,8.3,8.1
2024-11-10,06707525,11.7,11.1,10.7,298.0,295.0,290.0,5.1,4.1,2.6,2.8,2.5,2.2,8.3,8.2,8.1
2024-11-11,06707525,12.2,11.5,11.0,290.0,284.0,281.0,4.1,3.0,1.3,3.1,2.8,2.3,8.3,8.2,8.1
2024-11-12,06707525,12.2,11.4,10.9,285.0,280.0,276.0,4.2,2.9,1.0,3.2,2.8,2.4,8.3,8.1,8.1
2024-11-13,06707525,12.2,11.5,11.0,286.0,280.0,276.0,4.1,3.0,1.5,3.1,2.6,2.2,8.2,8.1,8.1
2024-11-14,06707525,13.0,12.1,11.4,,,,,,,,,,,,
2024-11-15,06707525,13.1,12.2,10.6,,,,,,,,,,,,
2024-11-16,06707525,12.2,11.8,11.2,,,,,,,,,,8.2,8.0,7.9
2024-11-17,06707525,11.9,11.4,11.1,314.0,311.0,307.0,4.4,3.4,2.1,4.3,3.3,2.8,8.3,8.2,8.1
2024-11-18,06707525,12.0,11.5,11.0,319.0,315.0,312.0,4.2,3.0,1.6,3.7,3.2,3.0,8.3,8.2,8.1
2024-11-19,06707525,12.1,11.7,11.2,320.0,313.0,305.0,3.6,2.8,1.6,3.3,3.0,2.7,8.3,8.2,8.2
2024-11-20,06707525,12.8,12.4,12.0,320.0,314.0,308.0,2.1,1.0,0.0,3.8,3.1,2.9,8.2,8.2,8.1
2024-11-21,06707525,12.6,12.2,11.8,319.0,309.0,299.0,2.5,1.7,0.6,3.9,3.1,2.8,8.3,8.2,8.1
2024-11-22,06707525,12.2,11.7,11.1,303.0,298.0,295.0,4.3,2.9,1.9,4.2,3.0,2.8,8.3,8.2,8.1
2024-11-23,06707525,11.7,11.2,10.8,299.0,296.0,295.0,5.2,4.1,2.7,3.1,2.9,2.7,8.4,8.3,8.1
2024-11-24,06707525,11.7,11.2,10.9,301.0,297.0,282.0,5.0,3.9,2.4,3.2,3.0,2.8,8.3,8.2,8.2
2024-11-25,06707525,11.8,11.4,11.0,282.0,275.0,271.0,4.6,3.6,2.7,3.4,3.2,3.0,8.2,8.1,8.1
2024-11-26,06707525,12.3,11.6,11.1,276.0,274.0,270.0,4.0,2.8,1.2,3.5,3.3,3.1,8.2,8.1,8.0
2024-11-27,06707525,12.2,11.6,11.2,272.0,267.0,262.0,3.9,2.9,1.3,3.7,3.5,3.3,8.2,8.1,8.0
2024-11-28,06707525,12.9,12.7,12.2,288.0,280.0,268.0,1.3,0.1,0.0,5.1,3.8,3.3,8.1,8.1,8.0
2024-11-29,06707525,12.8,12.7,12.5,299.0,293.0,285.0,0.0,0.0,0.0,7.4,2.4,1.7,8.1,8.0,8.0
2024-11-30,06707525,12.8,12.7,12.4,315.0,302.0,288.0,0.0,0.0,0.0,3.1,2.2,1.7,8.2,8.1,8.0
2024-12-01,06707525,,,12.4,,,,,,,,,,,,
2025-04-08,06707525,,,9.0,,,,,,,,,,,,
2025-04-09,06707525,10.5,9.6,8.8,335.0,331.0,325.0,13.2,9.4,5.9,2.6,1.6,1.2,8.5,8.3,8.2
2025-04-10,06707525,10.5,9.6,8.8,334.0,328.0,324.0,13.6,10.0,6.4,5.3,2.3,1.3,8.4,8.3,8.2
2025-04-11,06707525,10.3,9.5,8.8,344.0,340.0,334.0,13.6,10.3,6.8,4.8,2.3,1.5,8.4,8.3,8.2
2025-04-12,06707525,10.4,9.5,9.0,353.0,347.0,340.0,11.6,9.6,6.3,3.2,2.6,2.1,8.4,8.3,8.2
2025-04-13,06707525,10.2,9.5,9.1,349.0,341.0,333.0,11.7,9.9,6.9,2.7,2.3,2.0,8.4,8.3,8.2
2025-04-14,06707525,10.4,9.6,9.1,344.0,337.0,331.0,12.2,9.6,6.9,2.5,2.2,1.8,8.4,8.3,8.2
2025-04-15,06707525,10.5,9.7,9.2,339.0,335.0,332.0,11.6,9.2,6.1,2.5,2.1,1.8,8.4,8.3,8.2
2025-04-16,06707525,10.4,9.7,9.2,342.0,337.0,334.0,11.1,9.1,6.1,3.1,2.0,1.7,8.4,8.3,8.2
2025-04-17,06707525,10.1,9.4,8.8,341.0,335.0,330.0,13.0,10.2,7.0,2.6,2.0,1.7,8.5,8.3,8.2
2025-04-18,06707525,11.0,10.4,9.3,339.0,332.0,322.0,10.0,6.3,4.0,2.5,1.9,1.7,8.4,8.3,8.2
2025-04-19,06707525,11.4,10.6,9.8,338.0,328.0,321.0,8.6,5.7,2.9,2.5,1.8,1.5,8.4,8.3,8.2
2025-04-20,06707525,11.0,10.1,9.4,342.0,336.0,330.0,10.3,7.6,4.3,2.0,1.7,1.5,8.4,8.3,8.2
2025-04-21,06707525,10.8,9.9,9.2,344.0,336.0,331.0,11.5,8.3,5.1,2.0,1.7,1.4,8.4,8.3,8.2
2025-04-22,06707525,10.5,9.8,9.3,346.0,338.0,331.0,11.0,8.9,6.0,1.9,1.5,1.3,8.4,8.3,8.2
2025-04-23,06707525,10.4,9.6,9.1,338.0,333.0,329.0,12.2,9.6,6.6,1.7,1.4,1.2,8.5,8.3,8.1
2025-04-24,06707525,9.9,9.3,8.9,340.0,334.0,330.0,13.0,10.7,8.3,2.4,1.5,1.2,8.5,8.3,8.2
2025-04-25,06707525,10.0,9.5,9.2,353.0,346.0,340.0,11.5,10.0,8.4,7.7,2.1,1.6,8.5,8.3,8.2
2025-04-26,06707525,10.4,9.5,8.9,356.0,353.0,349.0,12.4,10.0,6.6,6.4,4.4,3.7,8.4,8.3,8.2
2025-04-27,06707525,10.3,9.4,8.7,354.0,348.0,343.0,13.2,10.4,6.5,4.2,3.5,3.1,8.5,8.3,8.2
2025-04-28,06707525,10.4,9.8,9.2,352.0,344.0,337.0,11.0,8.9,6.5,3.5,3.0,2.4,8.4,8.3,8.2
2025-04-29,06707525,10.6,9.9,9.4,345.0,342.0,339.0,10.8,8.7,6.0,2.8,2.2,1.9,8.5,8.3,8.2
2025-04-30,06707525,10.7,9.8,9.2,350.0,344.0,341.0,11.2,8.6,5.4,2.7,2.1,1.9,8.4,8.3,8.2
2025-05-01,06707525,10.2,9.6,9.1,347.0,343.0,332.0,12.0,9.7,7.6,2.5,2.0,1.8,8.5,8.3,8.2
2025-05-02,06707525,10.2,9.4,8.7,346.0,320.0,306.0,14.0,10.7,7.6,5.3,3.6,1.9,8.4,8.3,8.1
2025-05-03,06707525,10.3,9.3,8.6,363.0,357.0,346.0,14.0,10.9,7.0,4.0,2.8,2.6,8.4,8.3,8.2
2025-05-04,06707525,10.0,9.3,8.8,359.0,355.0,344.0,13.5,11.1,8.0,3.1,2.7,2.3,8.4,8.3,8.2
2025-05-05,06707525,9.9,9.5,9.2,344.0,339.0,327.0,11.2,10.0,8.1,3.4,2.8,2.5,8.4,8.3,8.1
2025-05-06,06707525,10.5,10.0,9.4,327.0,311.0,296.0,9.9,7.8,6.0,13.5,4.6,2.8,8.2,8.1,8.1
2025-05-07,06707525,10.8,10.4,10.0,313.0,304.0,295.0,8.3,6.7,5.3,10.5,4.6,3.4,8.3,8.2,8.0
2025-05-08,06707525,10.6,9.6,8.7,318.0,315.0,312.0,14.2,10.1,6.2,4.4,3.4,2.8,8.4,8.2,8.1
2025-05-09,06707525,10.1,9.2,8.4,320.0,313.0,307.0,15.7,12.2,8.4,4.6,4.0,3.0,8.4,8.2,8.1
2025-05-10,06707525,10.0,9.0,8.3,307.0,305.0,303.0,16.1,12.7,8.8,4.6,3.9,3.6,8.4,8.2,8.0
2025-05-11,06707525,9.6,8.9,8.4,303.0,294.0,282.0,15.3,13.2,10.3,8.2,6.4,3.8,8.4,8.2,8.1
2025-05-12,06707525,9.5,8.8,8.1,284.0,278.0,274.0,17.0,13.5,10.0,11.8,8.0,5.9,8.4,8.2,8.0
2025-05-13,06707525,9.3,8.8,8.3,278.0,268.0,260.0,15.4,13.0,10.6,19.2,14.0,7.8,8.4,8.2,8.0
2025-05-14,06707525,9.7,9.1,8.7,279.0,273.0,266.0,13.3,11.4,8.9,15.9,7.3,5.5,8.4,8.2,8.0
2025-05-15,06707525,10.0,9.3,8.7,306.0,292.0,266.0,13.9,10.9,7.8,18.4,10.9,8.0,8.3,8.2,8.0
2025-05-16,06707525,10.0,9.4,8.9,312.0,305.0,290.0,12.7,10.6,7.8,15.9,7.4,5.6,8.4,8.2,8.0
2025-05-17,06707525,9.9,9.5,9.2,323.0,310.0,290.0,11.5,10.0,8.5,28.6,18.9,11.4,8.2,8.0,7.9
2025-05-18,06707525,10.1,9.5,8.9,330.0,321.0,306.0,12.3,9.9,7.3,22.6,12.3,8.6,8.2,8.1,8.0
2025-05-19,06707525,9.9,9.6,9.3,329.0,324.0,315.0,10.7,9.3,7.9,9.0,6.4,5.3,8.2,8.1,8.0
2025-05-20,06707525,10.4,9.7,8.9,337.0,330.0,320.0,12.7,9.5,6.4,10.1,7.3,6.0,8.2,8.1,8.0
2025-05-21,06707525,10.2,9.4,8.8,344.0,333.0,323.0,13.5,10.7,7.5,21.1,9.4,7.3,8.2,8.1,8.0
2025-05-22,06707525,10.0,9.4,8.9,336.0,325.0,317.0,12.7,10.8,8.2,22.6,13.3,7.8,8.2,8.0,8.0
2025-05-23,06707525,10.0,9.4,8.9,337.0,330.0,323.0,12.8,10.7,8.3,8.5,6.9,6.2,8.2,8.1,8.0
2025-05-24,06707525,9.8,9.3,8.8,333.0,322.0,310.0,13.3,11.3,9.0,8.8,7.6,6.0,8.2,8.0,8.0
2025-05-25,06707525,9.7,9.4,9.2,335.0,320.0,308.0,11.6,10.7,9.9,10.4,7.6,6.3,8.1,8.1,8.0
2025-05-26,06707525,9.8,9.5,9.4,308.0,285.0,272.0,11.3,10.2,9.1,12.9,8.2,6.2,8.1,8.0,8.0
2025-05-27,06707525,9.8,9.2,8.7,287.0,275.0,263.0,14.3,11.7,9.0,9.0,6.1,5.4,8.2,8.1,8.0
2025-05-28,06707525,9.4,9.0,8.7,277.0,274.0,267.0,14.1,12.4,10.7,6.5,5.3,4.3,8.3,8.1,8.0
2025-05-29,06707525,9.4,9.2,9.0,272.0,268.0,262.0,12.6,11.6,10.8,7.2,5.3,4.5,8.2,8.1,8.0
2025-05-30,06707525,9.7,9.1,8.5,273.0,266.0,255.0,15.0,12.4,9.8,9.2,6.2,5.4,8.3,8.1,8.0
2025-05-31,06707525,9.4,8.8,8.2,272.0,261.0,250.0,16.4,13.9,11.0,12.8,6.9,6.1,8.2,8.0,7.9
2025-06-01,06707525,9.1,8.7,8.4,259.0,253.0,247.0,15.5,14.0,12.3,16.4,9.4,7.3,8.2,8.0,7.9
2025-06-02,06707525,9.4,9.0,8.7,256.0,248.0,238.0,13.8,12.3,10.7,13.7,9.1,8.0,8.2,8.1,7.9
2025-06-03,06707525,9.6,9.4,9.0,250.0,232.0,214.0,12.1,10.8,10.0,23.4,13.6,8.7,8.0,8.0,7.9
2025-06-04,06707525,9.6,9.2,8.6,231.0,228.0,217.0,14.4,11.8,9.6,12.8,8.6,7.2,8.2,8.1,7.9
2025-06-05,06707525,9.4,9.0,8.5,239.0,235.0,230.0,15.0,12.8,10.8,13.2,7.1,6.4,8.2,8.1,7.9
2025-06-06,06707525,9.4,8.9,8.5,238.0,234.0,231.0,15.1,12.9,11.1,18.9,7.7,6.4,8.3,8.1,7.9
2025-06-07,06707525,9.5,8.8,8.1,239.0,226.0,219.0,16.7,13.7,10.3,8.5,6.3,5.4,8.4,8.2,8.0
2025-06-08,06707525,9.1,8.5,8.0,228.0,214.0,202.0,18.0,15.2,12.1,6.9,5.3,4.4,8.4,8.2,8.0
2025-06-09,06707525,8.9,8.3,7.8,202.0,196.0,192.0,19.3,16.2,13.1,6.9,5.8,5.1,8.4,8.1,7.9
2025-06-10,06707525,8.9,8.3,7.9,196.0,192.0,183.0,18.4,16.0,13.3,8.2,6.6,5.4,8.3,8.1,7.9
2025-06-11,06707525,9.0,8.6,8.2,214.0,203.0,183.0,16.6,14.9,12.9,8.7,7.8,6.9,8.3,8.1,7.9
2025-06-12,06707525,9.2,8.9,8.6,227.0,222.0,214.0,14.3,13.1,12.0,10.6,7.0,5.7,8.2,8.0,7.9
2025-06-13,06707525,9.5,9.0,8.5,238.0,231.0,218.0,15.0,12.8,10.4,12.8,10.7,7.5,8.1,8.0,7.9
2025-06-14,06707525,9.4,8.8,8.3,235.0,231.0,229.0,16.0,13.7,11.0,7.8,6.7,5.8,8.2,8.0,7.9
2025-06-15,06707525,9.3,8.7,8.3,237.0,235.0,234.0,16.0,14.1,11.7,6.2,5.5,4.8,8.2,8.1,7.9
2025-06-16,06707525,9.2,8.6,8.2,235.0,228.0,225.0,16.7,14.4,11.8,5.7,4.7,4.1,8.3,8.1,7.9
2025-06-17,06707525,8.7,8.5,8.3,230.0,225.0,222.0,16.3,14.9,13.6,5.0,4.3,3.8,8.2,8.1,7.9
2025-06-18,06707525,9.3,8.6,7.9,229.0,226.0,222.0,18.2,14.9,11.4,4.7,3.9,3.3,8.3,8.1,7.9
2025-06-19,06707525,8.9,8.3,7.8,234.0,229.0,227.0,18.5,16.1,13.3,4.5,4.0,3.3,8.3,8.2,8.0
2025-06-20,06707525,8.9,8.2,7.7,234.0,222.0,210.0,18.9,16.1,12.8,5.0,4.1,3.2,8.4,8.1,8.0
2025-06-21,06707525,8.8,8.2,7.7,239.0,232.0,211.0,19.0,16.1,13.1,6.4,4.6,3.8,8.3,8.1,8.0
2025-06-22,06707525,8.9,8.4,7.9,254.0,251.0,233.0,18.1,15.6,12.7,6.4,4.4,3.6,8.3,8.2,8.0
2025-06-23,06707525,8.8,8.4,8.0,263.0,259.0,254.0,18.2,16.0,13.9,4.3,3.4,2.8,8.4,8.2,8.0
2025-06-24,06707525,9.0,8.5,8.1,262.0,259.0,255.0,17.3,15.0,13.1,5.4,3.6,2.9,8.3,8.1,8.0
2025-06-25,06707525,8.9,8.7,8.4,268.0,264.0,257.0,15.8,14.3,13.1,5.9,4.6,4.0,8.2,8.1,8.0
2025-06-26,06707525,9.4,8.8,8.3,266.0,263.0,260.0,16.3,13.8,11.2,4.4,3.9,3.1,8.3,8.1,8.0
2025-06-27,06707525,9.2,8.7,8.3,275.0,271.0,263.0,16.1,14.0,11.7,4.5,3.8,3.0,8.3,8.1,8.0
2025-06-28,06707525,9.4,8.8,8.4,274.0,272.0,269.0,15.3,13.5,11.2,4.4,3.7,3.2,8.3,8.1,8.0
2025-06-29,06707525,9.4,9.0,8.7,282.0,277.0,272.0,14.5,12.8,11.0,4.5,3.6,3.1,8.3,8.1,8.0
2025-06-30,06707525,9.6,9.0,8.5,283.0,280.0,274.0,15.0,12.8,10.5,5.0,4.2,3.4,8.2,8.1,8.0
2025-07-01,06707525,9.5,9.1,8.8,283.0,279.0,272.0,14.1,12.6,10.5,6.6,4.1,3.7,8.2,8.1,8.0
2025-07-02,06707525,9.7,8.9,8.2,292.0,287.0,278.0,16.4,13.3,9.9,6.6,5.0,4.1,8.3,8.1,8.0
2025-07-03,06707525,9.4,8.7,8.2,294.0,289.0,286.0,16.5,14.0,11.1,5.0,4.0,3.3,8.3,8.2,8.0
2025-07-04,06707525,9.1,8.6,8.3,298.0,291.0,286.0,16.5,14.5,12.5,5.0,4.1,3.7,8.3,8.1,8.0
2025-07-05,06707525,9.4,8.8,8.5,294.0,291.0,288.0,15.5,13.7,11.5,4.6,3.6,3.2,8.3,8.1,8.0
2025-07-06,06707525,9.5,8.9,8.5,299.0,293.0,287.0,15.3,13.3,10.7,3.9,3.4,3.0,8.3,8.1,7.9
2025-07-07,06707525,9.4,8.9,8.5,299.0,293.0,289.0,15.2,13.3,11.0,3.8,3.0,2.6,8.3,8.2,7.9
2025-07-08,06707525,9.5,9.1,8.8,302.0,298.0,292.0,13.8,12.5,10.6,3.4,2.9,2.3,8.3,8.2,7.9
2025-07-09,06707525,9.7,9.0,8.5,311.0,303.0,296.0,15.1,12.9,10.0,6.1,3.4,2.8,8.4,8.2,8.1
2025-07-10,06707525,9.5,8.9,8.5,318.0,314.0,310.0,15.2,13.3,10.7,5.1,3.5,2.9,8.3,8.2,8.1
2025-07-11,06707525,9.6,9.1,8.7,318.0,314.0,312.0,14.1,12.4,10.2,3.6,3.2,2.6,8.3,8.2,8.1
2025-07-12,06707525,9.6,9.0,8.7,320.0,314.0,308.0,14.3,12.7,10.4,4.8,3.4,2.8,8.3,8.2,8.1
2025-07-13,06707525,9.4,8.7,8.0,310.0,307.0,303.0,17.9,14.6,11.1,3.7,2.9,2.2,8.5,8.3,8.1
2025-07-14,06707525,9.3,8.9,8.4,315.0,310.0,305.0,15.8,13.5,11.8,4.7,3.0,2.6,8.4,8.3,8.1
2025-07-15,06707525,9.6,9.0,8.6,319.0,314.0,307.0,14.5,12.7,10.2,3.2,2.6,2.3,8.4,8.3,8.1
2025-07-16,06707525,9.6,9.1,8.7,318.0,313.0,305.0,13.9,12.4,10.5,2.8,2.2,2.0,8.4,8.3,8.0
2025-07-17,06707525,9.3,8.8,8.5,315.0,308.0,303.0,15.5,13.7,11.6,9.0,2.4,2.0,8.4,8.3,8.0
2025-07-18,06707525,9.3,8.8,8.4,317.0,311.0,305.0,15.6,13.5,11.4,2.6,2.1,1.8,8.4,8.3,8.2
2025-07-19,06707525,9.3,8.8,8.4,317.0,311.0,304.0,15.9,13.8,11.6,2.4,2.1,1.9,8.4,8.3,8.0
2025-07-20,06707525,9.3,8.8,8.4,313.0,308.0,301.0,15.7,13.9,11.8,2.6,2.3,2.1,8.4,8.3,8.2
2025-07-21,06707525,9.4,8.9,8.6,308.0,300.0,289.0,14.3,13.2,11.3,2.6,2.2,1.9,8.4,8.3,8.2
2025-07-22,06707525,9.3,8.9,8.5,,,,14.9,13.3,11.6,3.6,2.2,1.8,8.4,8.3,8.2
2025-07-23,06707525,9.3,8.9,8.5,,,,15.2,13.4,11.3,4.6,3.5,3.2,8.4,8.3,8.0
2025-07-24,06707525,9.6,9.1,8.9,,,,13.5,12.4,10.6,4.0,2.8,2.3,8.4,8.3,8.0
2025-07-25,06707525,9.6,9.0,8.5,,,,15.0,12.8,10.1,18.4,2.9,2.4,8.6,8.3,8.0
2025-07-26,06707525,9.6,8.9,8.3,321.0,317.0,310.0,16.1,13.4,10.3,3.1,2.5,2.1,8.6,8.4,8.2
2025-07-27,06707525,9.5,8.8,8.2,323.0,320.0,316.0,16.6,14.0,10.9,2.6,2.3,2.0,8.5,8.4,8.2
2025-07-28,06707525,9.4,8.8,8.4,328.0,323.0,319.0,15.6,13.8,11.3,2.6,2.2,1.9,8.6,8.4,8.2
2025-07-29,06707525,9.5,9.1,8.7,330.0,325.0,320.0,14.2,12.6,11.1,2.8,2.4,2.0,8.6,8.4,8.1
2025-07-30,06707525,9.7,9.2,8.9,326.0,322.0,314.0,13.5,12.0,10.1,8.7,2.4,2.1,8.4,8.3,8.1
2025-07-31,06707525,9.9,9.3,8.9,322.0,316.0,312.0,13.7,11.8,9.2,23.3,3.2,2.5,8.5,8.3,8.1
2025-08-01,06707525,9.8,9.2,8.8,321.0,318.0,313.0,14.2,12.2,9.8,3.0,2.6,2.2,8.5,8.4,8.1
2025-08-02,06707525,9.8,9.3,8.8,326.0,322.0,318.0,13.7,12.0,9.7,3.0,2.5,2.0,8.5,8.4,8.1
2025-08-03,06707525,9.7,9.0,8.4,326.0,323.0,320.0,15.7,13.0,10.0,2.6,2.3,2.0,8.6,8.3,8.1
2025-08-04,06707525,9.7,9.0,8.5,328.0,324.0,320.0,15.0,12.9,9.9,2.6,2.2,1.8,8.6,8.4,8.1
2025-08-05,06707525,9.7,9.1,8.7,331.0,327.0,321.0,14.4,12.6,10.2,3.2,2.2,1.9,8.6,8.4,8.1
2025-08-06,06707525,10.0,9.4,9.0,337.0,332.0,325.0,12.7,11.1,9.0,3.7,2.9,2.4,8.6,8.4,8.1
2025-08-07,06707525,9.9,9.2,8.7,335.0,331.0,327.0,14.4,11.9,9.2,3.0,2.5,2.2,8.5,8.4,8.1
2025-08-08,06707525,9.8,9.1,8.7,337.0,332.0,327.0,13.9,12.1,9.5,3.0,2.6,2.2,8.5,8.4,8.1
2025-08-09,06707525,9.7,9.2,8.9,333.0,331.0,329.0,13.5,12.2,10.0,3.1,2.8,2.4,8.5,8.4,8.1
2025-08-10,06707525,9.6,9.3,9.0,334.0,330.0,328.0,12.8,11.7,10.4,3.0,2.6,2.4,8.4,8.3,8.1
2025-08-11,06707525,9.8,9.3,8.7,339.0,335.0,332.0,14.1,11.8,9.3,2.9,2.4,2.1,8.5,8.3,8.1
2025-08-12,06707525,9.9,9.2,8.5,340.0,336.0,331.0,14.9,12.3,9.2,2.7,2.3,1.9,8.4,8.4,8.1
2025-08-13,06707525,9.7,9.0,8.5,340.0,335.0,331.0,14.9,12.7,10.0,2.3,2.0,1.7,8.5,8.4,8.1
2025-08-14,06707525,9.7,9.1,8.8,340.0,335.0,332.0,13.5,12.1,9.8,2.3,1.9,1.7,8.4,8.3,8.1
2025-08-15,06707525,9.8,9.2,8.9,340.0,336.0,333.0,13.5,11.7,9.3,2.1,1.9,1.7,8.4,8.2,8.1
2025-08-16,06707525,9.7,9.2,8.8,340.0,336.0,333.0,13.8,12.1,9.8,2.6,2.0,1.8,8.4,8.2,8.1
2025-08-17,06707525,9.7,9.1,8.5,340.0,336.0,332.0,14.9,12.6,9.7,2.7,2.3,2.1,8.4,8.2,8.1
2025-08-18,06707525,9.8,9.0,8.4,339.0,337.0,328.0,15.3,12.8,9.7,6.5,2.4,2.1,8.5,8.2,8.1
2025-08-19,06707525,9.6,9.1,8.7,343.0,338.0,334.0,14.2,12.8,10.4,2.6,2.2,1.9,8.5,8.2,8.1
2025-08-20,06707525,9.7,9.0,8.4,342.0,338.0,333.0,15.9,13.3,10.3,2.7,2.1,1.7,8.6,8.2,8.1
2025-08-21,06707525,9.7,8.9,8.4,340.0,336.0,333.0,16.0,13.4,10.1,2.9,2.4,1.9,8.6,8.4,8.1
2025-08-22,06707525,9.6,9.1,8.7,339.0,335.0,333.0,14.3,12.6,10.5,2.5,2.2,1.9,8.5,8.2,8.1
2025-08-23,06707525,9.5,9.0,8.6,336.0,323.0,297.0,15.0,13.2,11.3,14.3,2.7,2.2,8.5,8.2,8.0
2025-08-24,06707525,9.3,9.0,8.8,327.0,316.0,296.0,13.9,12.9,11.7,36.5,4.9,3.8,8.4,8.2,7.9
2025-08-25,06707525,9.4,9.1,8.9,325.0,313.0,301.0,13.6,12.5,11.1,8.9,4.2,3.2,8.5,8.2,8.0
2025-08-26,06707525,9.4,9.1,8.9,312.0,304.0,297.0,13.5,12.7,11.6,8.2,4.1,3.4,8.4,8.1,8.0
2025-08-27,06707525,9.2,8.8,8.4,302.0,298.0,293.0,16.0,14.0,12.1,5.6,4.0,2.6,8.6,8.2,8.0
2025-08-28,06707525,9.1,8.6,8.2,305.0,299.0,294.0,17.0,14.9,12.9,4.3,3.2,2.4,8.7,8.4,8.1
2025-08-29,06707525,9.0,8.7,8.5,311.0,307.0,293.0,15.4,14.2,13.1,4.2,2.6,2.0,8.6,8.4,8.1
2025-08-30,06707525,9.2,8.9,8.6,306.0,299.0,291.0,14.9,13.7,12.6,4.5,3.7,2.7,8.6,8.4,8.1
2025-08-31,06707525,9.5,9.0,8.5,307.0,301.0,294.0,15.2,13.2,10.9,6.3,2.8,2.3,8.6,8.3,8.1
2025-09-01,06707525,9.6,9.0,8.6,311.0,306.0,301.0,15.1,13.1,10.7,2.8,2.4,2.0,8.6,8.3,8.1
2025-09-02,06707525,9.6,9.1,8.7,315.0,307.0,303.0,14.7,12.9,10.5,3.3,2.4,1.8,8.6,8.3,8.1
2025-09-03,06707525,9.7,9.0,8.6,322.0,317.0,312.0,14.9,12.9,10.2,3.1,2.6,1.9,8.6,8.3,8.1
2025-09-04,06707525,9.7,9.1,8.6,325.0,321.0,317.0,14.5,12.4,9.6,3.0,2.5,2.2,8.6,8.3,8.1
2025-09-05,06707525,9.6,9.2,8.9,326.0,322.0,317.0,13.1,11.9,10.6,2.8,2.4,2.1,8.6,8.3,8.1
2025-09-06,06707525,10.0,9.3,8.7,324.0,319.0,314.0,13.9,11.5,8.8,3.5,2.4,2.1,8.6,8.3,8.1
2025-09-07,06707525,9.6,9.1,8.7,324.0,319.0,315.0,14.6,12.6,10.6,2.6,2.3,2.0,8.6,8.3,8.1
2025-09-08,06707525,9.7,9.1,8.8,324.0,320.0,316.0,13.8,12.3,10.2,2.9,2.3,2.1,8.6,8.3,8.1
2025-09-09,06707525,9.7,9.3,9.0,325.0,321.0,317.0,12.8,11.6,9.8,2.6,2.3,2.0,8.6,8.3,8.1
2025-09-10,06707525,9.8,9.1,8.5,324.0,321.0,317.0,15.0,12.5,9.7,2.6,2.2,1.8,8.7,8.3,8.1
2025-09-11,06707525,9.4,8.9,8.6,327.0,323.0,319.0,14.6,13.3,11.4,2.6,2.2,2.0,8.6,8.3,8.1
2025-09-12,06707525,9.4,9.2,8.9,322.0,319.0,315.0,13.2,12.1,11.3,2.5,2.3,2.1,8.4,8.3,8.1
2025-09-13,06707525,9.7,9.3,8.9,316.0,313.0,309.0,12.9,11.6,10.0,2.5,2.3,2.1,8.6,8.3,8.1
2025-09-14,06707525,9.6,9.2,8.8,313.0,310.0,306.0,13.3,11.7,10.0,2.8,2.4,2.0,8.5,8.3,8.1
2025-09-15,06707525,9.9,9.3,8.8,313.0,310.0,307.0,13.6,11.5,8.9,2.8,2.2,1.8,8.5,8.3,8.1
2025-09-16,06707525,9.7,9.3,9.0,312.0,309.0,303.0,12.7,11.6,10.0,2.6,2.1,1.7,8.5,8.3,8.1
2025-09-17,06707525,9.7,9.2,8.9,307.0,302.0,297.0,13.2,11.7,10.0,,,,8.4,8.3,8.1
2025-09-18,06707525,9.5,9.0,8.6,305.0,303.0,299.0,14.6,12.6,10.5,,,,8.5,8.3,8.1
2025-09-19,06707525,9.6,9.2,8.8,308.0,304.0,301.0,13.5,12.0,10.1,,,,8.7,8.4,8.1
2025-09-20,06707525,9.7,9.2,8.8,311.0,308.0,304.0,13.2,11.7,10.1,,,,8.5,8.3,8.1
2025-09-21,06707525,9.5,9.1,8.7,310.0,308.0,306.0,13.9,12.3,10.6,,,,8.4,8.3,8.1
2025-09-22,06707525,9.6,9.3,9.0,310.0,307.0,300.0,12.3,11.3,10.2,,,,8.4,8.2,8.0
2025-09-23,06707525,9.6,9.4,9.2,302.0,297.0,289.0,11.5,10.9,10.4,3.9,3.3,2.4,8.3,8.2,8.1
2025-09-24,06707525,9.8,9.3,8.8,301.0,297.0,290.0,13.5,11.5,9.7,4.6,3.3,2.7,8.4,8.2,8.0
2025-09-25,06707525,9.8,9.3,8.8,301.0,299.0,297.0,13.4,11.6,9.4,3.0,2.5,2.1,8.5,8.2,8.1
2025-09-26,06707525,9.9,9.3,8.8,305.0,303.0,299.0,13.3,11.3,8.9,2.7,2.3,2.0,8.5,8.3,8.1
2025-09-27,06707525,9.7,9.2,8.7,307.0,305.0,302.0,13.6,11.8,9.7,2.5,2.2,1.8,8.5,8.2,8.1
2025-09-28,06707525,9.6,9.1,8.7,307.0,305.0,303.0,14.0,12.0,9.9,2.5,2.1,1.8,8.5,8.3,8.1
2025-09-29,06707525,,,9.0,,,,,,,,,,8.5,8.2,8.1
2025-09-30,06707525,,,8.7,,,,,,,,,,8.5,8.2,8.1
2025-10-01,06707525,9.6,9.2,8.7,306.0,303.0,299.0,13.7,11.9,9.9,2.7,2.2,1.9,8.5,8.2,8.1
2025-10-02,06707525,9.7,9.1,8.6,305.0,304.0,303.0,14.0,12.0,9.6,2.9,2.2,1.9,8.5,8.2,8.1
2025-10-03,06707525,9.6,9.1,8.6,307.0,305.0,303.0,14.1,12.2,9.9,2.6,2.2,1.9,8.5,8.2,8.1
2025-10-04,06707525,9.2,8.9,8.6,306.0,305.0,303.0,13.7,12.4,11.1,2.5,2.2,2.1,8.5,8.3,8.1
2025-10-05,06707525,9.9,9.4,9.0,306.0,303.0,299.0,11.9,10.4,8.2,2.6,2.3,2.1,8.5,8.3,8.1
2025-10-06,06707525,9.7,9.5,9.3,304.0,300.0,297.0,10.8,10.3,9.9,3.4,2.4,2.2,8.4,8.2,8.1
2025-10-07,06707525,9.8,9.4,9.1,302.0,298.0,295.0,12.1,10.8,9.5,2.9,2.5,2.2,8.5,8.3,8.1
2025-10-08,06707525,9.9,9.4,8.9,302.0,300.0,296.0,12.7,10.9,8.7,3.3,2.4,2.2,8.5,8.2,8.1
2025-10-09,06707525,10.0,9.5,9.1,304.0,301.0,299.0,12.0,10.5,8.6,2.7,2.4,2.2,8.5,8.3,8.1
2025-10-10,06707525,9.7,9.3,9.0,304.0,303.0,301.0,12.2,11.2,9.9,2.7,2.4,2.2,8.5,8.2,8.1
2025-10-11,06707525,9.4,9.1,8.8,304.0,302.0,299.0,12.7,11.7,10.8,2.8,2.4,2.2,8.5,8.2,8.1
2025-10-12,06707525,9.5,9.1,8.7,302.0,300.0,297.0,13.1,11.5,9.5,3.0,2.6,2.3,8.7,8.3,8.1
2025-10-13,06707525,10.1,9.7,9.1,304.0,301.0,298.0,11.5,9.5,8.3,3.0,2.8,2.5,8.6,8.3,8.1
2025-10-14,06707525,9.9,9.4,8.8,302.0,300.0,298.0,12.9,10.7,8.4,3.2,2.6,2.2,8.6,8.3,8.1
2025-10-15,06707525,9.7,9.2,8.7,302.0,300.0,298.0,13.1,11.4,9.1,2.8,2.5,2.2,8.7,8.3,8.1
2025-10-16,06707525,9.5,9.2,8.9,302.0,300.0,298.0,12.3,11.2,9.7,3.4,2.6,2.3,8.7,8.3,8.1
2025-10-17,06707525,10.4,9.8,9.4,304.0,302.0,299.0,9.9,8.6,6.5,3.1,2.7,2.4,8.7,8.3,8.1
2025-10-18,06707525,10.4,10.0,9.6,305.0,302.0,300.0,9.5,8.1,6.4,2.9,2.6,2.4,8.7,8.3,8.1
2025-10-19,06707525,10.6,10.0,9.4,304.0,301.0,299.0,9.8,7.9,5.7,3.1,2.7,2.4,8.7,8.3,8.1
2025-10-20,06707525,10.2,9.8,9.5,306.0,302.0,299.0,10.2,8.7,7.0,3.1,2.7,2.3,8.7,8.3,8.1
2025-10-21,06707525,10.7,10.1,9.6,307.0,303.0,301.0,9.4,7.7,5.6,2.9,2.6,2.3,8.7,8.3,8.1
2025-10-22,06707525,10.8,10.2,9.7,308.0,305.0,302.0,9.2,7.6,5.4,3.0,2.6,2.3,8.7,8.3,8.1
2025-10-23,06707525,10.6,10.0,9.5,304.0,301.0,298.0,9.8,8.1,6.1,3.0,2.6,2.4,8.7,8.3,8.1
2025-10-24,06707525,10.2,9.8,9.4,304.0,301.0,297.0,10.1,8.9,7.5,2.9,2.6,2.3,8.7,8.3,8.1
2025-10-25,06707525,10.6,10.1,9.6,304.0,301.0,298.0,9.4,7.8,5.7,3.0,2.7,2.5,8.6,8.3,8.1
2025-10-26,06707525,10.5,10.1,9.8,304.0,301.0,298.0,8.6,7.5,6.1,3.0,2.8,2.5,8.6,8.3,8.1
2025-10-27,06707525,10.5,10.0,9.6,303.0,300.0,296.0,9.4,7.9,6.0,3.1,2.7,2.4,8.6,8.3,8.1
2025-10-28,06707525,10.8,10.4,9.8,304.0,301.0,299.0,8.5,6.8,5.4,2.9,2.7,2.5,8.6,8.3,8.1
2025-10-29,06707525,11.7,11.0,10.3,313.0,308.0,302.0,6.6,4.8,2.5,3.1,2.8,2.5,8.5,8.3,8.1
2025-10-30,06707525,10.9,10.5,10.1,311.0,304.0,297.0,7.6,6.2,4.8,3.4,3.0,2.7,8.5,8.2,8.1
2025-10-31,06707525,11.2,10.8,10.4,308.0,304.0,296.0,6.2,5.2,4.0,3.6,3.0,2.6,8.5,8.2,8.1
2025-11-01,06707525,11.7,11.1,10.6,300.0,298.0,297.0,5.6,4.2,2.5,3.2,2.8,2.5,8.4,8.2,8.1
2025-11-02,06707525,11.3,10.7,10.1,298.0,294.0,288.0,7.6,5.5,3.3,3.0,2.6,2.4,8.3,8.1,8.1
2025-11-03,06707525,11.1,10.7,10.4,297.0,293.0,284.0,6.5,5.6,4.4,3.1,2.6,2.4,8.4,8.2,8.0
2025-11-04,06707525,11.3,10.8,10.3,288.0,283.0,278.0,6.8,5.3,3.5,2.8,2.5,2.3,8.2,8.1,8.0
2025-11-05,06707525,11.4,10.8,10.3,286.0,283.0,280.0,6.6,5.2,3.4,3.0,2.5,2.3,8.2,8.1,8.0
2025-11-06,06707525,11.2,10.7,10.2,286.0,282.0,278.0,6.6,5.3,3.6,2.8,2.5,2.3,8.2,8.1,8.0
2025-11-07,06707525,11.2,10.7,10.3,302.0,288.0,280.0,6.5,5.3,3.8,3.8,2.6,2.4,8.3,8.2,8.0
2025-11-08,06707525,10.9,10.6,10.4,308.0,304.0,300.0,6.6,5.6,4.5,4.2,2.9,2.7,8.3,8.2,8.1
2025-11-09,06707525,11.8,11.3,10.9,310.0,308.0,303.0,4.9,3.8,2.2,3.4,2.9,2.5,8.3,8.2,8.1
2025-11-10,06707525,11.9,11.2,10.4,314.0,309.0,302.0,6.2,4.1,2.0,3.1,2.8,2.5,8.3,8.2,8.1
2025-11-11,06707525,10.9,10.6,10.3,304.0,302.0,299.0,6.8,5.9,5.1,3.1,2.8,2.5,8.4,8.2,8.1
2025-11-12,06707525,11.1,10.6,10.2,307.0,305.0,301.0,7.3,5.9,4.3,3.2,2.8,2.5,8.4,8.2,8.1
2025-11-13,06707525,10.9,10.4,10.1,306.0,303.0,300.0,7.5,6.4,4.9,3.1,2.8,2.5,8.3,8.2,8.1
2025-11-14,06707525,11.1,10.5,10.1,308.0,305.0,302.0,7.1,5.9,4.2,3.3,2.8,2.6,8.4,8.2,8.1
2025-11-15,06707525,11.0,10.4,9.9,309.0,305.0,301.0,8.1,6.5,4.7,3.1,2.8,2.6,8.4,8.2,8.1
2025-11-16,06707525,10.9,10.3,9.9,307.0,304.0,302.0,7.8,6.6,4.8,3.2,2.9,2.7,8.4,8.2,8.0
2025-11-17,06707525,10.6,10.3,9.9,306.0,303.0,300.0,7.5,6.5,5.4,3.4,2.9,2.7,8.4,8.2,8.0
2025-11-18,06707525,11.3,10.7,10.4,306.0,304.0,303.0,6.2,5.2,3.7,3.2,2.9,2.7,8.4,8.2,8.0
2025-11-19,06707525,11.4,10.9,10.5,309.0,306.0,302.0,5.8,4.8,3.2,3.1,2.9,2.6,8.3,8.2,8.0
2025-11-20,06707525,11.1,10.8,10.4,308.0,304.0,300.0,6.1,5.1,3.9,3.2,2.9,2.6,8.4,8.2,8.0
2025-11-21,06707525,10.6,10.3,10.0,304.0,302.0,300.0,8.3,6.8,5.9,3.2,2.8,2.5,8.4,8.2,8.0
2025-11-22,06707525,11.3,10.8,10.5,312.0,310.0,304.0,6.1,5.0,3.6,3.3,3.0,2.8,8.3,8.1,8.0
2025-11-23,06707525,11.4,11.0,10.6,316.0,313.0,308.0,5.2,4.3,3.1,3.4,3.0,2.7,8.3,8.1,8.0
2025-11-24,06707525,,,10.6,,,,,,,,,,,,
2026-03-31,06707525,,,-999999.0,,,,,,,,,,,,
2026-04-01,06707525,10.3,9.8,9.5,302.0,299.0,296.0,8.9,7.7,6.1,2.4,2.0,1.8,8.5,8.3,8.2
2026-04-02,06707525,10.3,9.4,8.7,318.0,301.0,297.0,13.1,9.5,6.1,3.9,2.0,1.5,8.5,8.4,8.2
2026-04-03,06707525,10.2,9.6,9.1,321.0,318.0,316.0,11.8,9.3,6.7,4.1,2.9,2.5,8.6,8.4,8.2
2026-04-04,06707525,10.9,9.9,9.3,325.0,320.0,316.0,11.1,8.2,4.7,2.9,2.5,2.2,8.5,8.4,8.2
2026-04-05,06707525,10.8,9.8,9.1,331.0,325.0,320.0,11.8,8.7,5.1,2.8,2.3,1.9,8.6,8.4,8.2
2026-04-06,06707525,10.5,9.8,9.2,331.0,325.0,320.0,10.9,8.7,5.9,2.6,2.2,1.8,8.6,8.4,8.2
2026-04-07,06707525,10.4,9.8,9.3,327.0,323.0,320.0,10.1,8.4,6.4,3.3,2.1,1.8,8.6,8.4,8.2
2026-04-08,06707525,10.4,9.7,9.0,329.0,325.0,323.0,11.6,9.0,6.0,2.4,2.0,1.7,8.7,8.4,8.2
2026-04-09,06707525,10.2,9.7,9.4,336.0,327.0,322.0,10.4,9.1,6.6,7.6,2.1,1.7,8.6,8.4,8.2
2026-04-10,06707525,10.4,9.8,9.4,339.0,336.0,332.0,10.3,8.6,6.6,6.6,4.8,4.1,8.5,8.4,8.3
2026-04-11,06707525,10.4,9.6,8.9,341.0,337.0,334.0,12.1,9.3,6.3,4.5,3.9,3.4,8.6,8.4,8.3
2026-04-12,06707525,10.3,9.5,8.8,340.0,337.0,332.0,12.5,9.7,6.2,4.1,3.4,3.1,8.6,8.4,8.3
2026-04-13,06707525,10.3,9.4,8.8,342.0,335.0,327.0,12.6,9.8,6.3,3.7,3.0,2.3,8.6,8.4,8.3
2026-04-14,06707525,10.0,9.7,9.2,335.0,330.0,326.0,10.5,8.7,7.1,2.5,2.2,1.9,8.5,8.4,8.3
2026-04-15,06707525,10.8,9.8,8.9,329.0,327.0,324.0,12.5,8.6,4.5,2.4,2.1,1.6,8.6,8.4,8.3
2026-04-16,06707525,10.3,9.4,8.8,332.0,329.0,326.0,12.6,9.9,6.4,2.7,2.1,1.8,8.6,8.4,8.3
2026-04-17,06707525,11.0,10.2,9.1,333.0,327.0,319.0,10.6,6.6,3.7,3.2,2.3,2.1,8.5,8.4,8.3
2026-04-18,06707525,12.0,10.7,9.6,335.0,330.0,327.0,9.7,5.7,1.1,3.0,2.4,2.1,8.6,8.4,8.3
2026-04-19,06707525,10.7,9.7,8.9,338.0,330.0,324.0,12.6,9.1,5.4,2.7,2.4,1.9,8.6,8.4,8.3
2026-04-20,06707525,10.3,9.3,8.5,327.0,319.0,311.0,14.4,10.6,6.6,2.2,1.8,1.4,8.7,8.4,8.3
2026-04-21,06707525,10.1,9.1,8.3,323.0,319.0,314.0,15.1,11.6,7.4,2.3,1.7,1.3,8.7,8.4,8.3
2026-04-22,06707525,9.6,8.9,8.3,322.0,319.0,317.0,15.1,12.2,9.5,2.0,1.6,1.3,8.8,8.5,8.2
2026-04-23,06707525,9.7,9.1,8.6,327.0,321.0,318.0,13.7,11.3,8.7,2.3,1.7,1.3,8.8,8.5,8.3
2026-04-24,06707525,10.3,9.4,8.7,327.0,320.0,317.0,13.4,10.1,6.2,2.5,2.2,1.9,8.7,8.4,8.3
2026-04-25,06707525,10.0,9.4,8.9,327.0,319.0,316.0,12.4,10.0,7.5,4.9,4.0,2.1,8.6,8.4,8.2
2026-04-26,06707525,10.1,9.6,9.3,321.0,317.0,313.0,10.2,9.0,7.3,4.1,3.2,2.9,8.6,8.4,8.3
2026-04-27,06707525,10.3,9.6,9.1,314.0,314.0,313.0,11.4,9.0,6.2,3.4,2.9,2.5,8.6,8.4,8.2
2026-04-28,06707525,10.0,9.5,9.1,320.0,315.0,313.0,11.6,9.9,7.7,3.2,2.4,2.0,8.6,8.4,8.2
2026-04-29,06707525,10.0,9.7,9.5,317.0,316.0,314.0,9.9,9.1,7.6,2.7,2.3,2.0,8.6,8.4,8.2
2026-04-30,06707525,10.3,10.0,9.7,314.0,310.0,308.0,8.6,7.7,7.0,2.8,2.5,2.2,8.5,8.3,8.2
2026-05-01,06707525,,,9.1,,,,,,,,,,,,
2026-05-02,06707525,10.5,9.4,8.4,315.0,312.0,308.0,14.7,10.4,5.9,2.3,1.9,1.5,8.7,8.4,8.2
2026-05-03,06707525,9.9,9.3,9.0,314.0,307.0,302.0,12.1,10.6,8.5,2.1,1.9,1.7,8.7,8.4,8.3
2026-05-04,06707525,10.0,9.3,8.8,307.0,302.0,299.0,12.9,10.4,7.7,2.2,1.9,1.5,8.7,8.4,8.2
2026-05-05,06707525,10.5,9.8,9.2,308.0,300.0,294.0,10.4,8.2,5.4,2.4,2.0,1.8,8.5,8.3,8.2
2026-05-06,06707525,11.2,10.5,9.9,295.0,285.0,277.0,8.0,5.7,3.5,4.9,3.9,2.3,8.5,8.3,8.2
2026-05-07,06707525,10.9,10.1,9.3,299.0,294.0,291.0,10.2,7.4,4.4,3.5,2.8,2.2,8.6,8.4,8.2
2026-05-08,06707525,10.2,9.2,8.3,298.0,294.0,291.0,15.3,11.3,7.1,3.6,2.8,2.4,8.7,8.4,8.2
2026-05-09,06707525,9.6,9.0,8.6,293.0,289.0,281.0,14.1,12.0,9.6,5.2,4.4,2.6,8.6,8.4,8.2
2026-05-10,06707525,9.5,8.8,8.1,285.0,282.0,279.0,17.0,13.4,10.1,5.2,3.1,2.6,8.7,8.4,8.2
2026-05-11,06707525,9.6,8.6,7.9,292.0,288.0,285.0,17.9,14.1,10.0,3.0,2.4,1.9,8.8,8.4,8.2
2026-05-12,06707525,9.3,8.6,8.0,306.0,294.0,290.0,17.6,14.6,11.0,14.1,2.3,1.9,8.8,8.4,8.2
2026-05-13,06707525,9.4,8.8,8.4,297.0,291.0,285.0,15.2,13.1,10.4,16.8,10.6,7.9,8.6,8.3,8.2
2026-05-14,06707525,9.3,8.7,8.1,313.0,297.0,288.0,16.2,13.5,10.8,10.1,6.8,5.2,8.6,8.4,8.2
2026-05-15,06707525,9.5,8.9,8.5,324.0,317.0,313.0,14.4,12.5,9.7,17.3,7.4,6.1,8.5,8.3,8.2
2026-05-16,06707525,9.8,9.2,8.8,325.0,324.0,323.0,12.6,11.0,8.5,13.3,9.3,7.5,8.4,8.3,8.3
2026-05-17,06707525,9.9,9.4,8.9,324.0,320.0,311.0,12.2,10.1,7.7,8.0,7.0,4.6,8.5,8.4,8.3
2026-05-18,06707525,10.0,9.7,9.3,312.0,308.0,298.0,10.4,8.7,7.6,5.2,4.2,3.9,8.5,8.3,8.3
2026-05-19,06707525,10.4,10.0,9.7,309.0,304.0,300.0,9.2,7.9,6.4,4.2,3.2,2.7,8.5,8.4,8.3
2026-05-20,06707525,10.1,9.6,9.2,310.0,300.0,284.0,11.5,9.5,7.4,4.4,2.9,2.3,8.6,8.4,8.3
2026-05-21,06707525,9.7,9.1,8.6,290.0,284.0,280.0,13.7,11.4,8.8,3.8,3.2,2.9,8.7,8.4,8.2
2026-05-22,06707525,9.6,8.9,8.3,283.0,282.0,280.0,15.9,12.8,9.6,3.5,2.8,2.3,8.8,8.4,8.2
2026-05-23,06707525,9.5,8.8,8.2,291.0,283.0,280.0,16.4,13.4,10.0,4.0,2.8,2.4,8.8,8.5,8.2
2026-05-24,06707525,9.6,8.9,8.4,297.0,290.0,283.0,15.4,12.8,9.7,3.9,3.5,2.9,8.7,8.4,8.2
2026-05-25,06707525,9.5,8.8,8.4,296.0,294.0,292.0,15.3,13.0,10.1,4.0,3.6,3.1,8.7,8.4,8.2
2026-05-26,06707525,9.2,8.8,8.5,297.0,295.0,293.0,14.0,12.8,11.0,3.6,3.0,2.7,8.7,8.4,8.2
2026-05-27,06707525,9.3,9.0,8.8,295.0,290.0,287.0,12.9,12.0,10.9,5.3,3.2,3.0,8.6,8.4,8.2
2026-05-28,06707525,9.4,8.7,8.0,287.0,282.0,275.0,16.9,13.5,10.4,12.8,8.7,5.1,8.6,8.4,8.2
2026-05-29,06707525,9.1,8.6,8.2,277.0,276.0,274.0,16.1,14.1,12.0,9.9,8.4,7.1,8.6,8.4,8.2
2026-05-30,06707525,9.3,8.8,8.3,281.0,279.0,274.0,15.6,13.1,10.5,9.2,5.3,4.4,8.6,8.4,8.2
2026-05-31,06707525,9.7,8.9,8.4,288.0,286.0,281.0,15.0,12.5,9.3,5.1,4.1,3.5,8.6,8.4,8.2
2026-06-01,06707525,9.3,8.7,8.1,295.0,290.0,287.0,16.6,13.9,11.0,5.1,3.8,3.0,8.7,8.4,8.2
2026-06-02,06707525,9.4,8.8,8.3,302.0,298.0,291.0,16.0,13.7,10.7,5.4,4.2,3.4,8.6,8.4,8.2
2026-06-03,06707525,9.3,9.0,8.5,303.0,301.0,299.0,14.3,12.6,11.0,4.4,3.9,3.4,8.6,8.4,8.3
2026-06-04,06707525,9.7,9.0,8.4,304.0,302.0,300.0,14.9,12.3,9.2,4.0,3.4,2.9,8.6,8.4,8.3
2026-06-05,06707525,9.6,8.8,8.1,307.0,304.0,301.0,16.9,13.4,9.6,4.4,3.5,2.8,8.6,8.4,8.3
2026-06-06,06707525,9.5,8.7,8.2,306.0,305.0,303.0,15.8,13.4,10.2,4.8,4.0,3.7,8.6,8.4,8.3
2026-06-07,06707525,9.3,8.6,8.2,306.0,305.0,304.0,15.7,13.6,10.7,4.5,3.7,3.2,8.6,8.4,8.3
2026-06-08,06707525,9.3,8.7,8.2,308.0,307.0,305.0,16.4,13.8,11.1,4.0,3.3,3.0,8.6,8.4,8.3
2026-06-09,06707525,9.4,8.7,8.2,309.0,308.0,303.0,16.0,13.3,10.4,3.8,3.1,2.7,8.6,8.4,8.3
2026-06-10,06707525,9.3,8.5,7.9,310.0,308.0,305.0,17.8,14.4,10.9,3.5,2.6,2.2,8.7,8.4,8.3
2026-06-11,06707525,9.2,8.5,8.0,315.0,308.0,306.0,17.5,14.6,11.5,3.6,2.6,2.1,8.7,8.5,8.3
2026-06-12,06707525,9.6,8.7,8.0,316.0,311.0,307.0,17.2,13.8,9.7,3.8,3.2,2.5,8.7,8.5,8.3
2026-06-13,06707525,9.5,8.8,8.3,317.0,315.0,314.0,16.0,13.4,10.3,4.0,3.1,2.7,8.6,8.4,8.3
2026-06-14,06707525,9.5,8.8,8.3,318.0,315.0,313.0,16.3,13.5,10.5,4.1,3.0,2.5,8.7,8.5,8.3
2026-06-15,06707525,9.4,8.7,8.1,314.0,314.0,313.0,17.1,14.1,10.6,5.3,3.8,3.2,8.7,8.5,8.3
2026-06-16,06707525,9.5,8.7,8.0,318.0,315.0,309.0,16.7,13.7,10.0,4.5,3.2,2.6,8.7,8.5,8.3
2026-06-17,06707525,9.2,8.4,7.7,319.0,317.0,315.0,18.8,15.3,11.1,3.1,2.5,2.1,8.7,8.5,8.3
2026-06-18,06707525,9.1,8.3,7.7,321.0,318.0,316.0,18.8,15.7,12.1,3.8,2.5,2.0,8.8,8.5,8.4
2026-06-19,06707525,9.3,8.6,8.2,320.0,318.0,316.0,16.5,14.3,11.1,10.7,3.0,2.6,8.7,8.5,8.3
2026-06-20,06707525,9.4,8.7,8.2,320.0,319.0,317.0,15.7,13.4,10.5,10.7,2.8,2.4,8.6,8.5,8.3
2026-06-21,06707525,9.2,8.7,8.4,320.0,319.0,316.0,15.4,13.7,11.3,3.1,2.8,2.4,8.6,8.5,8.3
2026-06-22,06707525,9.4,8.8,8.3,322.0,319.0,310.0,15.9,13.5,10.8,3.0,2.3,1.9,8.7,8.5,8.3
2026-06-23,06707525,9.2,8.5,7.9,322.0,320.0,317.0,18.3,15.3,11.8,2.9,2.1,1.7,8.8,8.6,8.3
2026-06-24,06707525,8.8,8.3,7.9,322.0,321.0,319.0,18.0,16.0,13.7,2.3,1.9,1.5,8.8,8.5,8.3
2026-06-25,06707525,8.7,8.3,7.9,323.0,319.0,315.0,17.9,16.0,14.0,2.2,1.9,1.6,8.8,8.6,8.4
2026-06-26,06707525,8.9,8.3,7.9,316.0,314.0,312.0,18.1,15.8,13.1,2.4,2.0,1.7,8.8,8.5,8.4
2026-06-27,06707525,8.9,8.3,7.8,318.0,316.0,313.0,18.3,15.7,12.6,2.3,2.0,1.7,8.8,8.6,8.3
2026-06-28,06707525,9.0,8.3,7.7,322.0,318.0,316.0,18.4,15.7,12.3,2.3,1.9,1.7,8.8,8.6,8.4
2026-06-29,06707525,8.9,8.3,7.8,327.0,320.0,317.0,18.5,15.7,12.4,2.5,1.9,1.5,8.9,8.6,8.4
2026-06-30,06707525,9.4,8.6,8.1,326.0,319.0,316.0,17.0,14.2,10.6,3.2,2.6,2.2,8.8,8.5,8.4
2026-07-01,06707525,9.4,8.6,8.1,321.0,320.0,319.0,16.7,14.1,10.8,2.7,2.3,2.0,8.8,8.6,8.4
2026-07-02,06707525,9.3,8.5,8.1,321.0,320.0,318.0,16.9,14.6,11.4,2.6,2.1,1.8,8.7,8.6,8.4
2026-07-03,06707525,9.3,8.6,8.1,321.0,320.0,319.0,16.9,14.5,11.2,2.7,2.2,1.9,8.8,8.6,8.4
2026-07-04,06707525,9.3,8.7,8.3,323.0,321.0,319.0,15.8,14.0,11.5,2.7,2.2,2.0,8.7,8.5,8.4
2026-07-05,06707525,9.4,8.6,8.1,325.0,322.0,320.0,16.4,14.2,11.0,2.7,2.1,1.7,8.8,8.6,8.4
2026-07-06,06707525,9.3,8.7,8.2,324.0,322.0,320.0,16.2,14.0,11.2,2.4,2.0,1.7,8.8,8.6,8.4
2026-07-07,06707525,9.3,8.7,8.3,326.0,323.0,322.0,15.7,13.8,11.2,2.2,1.9,1.6,8.8,8.5,8.4
2026-07-08,06707525,9.2,8.6,8.1,324.0,322.0,317.0,16.6,14.4,11.7,2.6,1.8,1.5,8.7,8.6,8.4
2026-07-09,06707525,9.0,8.6,8.2,320.0,318.0,317.0,16.6,14.5,12.5,3.4,2.6,2.1,8.7,8.5,8.3
2026-07-10,06707525,9.3,8.6,8.1,319.0,317.0,313.0,17.2,14.3,10.9,3.9,2.5,1.9,8.8,8.5,8.3
2026-07-11,06707525,9.2,8.5,7.9,320.0,318.0,315.0,18.4,15.2,11.6,4.7,3.4,2.6,8.8,8.5,8.3
2026-07-12,06707525,9.1,8.4,7.8,321.0,319.0,316.0,18.4,15.8,12.5,4.6,2.8,2.4,8.8,8.6,8.4
2026-07-13,06707525,8.9,8.4,7.9,323.0,321.0,318.0,18.2,15.9,13.1,3.0,2.5,2.0,8.8,8.6,8.4
2026-07-14,06707525,9.2,8.4,7.8,325.0,322.0,317.0,19.0,15.7,11.9,5.8,1.9,1.5,8.5,8.4,8.1
2026-07-15,06707525,8.7,8.2,7.7,323.0,322.0,320.0,19.6,16.9,14.1,2.2,1.5,1.1,8.6,8.3,8.1
2026-07-16,06707525,8.7,8.2,7.8,321.0,319.0,317.0,19.0,16.8,14.4,1.9,1.6,1.3,8.5,8.3,8.1
2026-07-17,06707525,8.9,8.4,8.1,317.0,313.0,307.0,17.4,15.5,13.4,10.3,2.1,1.7,8.5,8.3,8.1
2026-07-18,06707525,9.2,8.5,7.9,309.0,307.0,305.0,18.3,15.2,11.6,18.5,11.0,6.5,8.4,8.2,8.0
2026-07-19,06707525,9.0,8.4,7.8,311.0,310.0,307.0,18.5,15.9,12.5,6.8,4.6,3.9,8.5,8.3,8.1
2026-07-20,06707525,8.9,8.3,7.8,313.0,311.0,308.0,18.6,16.1,13.0,4.8,3.4,3.0,8.5,8.2,8.1
2026-07-21,06707525,8.8,8.2,7.9,310.0,308.0,307.0,18.4,16.5,14.1,3.6,2.7,2.2,8.5,8.2,8.1
2026-07-22,06707525,8.9,8.4,8.1,309.0,305.0,294.0,16.8,15.4,13.1,121.0,2.8,2.5,8.4,8.2,8.1
2026-07-23,06707525,8.8,8.5,8.2,305.0,301.0,291.0,16.6,15.2,13.4,85.6,4.8,3.2,8.5,8.2,8.0
2026-07-24,06707525,8.9,8.4,7.9,306.0,304.0,302.0,18.2,15.8,13.1,27.1,2.8,2.2,8.5,8.3,8.0
2026-07-25,06707525,8.8,8.3,8.0,307.0,305.0,302.0,17.5,15.9,13.8,27.1,2.7,2.3,8.5,8.2,8.1
2026-07-26,06707525,8.9,8.4,8.0,309.0,306.0,304.0,17.4,15.7,13.4,3.2,2.5,2.0,8.5,8.3,8.0
2026-07-27,06707525,8.7,8.2,7.8,311.0,309.0,299.0,18.8,16.4,14.3,4.3,2.1,1.7,8.5,8.2,8.1
2026-07-28,06707525,8.8,8.4,8.1,305.0,302.0,290.0,17.0,15.6,13.6,151.0,4.8,3.5,8.4,8.2,8.0
2026-07-29,06707525,8.8,8.4,8.2,305.0,303.0,301.0,16.4,15.4,13.7,4.3,2.9,2.4,8.4,8.2,8.0
2026-07-30,06707525,8.9,8.3,7.8,303.0,299.0,294.0,18.3,15.8,13.1,4.9,3.1,2.6,8.5,8.3,8.0
2026-07-31,06707525,8.7,8.3,8.0,305.0,302.0,298.0,17.9,16.5,14.5,3.3,2.4,2.0,8.5,8.3,8.1
2026-08-01,06707525,8.9,8.3,7.8,307.0,305.0,302.0,18.9,16.5,13.7,2.9,2.2,1.8,8.6,8.3,8.1
2026-08-02,06707525,8.7,8.1,7.7,310.0,307.0,305.0,19.3,16.9,14.2,2.6,2.1,1.8,8.6,8.3,8.1
2026-08-03,06707525,8.8,8.4,7.9,311.0,307.0,305.0,17.3,15.3,13.8,2.6,2.0,1.7,8.5,8.3,8.1
2026-08-04,06707525,8.8,8.5,8.2,310.0,307.0,305.0,16.5,15.1,13.7,2.3,1.9,1.6,8.5,8.3,8.1
2026-08-05,06707525,9.1,8.5,7.9,308.0,307.0,305.0,17.9,15.1,12.1,2.8,2.0,1.4,8.6,8.3,8.1
2026-08-06,06707525,9.0,8.4,8.0,309.0,306.0,305.0,17.6,15.4,12.7,3.3,2.4,1.7,8.5,8.3,8.1
2026-08-07,06707525,9.2,8.6,8.2,309.0,306.0,304.0,16.8,14.6,11.8,3.3,2.3,1.8,8.5,8.3,8.1
2026-08-08,06707525,9.3,8.8,8.4,311.0,307.0,304.0,15.1,13.4,11.4,4.2,3.2,2.7,8.4,8.2,8.1
2026-08-09,06707525,9.3,8.9,8.6,310.0,308.0,305.0,14.4,13.1,11.0,3.4,2.8,2.3,8.4,8.3,8.1
2026-08-10,06707525,9.2,8.8,8.4,314.0,311.0,307.0,15.2,13.6,11.6,3.2,2.7,2.2,8.5,8.3,8.1
2026-08-11,06707525,8.9,8.5,8.2,324.0,309.0,306.0,16.5,15.0,13.2,3.7,2.4,1.7,8.5,8.3,8.1
2026-08-12,06707525,8.8,8.3,7.9,315.0,306.0,301.0,17.5,15.6,13.4,4.4,2.1,1.6,8.5,8.3,8.1
2026-08-13,06707525,,,8.2,,,,,,,,,,,,
2026-08-14,06707525,8.6,8.3,7.8,300.0,291.0,280.0,18.5,16.1,14.3,237.0,6.4,2.7,8.5,8.2,8.0
2026-08-15,06707525,8.6,8.3,8.1,305.0,297.0,282.0,17.3,15.9,14.4,329.0,7.9,4.7,8.5,8.2,8.0
2026-08-16,06707525,8.9,8.3,7.9,302.0,301.0,299.0,18.4,16.2,13.6,5.5,3.5,2.8,8.5,8.3,8.0
2026-08-17,06707525,8.8,8.3,7.9,305.0,303.0,300.0,18.0,16.1,13.8,3.6,2.7,2.1,8.6,8.2,8.1
2026-08-18,06707525,8.8,8.3,8.0,307.0,305.0,303.0,18.0,15.9,13.8,3.2,2.3,1.9,8.6,8.3,8.1
2026-08-19,06707525,8.7,8.3,7.9,307.0,305.0,297.0,18.3,16.3,14.2,4.6,2.1,1.7,8.5,8.3,8.1
2026-08-20,06707525,9.0,8.4,7.9,304.0,299.0,296.0,18.0,15.8,12.9,6.8,4.2,3.1,8.5,8.3,8.0
2026-08-21,06707525,8.9,8.5,8.2,307.0,305.0,300.0,16.8,15.3,13.3,4.0,2.9,2.4,8.4,8.2,8.1
2026-08-22,06707525,9.0,8.5,8.3,312.0,306.0,301.0,15.9,14.8,12.9,3.6,2.7,2.4,8.4,8.2,8.1
2026-08-23,06707525,8.9,8.5,8.3,306.0,303.0,301.0,15.9,14.8,13.0,5.3,3.1,2.5,8.4,8.2,8.0
2026-08-24,06707525,,,8.5,,,,,,,,,,,,
