measDate,Flow_CFS
2022-04-01,192.0
2022-04-02,232.0
2022-04-03,237.0
2022-04-04,237.0
2022-04-05,235.0
2022-04-06,231.0
2022-04-07,230.0
2022-04-08,269.0
2022-04-09,276.0
2022-04-10,278.0
2022-04-11,274.0
2022-04-12,270.0
2022-04-13,267.0
2022-04-14,256.0
2022-04-15,263.0
2022-04-16,262.0
2022-04-17,260.0
2022-04-18,276.0
2022-04-19,333.0
2022-04-20,396.0
2022-04-21,404.0
2022-04-22,392.0
2022-04-23,405.0
2022-04-24,413.0
2022-04-25,412.0
2022-04-26,412.0
2022-04-27,424.0
2022-04-28,482.0
2022-04-29,485.0
2022-04-30,523.0
2022-05-01,530.0
2022-05-02,544.0
2022-05-03,533.0
2022-05-04,460.0
2022-05-05,417.0
2022-05-06,419.0
2022-05-07,448.0
2022-05-08,488.0
2022-05-09,493.0
2022-05-10,545.0
2022-05-11,561.0
2022-05-12,579.0
2022-05-13,545.0
2022-05-14,584.0
2022-05-15,606.0
2022-05-16,620.0
2022-05-17,550.0
2022-05-18,552.0
2022-05-19,565.0
2022-05-20,544.0
2022-05-21,441.0
2022-05-22,330.0
2022-05-23,441.0
2022-05-24,579.0
2022-05-25,557.0
2022-05-26,443.0
2022-05-27,585.0
2022-05-28,616.0
2022-05-29,554.0
2022-05-30,421.0
2022-05-31,407.0
2022-06-01,441.0
2022-06-02,508.0
2022-06-03,530.0
2022-06-04,502.0
2022-06-05,506.0
2022-06-06,526.0
2022-06-07,599.0
2022-06-08,588.0
2022-06-09,596.0
2022-06-10,586.0
2022-06-11,587.0
2022-06-12,585.0
2022-06-13,559.0
2022-06-14,545.0
2022-06-15,546.0
2022-06-16,614.0
2022-06-17,666.0
2022-06-18,729.0
2022-06-19,736.0
2022-06-20,715.0
2022-06-21,651.0
2022-06-22,636.0
2022-06-23,619.0
2022-06-24,610.0
2022-06-25,621.0
2022-06-26,669.0
2022-06-27,674.0
2022-06-28,635.0
2022-06-29,694.0
2022-06-30,706.0
2022-07-01,721.0
2022-07-02,707.0
2022-07-03,702.0
2022-07-04,695.0
2022-07-05,679.0
2022-07-06,780.0
2022-07-07,850.0
2022-07-08,812.0
2022-07-09,806.0
2022-07-10,807.0
2022-07-11,822.0
2022-07-12,763.0
2022-07-13,754.0
2022-07-14,745.0
2022-07-15,606.0
2022-07-16,745.0
2022-07-17,789.0
2022-07-18,778.0
2022-07-19,772.0
2022-07-20,775.0
2022-07-21,766.0
2022-07-22,760.0
2022-07-23,763.0
2022-07-24,796.0
2022-07-25,813.0
2022-07-26,642.0
2022-07-27,596.0
2022-07-28,590.0
2022-07-29,569.0
2022-07-30,590.0
2022-07-31,666.0
2022-08-01,702.0
2022-08-02,711.0
2022-08-03,699.0
2022-08-04,705.0
2022-08-05,701.0
2022-08-06,715.0
2022-08-07,705.0
2022-08-08,656.0
2022-08-09,564.0
2022-08-10,591.0
2022-08-11,696.0
2022-08-12,770.0
2022-08-13,731.0
2022-08-14,628.0
2022-08-15,569.0
2022-08-16,631.0
2022-08-17,599.0
2022-08-18,509.0
2022-08-19,486.0
2022-08-20,533.0
2022-08-21,624.0
2022-08-22,675.0
2022-08-23,647.0
2022-08-24,686.0
2022-08-25,757.0
2022-08-26,835.0
2022-08-27,951.0
2022-08-28,928.0
2022-08-29,960.0
2022-08-30,929.0
2022-08-31,915.0
2022-09-01,922.0
2022-09-02,970.0
2022-09-03,965.0
2022-09-04,970.0
2022-09-05,957.0
2022-09-06,937.0
2022-09-07,841.0
2022-09-08,801.0
2022-09-09,712.0
2022-09-10,640.0
2022-09-11,566.0
2022-09-12,555.0
2022-09-13,550.0
2022-09-14,564.0
2022-09-15,612.0
2022-09-16,558.0
2022-09-17,519.0
2022-09-18,514.0
2022-09-19,506.0
2022-09-20,503.0
2022-09-21,509.0
2022-09-22,539.0
2022-09-23,477.0
2022-09-24,462.0
2022-09-25,454.0
2022-09-26,454.0
2022-09-27,497.0
2022-09-28,508.0
2022-09-29,521.0
2022-09-30,536.0
2022-10-01,533.0
2022-10-02,437.0
2022-10-03,440.0
2022-10-04,390.0
2022-10-05,408.0
2022-10-06,404.0
2022-10-07,412.0
2022-10-08,434.0
2022-10-09,432.0
2022-10-10,430.0
2022-10-11,444.0
2022-10-12,495.0
2022-10-13,494.0
2022-10-14,495.0
2022-10-15,492.0
2022-10-16,492.0
2022-10-17,481.0
2022-10-18,431.0
2022-10-19,391.0
2022-10-20,388.0
2022-10-21,384.0
2022-10-22,383.0
2022-10-23,378.0
2022-10-24,362.0
2022-10-25,275.0
2022-10-26,365.0
2022-10-27,402.0
2022-10-28,334.0
2022-10-29,336.0
2022-10-30,338.0
2022-10-31,331.0
2022-11-01,292.0
2022-11-02,291.0
2022-11-03,288.0
2022-11-04,285.0
2022-11-05,283.0
2022-11-06,292.0
2022-11-07,286.0
2022-11-08,289.0
2022-11-09,284.0
2022-11-10,284.0
2022-11-11,267.0
2022-11-12,259.0
2022-11-13,268.0
2022-11-14,271.0
2022-11-15,265.0
2022-11-16,280.0
2022-11-17,287.0
2022-11-18,291.0
2022-11-19,291.0
2022-11-20,293.0
2022-11-21,294.0
2022-11-22,311.0
2022-11-23,313.0
2022-11-24,315.0
2022-11-25,310.0
2022-11-26,311.0
2022-11-27,313.0
2022-11-28,308.0
2022-11-29,272.0
2022-11-30,271.0
2022-12-01,286.0
2022-12-02,268.0
2022-12-03,266.0
2022-12-04,269.0
2022-12-05,269.0
2022-12-06,268.0
2022-12-07,266.0
2022-12-08,265.0
2022-12-09,259.0
2022-12-10,258.0
2022-12-11,262.0
2022-12-12,264.0
2022-12-13,259.0
2022-12-14,222.0
2022-12-15,222.0
2022-12-16,241.0
2022-12-17,245.0
2022-12-18,235.0
2022-12-19,215.0
2022-12-20,185.0
2022-12-21,160.0
2022-12-22,149.0
2022-12-23,175.0
2022-12-24,200.0
2022-12-25,200.0
2022-12-26,200.0
2022-12-27,200.0
2022-12-28,200.0
2022-12-29,200.0
2022-12-30,200.0
2022-12-31,200.0
2023-01-01,200.0
2023-01-02,200.0
2023-01-03,200.0
2023-01-04,200.0
2023-01-05,200.0
2023-01-06,200.0
2023-01-07,200.0
2023-01-08,205.0
2023-01-09,210.0
2023-01-10,214.0
2023-01-11,215.0
2023-01-12,197.0
2023-01-13,211.0
2023-01-14,250.0
2023-01-15,248.0
2023-01-16,250.0
2023-01-17,242.0
2023-01-18,215.0
2023-01-19,205.0
2023-01-20,200.0
2023-01-21,200.0
2023-01-22,200.0
2023-01-23,200.0
2023-01-24,197.0
2023-01-25,195.0
2023-01-26,205.0
2023-01-27,235.0
2023-01-28,225.0
2023-01-29,225.0
2023-01-30,225.0
2023-01-31,215.0
2023-02-01,195.0
2023-02-02,195.0
2023-02-03,195.0
2023-02-04,195.0
2023-02-05,194.0
2023-02-06,194.0
2023-02-07,187.0
2023-02-08,179.0
2023-02-09,180.0
2023-02-10,166.0
2023-02-11,167.0
2023-02-12,171.0
2023-02-13,170.0
2023-02-14,172.0
2023-02-15,170.0
2023-02-16,170.0
2023-02-17,170.0
2023-02-18,185.0
2023-02-19,205.0
2023-02-20,207.0
2023-02-21,212.0
2023-02-22,205.0
2023-02-23,205.0
2023-02-24,215.0
2023-02-25,249.0
2023-02-26,255.0
2023-02-27,248.0
2023-02-28,209.0
2023-03-01,203.0
2023-03-02,205.0
2023-03-03,206.0
2023-03-04,204.0
2023-03-05,207.0
2023-03-06,207.0
2023-03-07,207.0
2023-03-08,206.0
2023-03-09,218.0
2023-03-10,283.0
2023-03-11,291.0
2023-03-12,289.0
2023-03-13,284.0
2023-03-14,283.0
2023-03-15,287.0
2023-03-16,287.0
2023-03-17,231.0
2023-03-18,222.0
2023-03-19,223.0
2023-03-20,232.0
2023-03-21,229.0
2023-03-22,228.0
2023-03-23,234.0
2023-03-24,266.0
2023-03-25,290.0
2023-03-26,284.0
2023-03-27,294.0
2023-03-28,284.0
2023-03-29,288.0
2023-03-30,263.0
2023-03-31,260.0
2023-04-01,241.0
2023-04-02,244.0
2023-04-03,252.0
2023-04-04,255.0
2023-04-05,241.0
2023-04-06,238.0
2023-04-07,221.0
2023-04-08,225.0
2023-04-09,223.0
2023-04-10,228.0
2023-04-11,240.0
2023-04-12,317.0
2023-04-13,338.0
2023-04-14,336.0
2023-04-15,274.0
2023-04-16,255.0
2023-04-17,256.0
2023-04-18,262.0
2023-04-19,269.0
2023-04-20,254.0
2023-04-21,240.0
2023-04-22,265.0
2023-04-23,256.0
2023-04-24,264.0
2023-04-25,273.0
2023-04-26,304.0
2023-04-27,313.0
2023-04-28,328.0
2023-04-29,322.0
2023-04-30,331.0
2023-05-01,337.0
2023-05-02,327.0
2023-05-03,344.0
2023-05-04,361.0
2023-05-05,352.0
2023-05-06,342.0
2023-05-07,337.0
2023-05-08,330.0
2023-05-09,332.0
2023-05-10,384.0
2023-05-11,550.0
2023-05-12,826.0
2023-05-13,709.0
2023-05-14,667.0
2023-05-15,707.0
2023-05-16,740.0
2023-05-17,693.0
2023-05-18,634.0
2023-05-19,706.0
2023-05-20,641.0
2023-05-21,664.0
2023-05-22,672.0
2023-05-23,840.0
2023-05-24,839.0
2023-05-25,900.0
2023-05-26,870.0
2023-05-27,833.0
2023-05-28,807.0
2023-05-29,769.0
2023-05-30,750.0
2023-05-31,681.0
2023-06-01,640.0
2023-06-02,583.0
2023-06-03,534.0
2023-06-04,533.0
2023-06-05,538.0
2023-06-06,563.0
2023-06-07,564.0
2023-06-08,607.0
2023-06-09,665.0
2023-06-10,654.0
2023-06-11,710.0
2023-06-12,822.0
2023-06-13,832.0
2023-06-14,767.0
2023-06-15,738.0
2023-06-16,903.0
2023-06-17,1090.0
2023-06-18,1080.0
2023-06-19,1020.0
2023-06-20,987.0
2023-06-21,946.0
2023-06-22,1040.0
2023-06-23,1060.0
2023-06-24,968.0
2023-06-25,906.0
2023-06-26,869.0
2023-06-27,806.0
2023-06-28,766.0
2023-06-29,730.0
2023-06-30,722.0
2023-07-01,682.0
2023-07-02,637.0
2023-07-03,602.0
2023-07-04,597.0
2023-07-05,635.0
2023-07-06,669.0
2023-07-07,603.0
2023-07-08,602.0
2023-07-09,555.0
2023-07-10,518.0
2023-07-11,492.0
2023-07-12,468.0
2023-07-13,527.0
2023-07-14,583.0
2023-07-15,569.0
2023-07-16,555.0
2023-07-17,534.0
2023-07-18,579.0
2023-07-19,621.0
2023-07-20,584.0
2023-07-21,537.0
2023-07-22,461.0
2023-07-23,446.0
2023-07-24,456.0
2023-07-25,552.0
2023-07-26,539.0
2023-07-27,515.0
2023-07-28,512.0
2023-07-29,488.0
2023-07-30,483.0
2023-07-31,515.0
2023-08-01,647.0
2023-08-02,551.0
2023-08-03,420.0
2023-08-04,338.0
2023-08-05,339.0
2023-08-06,458.0
2023-08-07,549.0
2023-08-08,530.0
2023-08-09,524.0
2023-08-10,559.0
2023-08-11,602.0
2023-08-12,612.0
2023-08-13,606.0
2023-08-14,606.0
2023-08-15,597.0
2023-08-16,628.0
2023-08-17,632.0
2023-08-18,626.0
2023-08-19,623.0
2023-08-20,611.0
2023-08-21,600.0
2023-08-22,598.0
2023-08-23,604.0
2023-08-24,581.0
2023-08-25,572.0
2023-08-26,518.0
2023-08-27,507.0
2023-08-28,467.0
2023-08-29,453.0
2023-08-30,408.0
2023-08-31,405.0
2023-09-01,613.0
2023-09-02,688.0
2023-09-03,701.0
2023-09-04,697.0
2023-09-05,669.0
2023-09-06,644.0
2023-09-07,570.0
2023-09-08,535.0
2023-09-09,532.0
2023-09-10,533.0
2023-09-11,590.0
2023-09-12,559.0
2023-09-13,440.0
2023-09-14,439.0
2023-09-15,508.0
2023-09-16,544.0
2023-09-17,499.0
2023-09-18,481.0
2023-09-19,475.0
2023-09-20,481.0
2023-09-21,501.0
2023-09-22,495.0
2023-09-23,491.0
2023-09-24,486.0
2023-09-25,498.0
2023-09-26,548.0
2023-09-27,592.0
2023-09-28,592.0
2023-09-29,590.0
2023-09-30,589.0
2023-10-01,577.0
2023-10-02,463.0
2023-10-03,466.0
2023-10-04,463.0
2023-10-05,465.0
2023-10-06,463.0
2023-10-07,455.0
2023-10-08,433.0
2023-10-09,383.0
2023-10-10,379.0
2023-10-11,384.0
2023-10-12,431.0
2023-10-13,424.0
2023-10-14,385.0
2023-10-15,378.0
2023-10-16,357.0
2023-10-17,360.0
2023-10-18,383.0
2023-10-19,384.0
2023-10-20,386.0
2023-10-21,451.0
2023-10-22,417.0
2023-10-23,336.0
2023-10-24,331.0
2023-10-25,322.0
2023-10-26,322.0
2023-10-27,320.0
2023-10-28,309.0
2023-10-29,311.0
2023-10-30,234.0
2023-10-31,240.0
2023-11-01,252.0
2023-11-02,255.0
2023-11-03,200.0
2023-11-04,167.0
2023-11-05,149.0
2023-11-06,147.0
2023-11-07,141.0
2023-11-08,169.0
2023-11-09,203.0
2023-11-10,190.0
2023-11-11,195.0
2023-11-12,199.0
2023-11-13,218.0
2023-11-14,204.0
2023-11-15,204.0
2023-11-16,207.0
2023-11-17,205.0
2023-11-18,199.0
2023-11-19,202.0
2023-11-20,203.0
2023-11-21,177.0
2023-11-22,144.0
2023-11-23,160.0
2023-11-24,210.0
2023-11-25,201.0
2023-11-26,187.0
2023-11-27,186.0
2023-11-28,213.0
2023-11-29,228.0
2023-11-30,230.0
2023-12-01,208.0
2023-12-02,191.0
2023-12-03,174.0
2023-12-04,160.0
2023-12-05,196.0
2023-12-06,195.0
2023-12-07,194.0
2023-12-08,197.0
2023-12-09,169.0
2023-12-10,155.0
2023-12-11,167.0
2023-12-12,171.0
2023-12-13,172.0
2023-12-14,146.0
2023-12-15,132.0
2023-12-16,195.0
2023-12-17,225.0
2023-12-18,201.0
2023-12-19,184.0
2023-12-20,190.0
2023-12-21,211.0
2023-12-22,207.0
2023-12-23,215.0
2023-12-24,217.0
2023-12-25,192.0
2023-12-26,206.0
2023-12-27,216.0
2023-12-28,186.0
2023-12-29,186.0
2023-12-30,216.0
2023-12-31,225.0
2024-01-01,231.0
2024-01-02,231.0
2024-01-03,195.0
2024-01-04,185.0
2024-01-05,165.0
2024-01-06,140.0
2024-01-07,130.0
2024-01-08,130.0
2024-01-09,139.0
2024-01-10,195.0
2024-01-11,210.0
2024-01-12,227.0
2024-01-13,240.0
2024-01-14,240.0
2024-01-15,240.0
2024-01-16,240.0
2024-01-17,220.0
2024-01-18,204.0
2024-01-19,208.0
2024-01-20,234.0
2024-01-21,227.0
2024-01-22,187.0
2024-01-23,166.0
2024-01-24,170.0
2024-01-25,209.0
2024-01-26,230.0
2024-01-27,230.0
2024-01-28,224.0
2024-01-29,189.0
2024-01-30,174.0
2024-01-31,176.0
2024-02-01,204.0
2024-02-02,218.0
2024-02-03,225.0
2024-02-04,218.0
2024-02-05,166.0
2024-02-06,175.0
2024-02-07,226.0
2024-02-08,223.0
2024-02-09,221.0
2024-02-10,221.0
2024-02-11,218.0
2024-02-12,212.0
2024-02-13,221.0
2024-02-14,235.0
2024-02-15,235.0
2024-02-16,236.0
2024-02-17,216.0
2024-02-18,209.0
2024-02-19,215.0
2024-02-20,215.0
2024-02-21,206.0
2024-02-22,208.0
2024-02-23,221.0
2024-02-24,221.0
2024-02-25,226.0
2024-02-26,227.0
2024-02-27,216.0
2024-02-28,200.0
2024-02-29,210.0
2024-03-01,213.0
2024-03-02,215.0
2024-03-03,218.0
2024-03-04,210.0
2024-03-05,207.0
2024-03-06,209.0
2024-03-07,220.0
2024-03-08,209.0
2024-03-09,174.0
2024-03-10,180.0
2024-03-11,186.0
2024-03-12,175.0
2024-03-13,178.0
2024-03-14,197.0
2024-03-15,180.0
2024-03-16,182.0
2024-03-17,193.0
2024-03-18,183.0
2024-03-19,192.0
2024-03-20,208.0
2024-03-21,215.0
2024-03-22,220.0
2024-03-23,212.0
2024-03-24,194.0
2024-03-25,174.0
2024-03-26,154.0
2024-03-27,155.0
2024-03-28,174.0
2024-03-29,216.0
2024-03-30,214.0
2024-03-31,221.0
2024-04-01,188.0
2024-04-02,186.0
2024-04-03,186.0
2024-04-04,223.0
2024-04-05,259.0
2024-04-06,275.0
2024-04-07,268.0
2024-04-08,258.0
2024-04-09,230.0
2024-04-10,224.0
2024-04-11,227.0
2024-04-12,261.0
2024-04-13,293.0
2024-04-14,310.0
2024-04-15,330.0
2024-04-16,323.0
2024-04-17,280.0
2024-04-18,269.0
2024-04-19,264.0
2024-04-20,255.0
2024-04-21,252.0
2024-04-22,250.0
2024-04-23,256.0
2024-04-24,252.0
2024-04-25,257.0
2024-04-26,253.0
2024-04-27,303.0
2024-04-28,297.0
2024-04-29,294.0
2024-04-30,294.0
2024-05-01,305.0
2024-05-02,358.0
2024-05-03,408.0
2024-05-04,479.0
2024-05-05,483.0
2024-05-06,487.0
2024-05-07,473.0
2024-05-08,462.0
2024-05-09,457.0
2024-05-10,466.0
2024-05-11,466.0
2024-05-12,587.0
2024-05-13,651.0
2024-05-14,601.0
2024-05-15,706.0
2024-05-16,1030.0
2024-05-17,1070.0
2024-05-18,1050.0
2024-05-19,1040.0
2024-05-20,1030.0
2024-05-21,1030.0
2024-05-22,975.0
2024-05-23,923.0
2024-05-24,915.0
2024-05-25,885.0
2024-05-26,848.0
2024-05-27,812.0
2024-05-28,826.0
2024-05-29,838.0
2024-05-30,854.0
2024-05-31,885.0
2024-06-01,892.0
2024-06-02,907.0
2024-06-03,929.0
2024-06-04,932.0
2024-06-05,948.0
2024-06-06,1010.0
2024-06-07,1060.0
2024-06-08,1120.0
2024-06-09,1140.0
2024-06-10,1220.0
2024-06-11,1240.0
2024-06-12,1280.0
2024-06-13,1300.0
2024-06-14,1300.0
2024-06-15,1270.0
2024-06-16,1290.0
2024-06-17,1300.0
2024-06-18,1330.0
2024-06-19,1370.0
2024-06-20,1370.0
2024-06-21,1390.0
2024-06-22,1350.0
2024-06-23,1270.0
2024-06-24,1210.0
2024-06-25,1170.0
2024-06-26,1160.0
2024-06-27,1140.0
2024-06-28,1120.0
2024-06-29,1090.0
2024-06-30,1100.0
2024-07-01,1120.0
2024-07-02,1110.0
2024-07-03,1070.0
2024-07-04,1020.0
2024-07-05,998.0
2024-07-06,985.0
2024-07-07,974.0
2024-07-08,965.0
2024-07-09,954.0
2024-07-10,953.0
2024-07-11,918.0
2024-07-12,791.0
2024-07-13,735.0
2024-07-14,648.0
2024-07-15,579.0
2024-07-16,516.0
2024-07-17,511.0
2024-07-18,499.0
2024-07-19,586.0
2024-07-20,644.0
2024-07-21,688.0
2024-07-22,578.0
2024-07-23,522.0
2024-07-24,501.0
2024-07-25,582.0
2024-07-26,631.0
2024-07-27,683.0
2024-07-28,660.0
2024-07-29,606.0
2024-07-30,610.0
2024-07-31,663.0
2024-08-01,661.0
2024-08-02,661.0
2024-08-03,662.0
2024-08-04,649.0
2024-08-05,677.0
2024-08-06,678.0
2024-08-07,564.0
2024-08-08,443.0
2024-08-09,469.0
2024-08-10,526.0
2024-08-11,538.0
2024-08-12,522.0
2024-08-13,597.0
2024-08-14,680.0
2024-08-15,644.0
2024-08-16,644.0
2024-08-17,693.0
2024-08-18,752.0
2024-08-19,746.0
2024-08-20,696.0
2024-08-21,595.0
2024-08-22,600.0
2024-08-23,593.0
2024-08-24,525.0
2024-08-25,507.0
2024-08-26,526.0
2024-08-27,612.0
2024-08-28,606.0
2024-08-29,616.0
2024-08-30,714.0
2024-08-31,737.0
2024-09-01,713.0
2024-09-02,701.0
2024-09-03,684.0
2024-09-04,697.0
2024-09-05,684.0
2024-09-06,541.0
2024-09-07,515.0
2024-09-08,508.0
2024-09-09,524.0
2024-09-10,613.0
2024-09-11,637.0
2024-09-12,709.0
2024-09-13,706.0
2024-09-14,696.0
2024-09-15,686.0
2024-09-16,635.0
2024-09-17,573.0
2024-09-18,565.0
2024-09-19,528.0
2024-09-20,501.0
2024-09-21,502.0
2024-09-22,525.0
2024-09-23,519.0
2024-09-24,509.0
2024-09-25,513.0
2024-09-26,545.0
2024-09-27,545.0
2024-09-28,607.0
2024-09-29,607.0
2024-09-30,610.0
2024-10-01,606.0
2024-10-02,586.0
2024-10-03,549.0
2024-10-04,542.0
2024-10-05,515.0
2024-10-06,511.0
2024-10-07,490.0
2024-10-08,489.0
2024-10-09,497.0
2024-10-10,523.0
2024-10-11,494.0
2024-10-12,493.0
2024-10-13,492.0
2024-10-14,489.0
2024-10-15,459.0
2024-10-16,460.0
2024-10-17,465.0
2024-10-18,402.0
2024-10-19,336.0
2024-10-20,328.0
2024-10-21,326.0
2024-10-22,324.0
2024-10-23,327.0
2024-10-24,360.0
2024-10-25,358.0
2024-10-26,330.0
2024-10-27,331.0
2024-10-28,370.0
2024-10-29,361.0
2024-10-30,356.0
2024-10-31,300.0
2024-11-01,256.0
2024-11-02,230.0
2024-11-03,229.0
2024-11-04,238.0
2024-11-05,234.0
2024-11-06,240.0
2024-11-07,229.0
2024-11-08,239.0
2024-11-09,223.0
2024-11-10,217.0
2024-11-11,187.0
2024-11-12,180.0
2024-11-13,178.0
2024-11-14,173.0
2024-11-15,201.0
2024-11-16,230.0
2024-11-17,296.0
2024-11-18,295.0
2024-11-19,289.0
2024-11-20,246.0
2024-11-21,258.0
2024-11-22,268.0
2024-11-23,269.0
2024-11-24,262.0
2024-11-25,205.0
2024-11-26,195.0
2024-11-27,207.0
2024-11-28,182.0
2024-11-29,184.0
2024-11-30,252.0
2024-12-01,241.0
2024-12-02,244.0
2024-12-03,242.0
2024-12-04,243.0
2024-12-05,242.0
2024-12-06,244.0
2024-12-07,269.0
2024-12-08,268.0
2024-12-09,270.0
2024-12-10,272.0
2024-12-11,320.0
2024-12-12,320.0
2024-12-13,313.0
2024-12-14,270.0
2024-12-15,275.0
2024-12-16,269.0
2024-12-17,281.0
2024-12-18,311.0
2024-12-19,309.0
2024-12-20,304.0
2024-12-21,287.0
2024-12-22,289.0
2024-12-23,285.0
2024-12-24,251.0
2024-12-25,251.0
2024-12-26,254.0
2024-12-27,272.0
2024-12-28,269.0
2024-12-29,272.0
2024-12-30,271.0
2024-12-31,241.0
2025-01-01,229.0
2025-01-02,237.0
2025-01-03,235.0
2025-01-04,236.0
2025-01-05,232.0
2025-01-06,234.0
2025-01-07,265.0
2025-01-08,255.0
2025-01-09,269.0
2025-01-10,263.0
2025-01-11,279.0
2025-01-12,258.0
2025-01-13,273.0
2025-01-14,271.0
2025-01-15,293.0
2025-01-16,347.0
2025-01-17,296.0
2025-01-18,264.0
2025-01-19,261.0
2025-01-20,279.0
2025-01-21,276.0
2025-01-22,292.0
2025-01-23,302.0
2025-01-24,397.0
2025-01-25,420.0
2025-01-26,475.0
2025-01-27,503.0
2025-01-28,316.0
2025-01-29,252.0
2025-01-30,262.0
2025-01-31,242.0
2025-02-01,240.0
2025-02-02,241.0
2025-02-03,248.0
2025-02-04,251.0
2025-02-05,266.0
2025-02-06,266.0
2025-02-07,261.0
2025-02-08,262.0
2025-02-09,257.0
2025-02-10,242.0
2025-02-11,247.0
2025-02-12,240.0
2025-02-13,250.0
2025-02-14,271.0
2025-02-15,273.0
2025-02-16,268.0
2025-02-17,274.0
2025-02-18,271.0
2025-02-19,266.0
2025-02-20,267.0
2025-02-21,273.0
2025-02-22,263.0
2025-02-23,273.0
2025-02-24,279.0
2025-02-25,287.0
2025-02-26,285.0
2025-02-27,272.0
2025-02-28,275.0
2025-03-01,269.0
2025-03-02,273.0
2025-03-03,280.0
2025-03-04,284.0
2025-03-05,273.0
2025-03-06,274.0
2025-03-07,273.0
2025-03-08,270.0
2025-03-09,268.0
2025-03-10,273.0
2025-03-11,272.0
2025-03-12,275.0
2025-03-13,273.0
2025-03-14,252.0
2025-03-15,226.0
2025-03-16,219.0
2025-03-17,222.0
2025-03-18,215.0
2025-03-19,213.0
2025-03-20,201.0
2025-03-21,211.0
2025-03-22,223.0
2025-03-23,221.0
2025-03-24,220.0
2025-03-25,225.0
2025-03-26,228.0
2025-03-27,237.0
2025-03-28,260.0
2025-03-29,274.0
2025-03-30,273.0
2025-03-31,264.0
2025-04-01,259.0
2025-04-02,253.0
2025-04-03,238.0
2025-04-04,192.0
2025-04-05,184.0
2025-04-06,182.0
2025-04-07,187.0
2025-04-08,166.0
2025-04-09,170.0
2025-04-10,180.0
2025-04-11,241.0
2025-04-12,285.0
2025-04-13,294.0
2025-04-14,300.0
2025-04-15,300.0
2025-04-16,295.0
2025-04-17,297.0
2025-04-18,299.0
2025-04-19,280.0
2025-04-20,268.0
2025-04-21,270.0
2025-04-22,260.0
2025-04-23,234.0
2025-04-24,242.0
2025-04-25,299.0
2025-04-26,359.0
2025-04-27,366.0
2025-04-28,359.0
2025-04-29,332.0
2025-04-30,328.0
2025-05-01,322.0
2025-05-02,318.0
2025-05-03,324.0
2025-05-04,329.0
2025-05-05,331.0
2025-05-06,302.0
2025-05-07,309.0
2025-05-08,298.0
2025-05-09,308.0
2025-05-10,310.0
2025-05-11,326.0
2025-05-12,339.0
2025-05-13,351.0
2025-05-14,333.0
2025-05-15,367.0
2025-05-16,361.0
2025-05-17,387.0
2025-05-18,416.0
2025-05-19,409.0
2025-05-20,426.0
2025-05-21,461.0
2025-05-22,526.0
2025-05-23,539.0
2025-05-24,561.0
2025-05-25,552.0
2025-05-26,458.0
2025-05-27,411.0
2025-05-28,408.0
2025-05-29,412.0
2025-05-30,423.0
2025-05-31,433.0
2025-06-01,448.0
2025-06-02,459.0
2025-06-03,544.0
2025-06-04,565.0
2025-06-05,561.0
2025-06-06,561.0
2025-06-07,470.0
2025-06-08,410.0
2025-06-09,420.0
2025-06-10,418.0
2025-06-11,471.0
2025-06-12,517.0
2025-06-13,610.0
2025-06-14,592.0
2025-06-15,553.0
2025-06-16,503.0
2025-06-17,477.0
2025-06-18,469.0
2025-06-19,448.0
2025-06-20,410.0
2025-06-21,469.0
2025-06-22,511.0
2025-06-23,495.0
2025-06-24,507.0
2025-06-25,550.0
2025-06-26,529.0
2025-06-27,538.0
2025-06-28,540.0
2025-06-29,537.0
2025-06-30,566.0
2025-07-01,582.0
2025-07-02,629.0
2025-07-03,617.0
2025-07-04,623.0
2025-07-05,615.0
2025-07-06,610.0
2025-07-07,599.0
2025-07-08,597.0
2025-07-09,646.0
2025-07-10,732.0
2025-07-11,734.0
2025-07-12,641.0
2025-07-13,528.0
2025-07-14,623.0
2025-07-15,632.0
2025-07-16,592.0
2025-07-17,545.0
2025-07-18,535.0
2025-07-19,535.0
2025-07-20,536.0
2025-07-21,538.0
2025-07-22,553.0
2025-07-23,643.0
2025-07-24,616.0
2025-07-25,618.0
2025-07-26,602.0
2025-07-27,587.0
2025-07-28,585.0
2025-07-29,629.0
2025-07-30,640.0
2025-07-31,655.0
2025-08-01,646.0
2025-08-02,635.0
2025-08-03,630.0
2025-08-04,620.0
2025-08-05,631.0
2025-08-06,702.0
2025-08-07,699.0
2025-08-08,707.0
2025-08-09,732.0
2025-08-10,734.0
2025-08-11,718.0
2025-08-12,691.0
2025-08-13,617.0
2025-08-14,619.0
2025-08-15,618.0
2025-08-16,635.0
2025-08-17,679.0
2025-08-18,677.0
2025-08-19,669.0
2025-08-20,668.0
2025-08-21,713.0
2025-08-22,707.0
2025-08-23,685.0
2025-08-24,662.0
2025-08-25,639.0
2025-08-26,601.0
2025-08-27,481.0
2025-08-28,434.0
2025-08-29,430.0
2025-08-30,551.0
2025-08-31,581.0
2025-09-01,568.0
2025-09-02,581.0
2025-09-03,647.0
2025-09-04,682.0
2025-09-05,681.0
2025-09-06,673.0
2025-09-07,669.0
2025-09-08,664.0
2025-09-09,653.0
2025-09-10,616.0
2025-09-11,612.0
2025-09-12,614.0
2025-09-13,596.0
2025-09-14,583.0
2025-09-15,546.0
2025-09-16,534.0
2025-09-17,502.0
2025-09-18,432.0
2025-09-19,431.0
2025-09-20,445.0
2025-09-21,446.0
2025-09-22,450.0
2025-09-23,487.0
2025-09-24,486.0
2025-09-25,417.0
2025-09-26,399.0
2025-09-27,394.0
2025-09-28,391.0
2025-09-29,395.0
2025-09-30,394.0
2025-10-01,390.0
2025-10-02,386.0
2025-10-03,379.0
2025-10-04,371.0
2025-10-05,373.0
2025-10-06,384.0
2025-10-07,388.0
2025-10-08,380.0
2025-10-09,375.0
2025-10-10,355.0
2025-10-11,359.0
2025-10-12,361.0
2025-10-13,353.0
2025-10-14,355.0
2025-10-15,355.0
2025-10-16,355.0
2025-10-17,352.0
2025-10-18,352.0
2025-10-19,350.0
2025-10-20,349.0
2025-10-21,348.0
2025-10-22,347.0
2025-10-23,353.0
2025-10-24,353.0
2025-10-25,355.0
2025-10-26,353.0
2025-10-27,356.0
2025-10-28,353.0
2025-10-29,339.0
2025-10-30,352.0
2025-10-31,341.0
2025-11-01,299.0
2025-11-02,302.0
2025-11-03,291.0
2025-11-04,253.0
2025-11-05,248.0
2025-11-06,246.0
2025-11-07,266.0
2025-11-08,322.0
2025-11-09,316.0
2025-11-10,321.0
2025-11-11,309.0
2025-11-12,300.0
2025-11-13,300.0
2025-11-14,297.0
2025-11-15,296.0
2025-11-16,300.0
2025-11-17,303.0
2025-11-18,297.0
2025-11-19,298.0
2025-11-20,298.0
2025-11-21,300.0
2025-11-22,274.0
2025-11-23,269.0
2025-11-24,274.0
2025-11-25,271.0
2025-11-26,282.0
2025-11-27,290.0
2025-11-28,297.0
2025-11-29,298.0
2025-11-30,278.0
2025-12-01,275.0
2025-12-02,238.0
2025-12-03,254.0
2025-12-04,241.0
2025-12-05,251.0
2025-12-06,298.0
2025-12-07,290.0
2025-12-08,297.0
2025-12-09,301.0
2025-12-10,269.0
2025-12-11,270.0
2025-12-12,251.0
2025-12-13,246.0
2025-12-14,243.0
2025-12-15,241.0
2025-12-16,241.0
2025-12-17,241.0
2025-12-18,243.0
2025-12-19,240.0
2025-12-20,227.0
2025-12-21,223.0
2025-12-22,224.0
2025-12-23,221.0
2025-12-24,219.0
2025-12-25,203.0
2025-12-26,198.0
2025-12-27,169.0
2025-12-28,166.0
2025-12-29,141.0
2025-12-30,166.0
2025-12-31,177.0
2026-01-01,212.0
2026-01-02,208.0
2026-01-03,188.0
2026-01-04,186.0
2026-01-05,183.0
2026-01-06,170.0
2026-01-07,169.0
2026-01-08,181.0
2026-01-09,177.0
2026-01-10,151.0
2026-01-11,174.0
2026-01-12,193.0
2026-01-13,230.0
2026-01-14,212.0
2026-01-15,204.0
2026-01-16,209.0
2026-01-17,216.0
2026-01-18,212.0
2026-01-19,219.0
2026-01-20,210.0
2026-01-21,205.0
2026-01-22,208.0
2026-01-23,204.0
2026-01-24,227.0
2026-01-25,226.0
2026-01-26,224.0
2026-01-27,237.0
2026-01-28,336.0
2026-01-29,396.0
2026-01-30,277.0
2026-01-31,245.0
2026-02-01,256.0
2026-02-02,255.0
2026-02-03,249.0
2026-02-04,244.0
2026-02-05,237.0
2026-02-06,242.0
2026-02-07,244.0
2026-02-08,243.0
2026-02-09,245.0
2026-02-10,243.0
2026-02-11,242.0
2026-02-12,245.0
2026-02-13,245.0
2026-02-14,251.0
2026-02-15,243.0
2026-02-16,245.0
2026-02-17,245.0
2026-02-18,241.0
2026-02-19,227.0
2026-02-20,222.0
2026-02-21,226.0
2026-02-22,225.0
2026-02-23,228.0
2026-02-24,222.0
2026-02-25,222.0
2026-02-26,221.0
2026-02-27,216.0
2026-02-28,218.0
2026-03-01,219.0
2026-03-02,218.0
2026-03-03,221.0
2026-03-04,230.0
2026-03-05,266.0
2026-03-06,273.0
2026-03-07,230.0
2026-03-08,232.0
2026-03-09,235.0
2026-03-10,216.0
2026-03-11,199.0
2026-03-12,193.0
2026-03-13,192.0
2026-03-14,194.0
2026-03-15,202.0
2026-03-16,189.0
2026-03-17,199.0
2026-03-18,195.0
2026-03-19,201.0
2026-03-20,233.0
2026-03-21,238.0
2026-03-22,241.0
2026-03-23,243.0
2026-03-24,238.0
2026-03-25,199.0
2026-03-26,207.0
2026-03-27,205.0
2026-03-28,191.0
2026-03-29,182.0
2026-03-30,181.0
2026-03-31,181.0
2026-04-01,180.0
2026-04-02,180.0
2026-04-03,224.0
2026-04-04,220.0
2026-04-05,215.0
2026-04-06,216.0
2026-04-07,217.0
2026-04-08,217.0
2026-04-09,227.0
2026-04-10,276.0
2026-04-11,274.0
2026-04-12,275.0
2026-04-13,267.0
2026-04-14,228.0
2026-04-15,232.0
2026-04-16,230.0
2026-04-17,240.0
2026-04-18,249.0
2026-04-19,244.0
2026-04-20,203.0
2026-04-21,199.0
2026-04-22,197.0
2026-04-23,198.0
2026-04-24,239.0
2026-04-25,264.0
2026-04-26,270.0
2026-04-27,276.0
2026-04-28,275.0
2026-04-29,276.0
2026-04-30,288.0
2026-05-01,261.0
2026-05-02,215.0
2026-05-03,213.0
2026-05-04,213.0
2026-05-05,222.0
2026-05-06,269.0
2026-05-07,261.0
2026-05-08,269.0
2026-05-09,277.0
2026-05-10,272.0
2026-05-11,263.0
2026-05-12,272.0
2026-05-13,382.0
2026-05-14,399.0
2026-05-15,484.0
2026-05-16,548.0
2026-05-17,530.0
2026-05-18,441.0
2026-05-19,328.0
2026-05-20,285.0
2026-05-21,265.0
2026-05-22,254.0
2026-05-23,258.0
2026-05-24,320.0
2026-05-25,346.0
2026-05-26,348.0
2026-05-27,369.0
2026-05-28,442.0
2026-05-29,461.0
2026-05-30,445.0
2026-05-31,428.0
2026-06-01,432.0
2026-06-02,487.0
2026-06-03,490.0
2026-06-04,472.0
2026-06-05,479.0
2026-06-06,516.0
2026-06-07,513.0
2026-06-08,512.0
2026-06-09,499.0
2026-06-10,399.0
2026-06-11,407.0
2026-06-12,489.0
2026-06-13,515.0
2026-06-14,525.0
2026-06-15,574.0
2026-06-16,543.0
2026-06-17,453.0
2026-06-18,463.0
2026-06-19,547.0
2026-06-20,549.0
2026-06-21,535.0
2026-06-22,481.0
2026-06-23,382.0
2026-06-24,370.0
2026-06-25,380.0
2026-06-26,387.0
2026-06-27,378.0
2026-06-28,373.0
2026-06-29,374.0
2026-06-30,457.0
2026-07-01,466.0
2026-07-02,466.0
2026-07-03,460.0
2026-07-04,459.0
2026-07-05,458.0
2026-07-06,455.0
2026-07-07,454.0
2026-07-08,459.0
2026-07-09,503.0
2026-07-10,510.0
2026-07-11,536.0
2026-07-12,532.0
2026-07-13,532.0
2026-07-14,514.0
2026-07-15,440.0
2026-07-16,446.0
2026-07-17,476.0
2026-07-18,620.0
2026-07-19,611.0
2026-07-20,594.0
2026-07-21,549.0
2026-07-22,565.0
2026-07-23,575.0
2026-07-24,558.0
2026-07-25,555.0
2026-07-26,543.0
2026-07-27,503.0
2026-07-28,524.0
2026-07-29,480.0
2026-07-30,493.0
2026-07-31,477.0
2026-08-01,467.0
2026-08-02,459.0
2026-08-03,468.0
2026-08-04,469.0
2026-08-05,474.0
2026-08-06,510.0
2026-08-07,521.0
2026-08-08,577.0
2026-08-09,582.0
2026-08-10,562.0
2026-08-11,461.0
2026-08-12,375.0
2026-08-13,395.0
2026-08-14,427.0
2026-08-15,425.0
2026-08-16,399.0
2026-08-17,389.0
2026-08-18,383.0
2026-08-19,384.0
2026-08-20,475.0
2026-08-21,513.0
2026-08-22,520.0
2026-08-23,522.0
2026-08-24,513.0
