Date,Flow_CFS,GageHeight_ft,Precip
2022-04-01,194.0,2.25927,10.98
2022-04-02,235.0,2.403958,10.98
2022-04-03,240.0,2.421562,10.98
2022-04-04,240.0,2.420416,10.98
2022-04-05,238.0,2.41375,10.983437
2022-04-06,233.0,2.401041,10.99
2022-04-07,230.0,2.395312,10.99
2022-04-08,269.0,2.521666,10.99
2022-04-09,276.0,2.542083,10.99
2022-04-10,278.0,2.550312,11.052812
2022-04-11,274.0,2.537083,11.06
2022-04-12,270.0,2.523125,11.06
2022-04-13,267.0,2.515208,11.06
2022-04-14,256.0,2.480312,11.06
2022-04-15,263.0,2.504375,11.06
2022-04-16,262.0,2.501354,11.06
2022-04-17,260.0,2.492812,11.06
2022-04-18,273.0,2.531458,11.06
2022-04-19,329.0,2.692083,11.06
2022-04-20,392.0,2.857291,11.06
2022-04-21,400.0,2.877291,11.06
2022-04-22,388.0,2.845312,11.06
2022-04-23,401.0,2.876145,11.06
2022-04-24,409.0,2.897916,11.073437
2022-04-25,408.0,2.895729,11.2
2022-04-26,408.0,2.896041,11.2
2022-04-27,420.0,2.923437,11.203958
2022-04-28,478.0,3.054583,11.21
2022-04-29,481.0,3.060416,11.21
2022-04-30,521.0,3.139375,11.21
2022-05-01,530.0,3.154479,11.210833
2022-05-02,544.0,3.1825,11.514479
2022-05-03,533.0,3.16052,11.641979
2022-05-04,460.0,3.006979,11.861145
2022-05-05,417.0,2.907083,11.92
2022-05-06,419.0,2.911145,11.92
2022-05-07,448.0,2.979895,11.92
2022-05-08,488.0,3.067083,11.92
2022-05-09,493.0,3.076354,11.92
2022-05-10,545.0,3.184479,11.92
2022-05-11,561.0,3.21552,11.92
2022-05-12,579.0,3.251354,11.92
2022-05-13,542.0,3.179166,11.92
2022-05-14,579.0,3.25052,11.92
2022-05-15,601.0,3.292812,11.92
2022-05-16,615.0,3.31875,11.92
2022-05-17,544.0,3.18375,11.92
2022-05-18,547.0,3.189166,11.924166
2022-05-19,560.0,3.214479,11.93
2022-05-20,539.0,3.171458,12.245416
2022-05-21,436.0,2.948229,13.199687
2022-05-22,327.0,2.677708,13.23
2022-05-23,437.0,2.952916,13.23125
2022-05-24,574.0,3.241145,13.417083
2022-05-25,552.0,3.19677,13.47
2022-05-26,438.0,2.95625,13.47
2022-05-27,582.0,3.25125,13.47
2022-05-28,616.0,3.310416,13.47
2022-05-29,554.0,3.188333,13.486979
2022-05-30,421.0,2.906666,13.51
2022-05-31,407.0,2.874166,13.604687
2022-06-01,441.0,2.953125,14.189062
2022-06-02,508.0,3.097083,14.22
2022-06-03,530.0,3.14375,14.335104
2022-06-04,502.0,3.08677,14.47
2022-06-05,506.0,3.095104,14.47
2022-06-06,526.0,3.135416,14.521979
2022-06-07,599.0,3.278229,14.66
2022-06-08,588.0,3.257395,14.66
2022-06-09,597.0,3.276354,14.66
2022-06-10,591.0,3.264583,14.66
2022-06-11,592.0,3.266145,14.66
2022-06-12,591.0,3.264062,14.666458
2022-06-13,564.0,3.213229,14.68
2022-06-14,550.0,3.184583,14.68
2022-06-15,551.0,3.185625,14.68
2022-06-16,619.0,3.31802,14.68
2022-06-17,672.0,3.413645,14.68
2022-06-18,735.0,3.522916,14.68427
2022-06-19,741.0,3.533958,14.69
2022-06-20,721.0,3.499062,14.69
2022-06-21,657.0,3.38625,14.69
2022-06-22,642.0,3.360104,14.69
2022-06-23,628.0,3.335312,14.69
2022-06-24,621.0,3.322187,14.70052
2022-06-25,632.0,3.340833,14.743437
2022-06-26,679.0,3.425384,14.840615
2022-06-27,677.0,3.423283,14.91
2022-06-28,646.0,3.366875,14.91
2022-06-29,705.0,3.472395,14.923958
2022-06-30,718.0,3.494062,15.179166
2022-07-01,733.0,3.519791,15.596145
2022-07-02,718.0,3.49427,15.701666
2022-07-03,714.0,3.487083,16.081145
2022-07-04,706.0,3.473854,16.146562
2022-07-05,690.0,3.446145,16.31875
2022-07-06,788.0,3.612708,16.448541
2022-07-07,850.0,3.708645,16.730104
2022-07-08,812.0,3.661041,16.783854
2022-07-09,806.0,3.652916,16.8
2022-07-10,807.0,3.655208,16.805937
2022-07-11,822.0,3.674062,16.822395
2022-07-12,763.0,3.589687,16.843437
2022-07-13,754.0,3.574375,16.874479
2022-07-14,745.0,3.560208,16.918333
2022-07-15,606.0,3.291875,17.0275
2022-07-16,745.0,3.558645,17.340625
2022-07-17,789.0,3.629895,17.36
2022-07-18,778.0,3.612291,17.372187
2022-07-19,772.0,3.603229,17.403125
2022-07-20,775.0,3.608541,17.445625
2022-07-21,766.0,3.593645,17.46
2022-07-22,760.0,3.584583,17.46
2022-07-23,763.0,3.588854,17.49177
2022-07-24,796.0,3.635833,17.703333
2022-07-25,813.0,3.648437,18.09
2022-07-26,642.0,3.379479,18.202604
2022-07-27,596.0,3.294166,19.27875
2022-07-28,590.0,3.283125,20.2
2022-07-29,569.0,3.2425,20.2
2022-07-30,590.0,3.280729,20.2
2022-07-31,666.0,3.423437,20.226979
2022-08-01,702.0,3.487083,20.27
2022-08-02,711.0,3.501979,20.283854
2022-08-03,699.0,3.481145,20.332812
2022-08-04,705.0,3.491875,20.38
2022-08-05,701.0,3.484895,20.406354
2022-08-06,715.0,3.50875,20.48802
2022-08-07,705.0,3.488541,20.557708
2022-08-08,656.0,3.403958,20.87
2022-08-09,564.0,3.2325,20.87
2022-08-10,591.0,3.283437,20.87
2022-08-11,696.0,3.47552,20.87
2022-08-12,770.0,3.600937,20.87
2022-08-13,731.0,3.53375,20.901875
2022-08-14,628.0,3.353125,21.082604
2022-08-15,569.0,3.241562,21.307916
2022-08-16,630.0,3.35663,22.485326
2022-08-17,599.0,3.299479,22.67
2022-08-18,509.0,3.122083,22.67
2022-08-19,486.0,3.072083,22.67
2022-08-20,533.0,3.169479,22.696875
2022-08-21,624.0,3.347083,22.862812
2022-08-22,675.0,3.43875,23.07302
2022-08-23,647.0,3.387812,23.08
2022-08-24,686.0,3.458854,23.08
2022-08-25,757.0,3.57927,23.08
2022-08-26,835.0,3.690729,23.083437
2022-08-27,951.0,3.853645,23.09
2022-08-28,928.0,3.815937,23.229791
2022-08-29,960.0,3.867395,23.48
2022-08-30,929.0,3.819062,23.48
2022-08-31,915.0,3.795729,23.492083
2022-09-01,922.0,3.806458,23.52
2022-09-02,970.0,3.884583,23.520312
2022-09-03,965.0,3.876875,23.53
2022-09-04,970.0,3.884583,23.53
2022-09-05,957.0,3.863645,23.53
2022-09-06,937.0,3.833229,23.53
2022-09-07,841.0,3.6975,23.53
2022-09-08,801.0,3.6425,23.53
2022-09-09,712.0,3.503541,23.53
2022-09-10,640.0,3.375104,23.559687
2022-09-11,566.0,3.237187,23.57
2022-09-12,555.0,3.215833,23.57
2022-09-13,550.0,3.205729,23.57
2022-09-14,564.0,3.232083,23.612291
2022-09-15,612.0,3.324687,23.69
2022-09-16,558.0,3.220937,23.692916
2022-09-17,519.0,3.141979,23.7
2022-09-18,514.0,3.131875,23.7
2022-09-19,506.0,3.115625,23.7
2022-09-20,503.0,3.1075,23.7
2022-09-21,509.0,3.12177,23.732395
2022-09-22,539.0,3.181979,24.012083
2022-09-23,477.0,3.05375,24.03
2022-09-24,462.0,3.021145,24.03
2022-09-25,454.0,3.002708,24.03
2022-09-26,454.0,3.002291,24.03
2022-09-27,497.0,3.09625,24.03427
2022-09-28,508.0,3.118229,24.04
2022-09-29,521.0,3.145104,24.042187
2022-09-30,536.0,3.176458,24.092916
2022-10-01,533.0,3.17052,24.295729
2022-10-02,437.0,2.964062,24.316145
2022-10-03,440.0,2.969791,24.3275
2022-10-04,390.0,2.852083,24.380833
2022-10-05,407.0,2.895625,12.2
2022-10-06,400.0,2.886979,0.0
2022-10-07,408.0,2.90677,0.0
2022-10-08,430.0,2.957708,0.0
2022-10-09,428.0,2.952395,0.0
2022-10-10,426.0,2.948645,0.0
2022-10-11,440.0,2.979687,0.0
2022-10-12,490.0,3.091562,0.0
2022-10-13,490.0,3.090729,0.0
2022-10-14,490.0,3.091041,0.0
2022-10-15,487.0,3.085416,0.0
2022-10-16,488.0,3.086145,0.0
2022-10-17,477.0,3.062708,0.0
2022-10-18,427.0,2.949583,0.0
2022-10-19,387.0,2.854479,0.0
2022-10-20,384.0,2.84625,0.0
2022-10-21,380.0,2.836562,0.0
2022-10-22,379.0,2.834791,0.0
2022-10-23,375.0,2.82375,0.007604
2022-10-24,358.0,2.779895,0.02
2022-10-25,271.0,2.538437,0.02
2022-10-26,361.0,2.785625,0.02677
2022-10-27,398.0,2.881458,0.343125
2022-10-28,330.0,2.707604,0.61
2022-10-29,333.0,2.713958,0.61
2022-10-30,334.0,2.718437,0.61
2022-10-31,327.0,2.69875,0.61
2022-11-01,289.0,2.59125,0.61
2022-11-02,287.0,2.586458,0.61
2022-11-03,285.0,2.578645,0.66177
2022-11-04,282.0,2.570625,0.87
2022-11-05,280.0,2.564583,0.87
2022-11-06,289.0,2.590833,0.87
2022-11-07,283.0,2.573229,0.87
2022-11-08,286.0,2.580625,0.87
2022-11-09,282.0,2.566979,0.87
2022-11-10,284.0,2.565416,0.87
2022-11-11,267.0,2.51302,0.87
2022-11-12,259.0,2.488645,0.87
2022-11-13,268.0,2.51927,0.87
2022-11-14,271.0,2.5275,0.870625
2022-11-15,265.0,2.509375,0.909583
2022-11-16,280.0,2.555937,0.92
2022-11-17,287.0,2.574791,1.026458
2022-11-18,291.0,2.587604,1.415104
2022-11-19,291.0,2.586562,1.42
2022-11-20,293.0,2.593125,1.42
2022-11-21,294.0,2.596562,1.42
2022-11-22,311.0,2.645625,1.42
2022-11-23,313.0,2.651979,1.42
2022-11-24,315.0,2.655416,1.42
2022-11-25,310.0,2.641458,1.42
2022-11-26,311.0,2.645937,1.42
2022-11-27,313.0,2.650104,1.42
2022-11-28,308.0,2.635208,1.42
2022-11-29,272.0,2.529687,1.821145
2022-11-30,271.0,2.52552,1.91
2022-12-01,286.0,2.572395,1.91
2022-12-02,268.0,2.518333,1.91
2022-12-03,266.0,2.5125,1.91
2022-12-04,269.0,2.520416,1.91
2022-12-05,269.0,2.519687,1.91
2022-12-06,268.0,2.51802,1.91
2022-12-07,266.0,2.5125,1.91
2022-12-08,265.0,2.510208,1.91
2022-12-09,259.0,2.489062,1.91
2022-12-10,258.0,2.488125,1.91
2022-12-11,262.0,2.498958,1.91
2022-12-12,264.0,2.504062,1.910416
2022-12-13,259.0,2.488541,2.014479
2022-12-14,222.0,2.366979,2.03
2022-12-15,222.0,2.368541,2.03
2022-12-16,241.0,2.42927,2.03
2022-12-17,245.0,2.443229,2.03
2022-12-18,253.0,2.467708,2.03
2022-12-19,259.0,2.489791,2.03
2022-12-20,230.0,2.391979,2.03
2022-12-21,192.0,2.25802,2.042604
2022-12-22,149.0,2.086354,2.48677
2022-12-23,211.0,2.318437,2.52
2022-12-24,384.0,2.834062,2.52
2022-12-25,318.0,2.661666,2.52
2022-12-26,360.0,2.772708,2.52
2022-12-27,347.0,2.739166,2.52
2022-12-28,295.0,2.672916,2.602291
2022-12-29,218.0,2.61552,3.129687
2022-12-30,212.0,2.593437,3.14
2022-12-31,212.0,2.594895,3.14
2023-01-01,220.0,2.620937,3.141458
2023-01-02,200.0,2.54802,3.279166
2023-01-03,156.0,2.381666,3.29
2023-01-04,147.0,2.342812,3.29
2023-01-05,179.0,2.468333,3.29
2023-01-06,167.0,2.421458,3.29
2023-01-07,162.0,2.40177,3.29
2023-01-08,141.0,2.318541,3.29
2023-01-09,145.0,2.335833,3.29
2023-01-10,149.0,2.351666,3.29
2023-01-11,150.0,2.355,3.328125
2023-01-12,134.0,2.290729,3.35
2023-01-13,173.0,2.33802,3.35
2023-01-14,250.0,2.472395,3.35
2023-01-15,248.0,2.465312,3.364375
2023-01-16,250.0,2.47052,3.41
2023-01-17,242.0,2.446979,3.444687
2023-01-18,215.0,2.352291,4.00677
2023-01-19,210.0,2.334895,4.24
2023-01-20,242.0,2.443125,4.2475
2023-01-21,230.0,2.404791,4.304375
2023-01-22,239.0,2.433958,4.35
2023-01-23,216.0,2.359375,4.364895
2023-01-24,205.0,2.31625,4.37
2023-01-25,218.0,2.362083,4.37
2023-01-26,227.0,2.395416,4.37
2023-01-27,255.0,2.487291,4.37
2023-01-28,241.0,2.44302,4.37375
2023-01-29,255.0,2.487187,4.529166
2023-01-30,271.0,2.534583,4.53
2023-01-31,271.0,2.53302,4.5975
2023-02-01,224.0,2.382391,4.6
2023-02-02,246.0,2.456041,4.6
2023-02-03,268.0,2.525312,4.6
2023-02-04,222.0,2.379687,4.6
2023-02-05,219.0,2.367708,4.6
2023-02-06,219.0,2.369062,4.6
2023-02-07,211.0,2.33927,4.6
2023-02-08,202.0,2.30802,4.600833
2023-02-09,204.0,2.313541,4.618645
2023-02-10,182.0,2.258229,4.62
2023-02-11,167.0,2.264375,4.62
2023-02-12,168.0,2.267604,4.62
2023-02-13,166.0,2.259895,4.62
2023-02-14,167.0,2.263854,4.636041
2023-02-15,169.0,2.272395,5.375416
2023-02-16,179.0,2.309166,5.52
2023-02-17,186.0,2.335625,5.52
2023-02-18,200.0,2.388854,5.52
2023-02-19,191.0,2.35552,5.52
2023-02-20,191.0,2.357291,5.52
2023-02-21,193.0,2.366562,5.52
2023-02-22,196.0,2.374583,5.903333
2023-02-23,211.0,2.42875,6.119479
2023-02-24,234.0,2.508437,6.12
2023-02-25,222.0,2.468958,6.12
2023-02-26,224.0,2.47625,6.12
2023-02-27,217.0,2.452708,6.12
2023-02-28,182.0,2.323541,6.12
2023-03-01,177.0,2.302708,6.12
2023-03-02,179.0,2.310416,6.12
2023-03-03,180.0,2.314062,6.130416
2023-03-04,178.0,2.306458,6.16
2023-03-05,180.0,2.314687,6.16
2023-03-06,181.0,2.317083,6.16
2023-03-07,180.0,2.317187,6.16
2023-03-08,180.0,2.3125,6.16
2023-03-09,191.0,2.354062,6.16
2023-03-10,250.0,2.562708,6.16
2023-03-11,259.0,2.588229,6.167395
2023-03-12,256.0,2.579782,6.17
2023-03-13,251.0,2.565208,6.17
2023-03-14,264.0,2.56427,6.17
2023-03-15,287.0,2.576562,6.171875
2023-03-16,287.0,2.573854,6.884583
2023-03-17,231.0,2.400208,7.17
2023-03-18,222.0,2.367083,7.17
2023-03-19,223.0,2.372708,7.17
2023-03-20,232.0,2.402812,7.17
2023-03-21,229.0,2.391875,7.17
2023-03-22,228.0,2.391562,7.195937
2023-03-23,234.0,2.408437,7.237395
2023-03-24,266.0,2.51302,7.284375
2023-03-25,290.0,2.583125,7.319166
2023-03-26,284.0,2.56677,7.32
2023-03-27,294.0,2.594791,7.466145
2023-03-28,284.0,2.567083,7.51
2023-03-29,288.0,2.5775,7.51
2023-03-30,263.0,2.502812,7.51
2023-03-31,260.0,2.492812,7.51
2023-04-01,241.0,2.432812,7.51
2023-04-02,244.0,2.442291,7.51
2023-04-03,252.0,2.468958,7.51
2023-04-04,255.0,2.47625,7.854166
2023-04-05,241.0,2.433333,8.3
2023-04-06,238.0,2.421145,8.31
2023-04-07,221.0,2.366145,8.31
2023-04-08,225.0,2.380416,8.31
2023-04-09,223.0,2.374583,8.31
2023-04-10,228.0,2.389375,8.31
2023-04-11,240.0,2.430208,8.31
2023-04-12,317.0,2.662395,8.31
2023-04-13,338.0,2.718437,8.31
2023-04-14,336.0,2.71375,8.482291
2023-04-15,274.0,2.535104,8.950729
2023-04-16,255.0,2.47625,8.96
2023-04-17,256.0,2.48,8.96
2023-04-18,262.0,2.500104,8.96
2023-04-19,269.0,2.520416,8.966562
2023-04-20,254.0,2.47427,9.0
2023-04-21,240.0,2.429583,9.004062
2023-04-22,265.0,2.51,9.557708
2023-04-23,256.0,2.481354,9.65
2023-04-24,264.0,2.506875,9.653333
2023-04-25,273.0,2.533229,9.766041
2023-04-26,304.0,2.625312,10.273125
2023-04-27,313.0,2.650833,10.367187
2023-04-28,328.0,2.69125,10.853854
2023-04-29,322.0,2.675208,10.87
2023-04-30,331.0,2.700833,10.87
2023-05-01,337.0,2.716458,10.87
2023-05-02,327.0,2.68875,10.945312
2023-05-03,344.0,2.735729,11.12
2023-05-04,361.0,2.78,11.126979
2023-05-05,352.0,2.756875,11.13
2023-05-06,342.0,2.729583,11.13
2023-05-07,337.0,2.716145,11.13
2023-05-08,330.0,2.69875,11.131458
2023-05-09,335.0,2.711458,11.14
2023-05-10,388.0,2.8475,11.678958
2023-05-11,555.0,3.209479,15.663437
2023-05-12,833.0,3.682083,18.641145
2023-05-13,715.0,3.508125,18.770729
2023-05-14,673.0,3.435,19.370104
2023-05-15,713.0,3.505208,19.59177
2023-05-16,746.0,3.560937,19.636041
2023-05-17,699.0,3.480312,19.651562
2023-05-18,640.0,3.375729,19.905208
2023-05-19,712.0,3.502187,20.71
2023-05-20,647.0,3.388437,20.71375
2023-05-21,670.0,3.428645,20.72
2023-05-22,678.0,3.443333,20.72
2023-05-23,848.0,3.703645,20.72
2023-05-24,846.0,3.703854,20.729375
2023-05-25,907.0,3.78427,20.756666
2023-05-26,878.0,3.744479,21.101145
2023-05-27,840.0,3.696666,21.55802
2023-05-28,814.0,3.661875,21.6
2023-05-29,775.0,3.607604,21.602708
2023-05-30,757.0,3.577291,21.61
2023-05-31,686.0,3.458958,21.666458
2023-06-01,646.0,3.386458,22.065416
2023-06-02,589.0,3.279687,22.219479
2023-06-03,539.0,3.181979,22.339166
2023-06-04,538.0,3.18,22.77913
2023-06-05,543.0,3.190729,23.1325
2023-06-06,568.0,3.240208,23.498333
2023-06-07,569.0,3.242604,23.67875
2023-06-08,612.0,3.323854,23.797812
2023-06-09,671.0,3.432187,23.841041
2023-06-10,659.0,3.411354,23.881979
2023-06-11,716.0,3.510729,23.993229
2023-06-12,829.0,3.678125,24.633333
2023-06-13,840.0,3.695625,25.1
2023-06-14,773.0,3.604791,25.169062
2023-06-15,744.0,3.557291,25.753437
2023-06-16,909.0,3.796979,27.058541
2023-06-17,1100.0,4.087708,27.494895
2023-06-18,1090.0,4.071979,27.5
2023-06-19,1030.0,3.972812,27.5
2023-06-20,990.0,3.915,27.5
2023-06-21,946.0,3.845104,27.622812
2023-06-22,1040.0,3.989375,29.664791
2023-06-23,1060.0,4.020729,29.82
2023-06-24,968.0,3.880208,29.82
2023-06-25,902.0,3.776458,29.82
2023-06-26,861.0,3.722916,29.82
2023-06-27,798.0,3.641875,29.82
2023-06-28,760.0,3.584166,29.82
2023-06-29,724.0,3.52427,29.832604
2023-06-30,713.0,3.505104,29.930833
2023-07-01,671.0,3.431875,29.96
2023-07-02,626.0,3.350729,30.051145
2023-07-03,592.0,3.286145,30.164062
2023-07-04,586.0,3.275729,30.239375
2023-07-05,621.0,3.340937,30.495104
2023-07-06,652.0,3.398333,30.633437
2023-07-07,587.0,3.277708,30.656875
2023-07-08,586.0,3.275104,31.404479
2023-07-09,540.0,3.184062,31.42
2023-07-10,512.0,3.110833,31.42
2023-07-11,492.0,3.054895,31.42
2023-07-12,468.0,3.003541,31.421979
2023-07-13,527.0,3.12677,31.43
2023-07-14,583.0,3.238958,31.43
2023-07-15,569.0,3.211145,31.435
2023-07-16,555.0,3.18427,31.44
2023-07-17,534.0,3.14302,31.44
2023-07-18,579.0,3.23177,31.444687
2023-07-19,621.0,3.312187,31.474375
2023-07-20,584.0,3.241979,31.803333
2023-07-21,537.0,3.147291,31.98
2023-07-22,461.0,2.98875,31.98
2023-07-23,446.0,2.954687,31.98
2023-07-24,456.0,2.974062,32.021145
2023-07-25,552.0,3.178541,32.183958
2023-07-26,539.0,3.152604,32.19
2023-07-27,515.0,3.103437,32.191354
2023-07-28,512.0,3.097083,32.234791
2023-07-29,488.0,3.046875,32.284479
2023-07-30,483.0,3.035937,32.29
2023-07-31,493.0,3.058117,32.512235
2023-08-01,629.0,3.337142,35.462222
2023-08-02,541.0,3.172291,36.465937
2023-08-03,412.0,2.894895,36.833541
2023-08-04,330.0,2.68802,36.86
2023-08-05,331.0,2.690208,36.86375
2023-08-06,449.0,2.978645,37.008958
2023-08-07,539.0,3.172395,37.34
2023-08-08,520.0,3.133854,37.34
2023-08-09,514.0,3.121666,37.34
2023-08-10,549.0,3.193229,37.34
2023-08-11,591.0,3.275,37.403645
2023-08-12,602.0,3.294895,37.6
2023-08-13,595.0,3.283437,37.602604
2023-08-14,595.0,3.28302,37.61
2023-08-15,587.0,3.26677,37.61
2023-08-16,618.0,3.324791,37.652812
2023-08-17,621.0,3.331562,37.73
2023-08-18,615.0,3.319791,37.795104
2023-08-19,612.0,3.314791,37.964895
2023-08-20,600.0,3.292604,38.12
2023-08-21,589.0,3.271666,38.12
2023-08-22,592.0,3.26875,38.12
2023-08-23,604.0,3.279687,38.12
2023-08-24,581.0,3.23552,38.140312
2023-08-25,572.0,3.21802,38.270729
2023-08-26,518.0,3.110312,38.303645
2023-08-27,507.0,3.087604,38.357291
2023-08-28,467.0,3.001666,39.229062
2023-08-29,453.0,2.970833,39.93
2023-08-30,408.0,2.864895,39.93
2023-08-31,405.0,2.85625,39.93
2023-09-01,613.0,3.29625,39.93
2023-09-02,688.0,3.432395,39.934895
2023-09-03,701.0,3.455625,40.114479
2023-09-04,697.0,3.448958,40.51
2023-09-05,669.0,3.399375,40.51
2023-09-06,644.0,3.352812,40.51
2023-09-07,570.0,3.214583,40.51
2023-09-08,535.0,3.143854,40.51
2023-09-09,532.0,3.138125,40.51
2023-09-10,533.0,3.14052,40.665625
2023-09-11,590.0,3.252604,41.8775
2023-09-12,559.0,3.19,41.99
2023-09-13,440.0,2.939895,41.99
2023-09-14,439.0,2.937187,42.502395
2023-09-15,508.0,3.087708,44.318125
2023-09-16,544.0,3.161666,44.53
2023-09-17,499.0,3.069375,44.53
2023-09-18,481.0,3.030729,44.55
2023-09-19,475.0,3.01802,44.62427
2023-09-20,481.0,3.030416,44.703854
2023-09-21,501.0,3.074895,44.77
2023-09-22,495.0,3.06177,44.77
2023-09-23,491.0,3.053854,44.77
2023-09-24,486.0,3.043125,44.77
2023-09-25,498.0,3.06875,44.77
2023-09-26,548.0,3.171562,44.77
2023-09-27,592.0,3.257187,44.77
2023-09-28,592.0,3.25625,44.77
2023-09-29,590.0,3.253229,44.77
2023-09-30,589.0,3.251979,44.77
2023-10-01,577.0,3.226666,44.77
2023-10-02,463.0,2.993541,44.832708
2023-10-03,466.0,2.999062,44.87
2023-10-04,463.0,2.991354,44.87
2023-10-05,465.0,2.996979,44.87
2023-10-06,463.0,2.992291,20.565416
2023-10-07,456.0,2.97625,0.0
2023-10-08,435.0,2.928541,0.0
2023-10-09,385.0,2.809583,0.0
2023-10-10,381.0,2.799062,0.0
2023-10-11,386.0,2.811041,0.021458
2023-10-12,434.0,2.92677,0.12
2023-10-13,427.0,2.910729,0.18
2023-10-14,388.0,2.817604,0.18
2023-10-15,382.0,2.80302,0.18
2023-10-16,361.0,2.749895,0.18
2023-10-17,364.0,2.757187,0.18
2023-10-18,389.0,2.81875,0.18
2023-10-19,389.0,2.820416,0.18
2023-10-20,391.0,2.825416,0.18
2023-10-21,458.0,2.9825,0.18
2023-10-22,425.0,2.903854,0.18
2023-10-23,342.0,2.700833,0.18
2023-10-24,338.0,2.688958,0.190208
2023-10-25,330.0,2.666145,0.22
2023-10-26,330.0,2.666979,0.223437
2023-10-27,328.0,2.661562,0.24
2023-10-28,317.0,2.631458,0.475312
2023-10-29,320.0,2.64,1.409895
2023-10-30,242.0,2.406979,1.61
2023-10-31,248.0,2.425833,1.61
2023-11-01,261.0,2.465833,1.61
2023-11-02,265.0,2.478229,1.61
2023-11-03,205.0,2.2925,1.61
2023-11-04,168.0,2.167187,1.61
2023-11-05,151.0,2.101979,1.61
2023-11-06,150.0,2.095625,1.61
2023-11-07,144.0,2.072083,1.61
2023-11-08,173.0,2.186562,1.83625
2023-11-09,209.0,2.32177,2.21
2023-11-10,197.0,2.279166,2.21
2023-11-11,202.0,2.298854,2.21
2023-11-12,208.0,2.317395,2.21
2023-11-13,228.0,2.389895,2.21
2023-11-14,215.0,2.343645,2.21
2023-11-15,216.0,2.348125,2.21
2023-11-16,220.0,2.362187,2.21
2023-11-17,219.0,2.356354,2.21
2023-11-18,214.0,2.338645,2.21
2023-11-19,218.0,2.353125,2.212291
2023-11-20,220.0,2.361979,2.386041
2023-11-21,194.0,2.266458,2.51
2023-11-22,161.0,2.139375,2.51
2023-11-23,177.0,2.202083,2.535
2023-11-24,230.0,2.397916,3.358958
2023-11-25,222.0,2.370937,3.66
2023-11-26,208.0,2.320729,3.71
2023-11-27,208.0,2.319166,3.71
2023-11-28,238.0,2.421666,3.71
2023-11-29,247.0,2.483437,3.71
2023-11-30,229.0,2.494062,3.71
2023-12-01,207.0,2.415208,3.71
2023-12-02,189.0,2.34802,3.71
2023-12-03,171.0,2.278854,3.7975
2023-12-04,157.0,2.222395,3.86
2023-12-05,191.0,2.357812,3.86
2023-12-06,190.0,2.35125,3.86
2023-12-07,189.0,2.346979,3.86
2023-12-08,191.0,2.356562,3.910937
2023-12-09,163.0,2.24625,4.503645
2023-12-10,148.0,2.184583,4.53
2023-12-11,159.0,2.231979,4.53
2023-12-12,162.0,2.24427,4.537604
2023-12-13,163.0,2.246875,4.692708
2023-12-14,137.0,2.139791,4.81
2023-12-15,122.0,2.075729,4.81
2023-12-16,183.0,2.323541,4.81
2023-12-17,211.0,2.43125,4.81
2023-12-18,188.0,2.343333,4.81
2023-12-19,170.0,2.274895,4.81
2023-12-20,176.0,2.298229,4.81
2023-12-21,195.0,2.372395,4.81
2023-12-22,190.0,2.35375,4.81
2023-12-23,197.0,2.37802,4.821145
2023-12-24,198.0,2.382395,5.472395
2023-12-25,174.0,2.291875,5.7
2023-12-26,186.0,2.337708,5.702187
2023-12-27,195.0,2.373541,5.72
2023-12-28,166.0,2.259895,5.72
2023-12-29,174.0,2.257083,5.72
2023-12-30,217.0,2.37052,5.72
2023-12-31,226.0,2.4025,5.72
2024-01-01,233.0,2.428125,5.72
2024-01-02,235.0,2.431666,5.72
2024-01-03,199.0,2.305208,5.72
2024-01-04,190.0,2.271979,5.72
2024-01-05,201.0,2.313958,5.72
2024-01-06,167.0,2.18427,5.772604
2024-01-07,144.0,2.092291,5.780104
2024-01-08,165.0,2.1775,6.321875
2024-01-09,146.0,2.099062,6.49
2024-01-10,247.0,2.46677,6.49
2024-01-11,292.0,2.604375,6.533854
2024-01-12,239.0,2.443229,6.59
2024-01-13,324.0,2.697291,6.689375
2024-01-14,366.0,2.811562,6.725416
2024-01-15,367.0,2.815,7.01052
2024-01-16,398.0,2.885937,7.21
2024-01-17,367.0,2.808125,7.21
2024-01-18,242.0,2.455416,7.210625
2024-01-19,220.0,2.398958,7.22
2024-01-20,233.0,2.486666,7.22
2024-01-21,225.0,2.459479,7.22
2024-01-22,185.0,2.311354,7.22
2024-01-23,162.0,2.22427,7.22
2024-01-24,165.0,2.236562,7.22
2024-01-25,203.0,2.379791,7.220729
2024-01-26,223.0,2.451562,7.481562
2024-01-27,222.0,2.448854,7.58
2024-01-28,215.0,2.423333,7.58
2024-01-29,180.0,2.293541,7.58
2024-01-30,163.0,2.228854,7.58
2024-01-31,165.0,2.235,7.58
2024-02-01,191.0,2.336458,7.58
2024-02-02,203.0,2.381875,7.586041
2024-02-03,209.0,2.403437,8.002812
2024-02-04,201.0,2.375,8.38
2024-02-05,150.0,2.176666,8.38
2024-02-06,157.0,2.205937,8.38
2024-02-07,214.0,2.392708,8.38
2024-02-08,223.0,2.383229,8.38
2024-02-09,221.0,2.376458,8.394062
2024-02-10,221.0,2.376145,8.767916
2024-02-11,219.0,2.3675,9.09
2024-02-12,213.0,2.347291,9.09
2024-02-13,222.0,2.376666,9.09
2024-02-14,236.0,2.426979,9.09
2024-02-15,236.0,2.426666,9.09
2024-02-16,237.0,2.431354,9.11677
2024-02-17,218.0,2.364791,9.26
2024-02-18,211.0,2.339375,9.26
2024-02-19,217.0,2.360312,9.26
2024-02-20,218.0,2.363229,9.26
2024-02-21,208.0,2.330937,9.26
2024-02-22,210.0,2.33802,9.263437
2024-02-23,224.0,2.381458,9.27
2024-02-24,224.0,2.375312,9.27
2024-02-25,228.0,2.39052,9.27
2024-02-26,230.0,2.395104,9.27
2024-02-27,219.0,2.359166,9.373645
2024-02-28,203.0,2.299166,9.49
2024-02-29,212.0,2.333541,9.49
2024-03-01,216.0,2.345312,9.49
2024-03-02,218.0,2.353645,9.49
2024-03-03,221.0,2.364895,9.541979
2024-03-04,213.0,2.335104,9.55
2024-03-05,210.0,2.326145,9.55
2024-03-06,211.0,2.33052,9.55
2024-03-07,223.0,2.370625,9.672604
2024-03-08,212.0,2.332708,10.110208
2024-03-09,177.0,2.204583,10.2
2024-03-10,184.0,2.229565,10.2
2024-03-11,191.0,2.255104,10.2
2024-03-12,180.0,2.214895,10.2
2024-03-13,184.0,2.229784,10.24129
2024-03-14,200.0,2.288909,11.334727
2024-03-15,188.0,2.245104,11.768437
2024-03-16,190.0,2.25427,11.79
2024-03-17,202.0,2.2975,11.79
2024-03-18,192.0,2.263125,11.79
2024-03-19,198.0,2.284791,11.79
2024-03-20,211.0,2.329479,11.79
2024-03-21,218.0,2.352187,11.79
2024-03-22,222.0,2.37052,11.79
2024-03-23,215.0,2.343437,11.79
2024-03-24,197.0,2.278854,11.873541
2024-03-25,176.0,2.199583,12.980416
2024-03-26,157.0,2.12427,13.1
2024-03-27,157.0,2.125625,13.1
2024-03-28,176.0,2.199583,13.1
2024-03-29,218.0,2.356145,13.1
2024-03-30,217.0,2.349583,13.1
2024-03-31,224.0,2.37427,13.1
2024-04-01,190.0,2.254479,13.123645
2024-04-02,188.0,2.24625,13.339166
2024-04-03,189.0,2.248541,13.34
2024-04-04,226.0,2.380416,13.34
2024-04-05,261.0,2.501041,13.34
2024-04-06,274.0,2.5475,13.34
2024-04-07,267.0,2.524687,13.34
2024-04-08,257.0,2.493854,13.34
2024-04-09,229.0,2.402916,13.34
2024-04-10,223.0,2.382708,13.34
2024-04-11,225.0,2.389583,13.34
2024-04-12,259.0,2.499479,13.34
2024-04-13,290.0,2.594375,13.34
2024-04-14,307.0,2.64302,13.34
2024-04-15,326.0,2.696354,13.34
2024-04-16,320.0,2.677916,13.363645
2024-04-17,276.0,2.553333,13.37
2024-04-18,266.0,2.52,13.415208
2024-04-19,260.0,2.501979,13.569791
2024-04-20,251.0,2.474583,14.035208
2024-04-21,247.0,2.462812,14.119479
2024-04-22,245.0,2.455416,14.12
2024-04-23,251.0,2.474375,14.121875
2024-04-24,246.0,2.459166,-14.394791
2024-04-25,251.0,2.47375,-104.928333
2024-04-26,246.0,2.460937,-104.886145
2024-04-27,296.0,2.608437,-103.789062
2024-04-28,289.0,2.592604,-103.173437
2024-04-29,286.0,2.583229,-103.17
2024-04-30,286.0,2.5825,-103.17
2024-05-01,296.0,2.611458,-103.132291
2024-05-02,348.0,2.753958,-103.01
2024-05-03,397.0,2.876458,-103.01
2024-05-04,466.0,3.039895,-103.01
2024-05-05,470.0,3.048229,-103.01
2024-05-06,473.0,3.05552,-103.01
2024-05-07,465.0,3.025937,-103.005208
2024-05-08,464.0,3.005833,-103.0
2024-05-09,462.0,2.999791,-102.998125
2024-05-10,473.0,3.024375,-102.90677
2024-05-11,476.0,3.030416,-102.79
2024-05-12,600.0,3.274166,-101.64625
2024-05-13,670.0,3.406666,-101.178437
2024-05-14,622.0,3.322291,-101.076354
2024-05-15,730.0,3.498125,-101.038229
2024-05-16,1060.0,4.006979,-100.88
2024-05-17,1090.0,4.076979,-100.88
2024-05-18,1070.0,4.033437,-100.875416
2024-05-19,1060.0,4.017708,-100.87
2024-05-20,1040.0,4.001562,-100.87
2024-05-21,1050.0,4.01427,-100.758125
2024-05-22,993.0,3.920625,-100.6
2024-05-23,942.0,3.838854,-100.6
2024-05-24,930.0,3.825416,-100.6
2024-05-25,885.0,3.782083,-100.598854
2024-05-26,848.0,3.73625,-100.59
2024-05-27,813.0,3.69125,-100.59
2024-05-28,826.0,3.707916,-100.585937
2024-05-29,838.0,3.723958,-100.571666
2024-05-30,854.0,3.744062,-100.56
2024-05-31,885.0,3.786666,-100.56
2024-06-01,891.0,3.794375,-100.5525
2024-06-02,907.0,3.815208,-100.54
2024-06-03,929.0,3.848541,-100.54
2024-06-04,932.0,3.853541,-100.54
2024-06-05,948.0,3.878125,-100.54
2024-06-06,1010.0,3.98177,-100.54
2024-06-07,1060.0,4.058437,-100.53875
2024-06-08,1120.0,4.155312,-100.525312
2024-06-09,1140.0,4.1725,-100.518645
2024-06-10,1220.0,4.293437,-100.51
2024-06-11,1240.0,4.33625,-100.51
2024-06-12,1280.0,4.383437,-100.506979
2024-06-13,1300.0,4.425833,-100.5
2024-06-14,1290.0,4.416979,-100.5
2024-06-15,1270.0,4.379895,-100.495937
2024-06-16,1280.0,4.404791,-100.487291
2024-06-17,1290.0,4.415312,-100.48
2024-06-18,1320.0,4.459166,-100.48
2024-06-19,1370.0,4.524583,-100.48
2024-06-20,1360.0,4.516979,-100.37302
2024-06-21,1380.0,4.55427,-99.915625
2024-06-22,1340.0,4.4875,-99.68
2024-06-23,1270.0,4.382291,-99.67875
2024-06-24,1200.0,4.285625,-99.665416
2024-06-25,1160.0,4.226041,-99.65
2024-06-26,1150.0,4.209791,-99.563333
2024-06-27,1130.0,4.176145,-99.41
2024-06-28,1120.0,4.153333,-99.40875
2024-06-29,1090.0,4.111145,-99.371041
2024-06-30,1090.0,4.117187,-99.220208
2024-07-01,1110.0,4.14302,-99.05
2024-07-02,1100.0,4.127604,-98.722395
2024-07-03,1060.0,4.070416,-98.688645
2024-07-04,1020.0,4.0,-98.68
2024-07-05,991.0,3.957395,-98.68
2024-07-06,979.0,3.938333,-98.68
2024-07-07,968.0,3.92125,-98.68
2024-07-08,959.0,3.906562,-98.678958
2024-07-09,948.0,3.888854,-98.67
2024-07-10,947.0,3.887187,-98.67
2024-07-11,915.0,3.83677,-98.67
2024-07-12,790.0,3.658229,-98.668645
2024-07-13,733.0,3.566875,-98.658437
2024-07-14,645.0,3.41427,-98.65
2024-07-15,575.0,3.283229,-98.639791
2024-07-16,511.0,3.155416,-98.429166
2024-07-17,505.0,3.141666,-98.072604
2024-07-18,491.0,3.113541,-98.04
2024-07-19,576.0,3.286041,-98.036979
2024-07-20,633.0,3.392916,-98.026979
2024-07-21,675.0,3.468645,-97.579062
2024-07-22,566.0,3.264687,-96.91
2024-07-23,508.0,3.149687,-96.91
2024-07-24,487.0,3.104166,-96.91
2024-07-25,565.0,3.264583,-96.91
2024-07-26,612.0,3.355104,-96.823958
2024-07-27,662.0,3.446562,-96.6025
2024-07-28,639.0,3.404166,-96.56
2024-07-29,585.0,3.303541,-96.558645
2024-07-30,586.0,3.305625,-96.55
2024-07-31,638.0,3.402291,-96.55
2024-08-01,635.0,3.396979,-96.55
2024-08-02,647.0,3.395208,-96.55
2024-08-03,668.0,3.396458,-96.55
2024-08-04,655.0,3.372812,-96.530729
2024-08-05,682.0,3.42,-96.207708
2024-08-06,685.0,3.425312,-95.494687
2024-08-07,570.0,3.213229,-95.44
2024-08-08,447.0,2.957395,-95.313541
2024-08-09,474.0,3.014687,-94.79125
2024-08-10,531.0,3.13625,-94.396562
2024-08-11,543.0,3.160937,-93.74
2024-08-12,527.0,3.128333,-93.725104
2024-08-13,602.0,3.27427,-93.549791
2024-08-14,685.0,3.427604,-93.405416
2024-08-15,650.0,3.364166,-93.36
2024-08-16,649.0,3.362812,-93.36
2024-08-17,698.0,3.450208,-93.36
2024-08-18,758.0,3.55125,-93.3575
2024-08-19,752.0,3.541354,-93.295
2024-08-20,702.0,3.456041,-93.132916
2024-08-21,601.0,3.273645,-93.06
2024-08-22,606.0,3.282604,-92.930729
2024-08-23,599.0,3.269375,-92.62
2024-08-24,530.0,3.133437,-92.62
2024-08-25,512.0,3.098333,-92.608645
2024-08-26,530.0,3.134791,-92.51875
2024-08-27,618.0,3.305104,-92.49
2024-08-28,611.0,3.293437,-92.49
2024-08-29,621.0,3.311145,-92.49
2024-08-30,720.0,3.487187,-92.49
2024-08-31,743.0,3.526562,-92.49
2024-09-01,719.0,3.484687,-92.49
2024-09-02,707.0,3.464583,-92.49
2024-09-03,690.0,3.43552,-92.49
2024-09-04,703.0,3.457916,-92.356458
2024-09-05,691.0,3.436041,-91.51427
2024-09-06,546.0,3.167187,-91.48
2024-09-07,521.0,3.115,-91.48
2024-09-08,512.0,3.098854,-91.48
2024-09-09,528.0,3.128958,-91.48
2024-09-10,619.0,3.3075,-91.48
2024-09-11,642.0,3.349166,-91.475833
2024-09-12,715.0,3.477916,-91.47
2024-09-13,712.0,3.473333,-91.47
2024-09-14,703.0,3.4575,-91.47
2024-09-15,692.0,3.438229,-91.47
2024-09-16,641.0,3.347395,-91.47
2024-09-17,578.0,3.229166,-91.458437
2024-09-18,570.0,3.214687,-91.44
2024-09-19,533.0,3.141041,-91.44
2024-09-20,506.0,3.085104,-91.44
2024-09-21,507.0,3.087083,-91.424166
2024-09-22,531.0,3.13625,-90.824791
2024-09-23,525.0,3.124479,-90.77
2024-09-24,516.0,3.10552,-90.77
2024-09-25,519.0,3.111875,-90.77
2024-09-26,553.0,3.18,-90.77
2024-09-27,551.0,3.177395,-90.77
2024-09-28,616.0,3.301666,-90.77
2024-09-29,616.0,3.302395,-90.77
2024-09-30,620.0,3.308854,-90.77
2024-10-01,615.0,3.30052,-90.77
2024-10-02,596.0,3.26427,-90.77
2024-10-03,560.0,3.193229,-90.77
2024-10-04,553.0,3.18,-90.77
2024-10-05,526.0,3.125,-90.77
2024-10-06,522.0,3.117604,-90.77
2024-10-07,501.0,3.073437,-90.77
2024-10-08,499.0,3.070937,-90.77
2024-10-09,508.0,3.087708,-90.766875
2024-10-10,535.0,3.143437,-90.76
2024-10-11,506.0,3.085,-90.76
2024-10-12,505.0,3.08177,-90.76
2024-10-13,504.0,3.080104,-90.76
2024-10-14,501.0,3.075416,-90.76
2024-10-15,471.0,3.010833,-90.76
2024-10-16,472.0,3.012604,-90.76
2024-10-17,477.0,3.02375,-90.76
2024-10-18,414.0,2.87927,-90.624062
2024-10-19,347.0,2.711666,-90.28
2024-10-20,339.0,2.691145,-90.278541
2024-10-21,337.0,2.686354,-90.216875
2024-10-22,336.0,2.682291,-90.2
2024-10-23,338.0,2.689479,-90.2
2024-10-24,373.0,2.779895,-90.2
2024-10-25,371.0,2.775104,-90.2
2024-10-26,342.0,2.700208,-90.2
2024-10-27,343.0,2.702708,-90.2
2024-10-28,384.0,2.808229,-90.2
2024-10-29,376.0,2.78677,-90.2
2024-10-30,370.0,2.772812,-90.18177
2024-10-31,313.0,2.620208,-90.12
2024-11-01,268.0,2.487708,-90.12
2024-11-02,242.0,2.405833,-90.12
2024-11-03,240.0,2.400937,-90.063854
2024-11-04,250.0,2.432395,-89.2675
2024-11-05,233.0,2.397812,-39.864166
2024-11-06,240.0,2.449687,1.236041
2024-11-07,229.0,2.411875,1.939479
2024-11-08,239.0,2.446145,2.430312
2024-11-09,223.0,2.390208,3.138125
2024-11-10,217.0,2.370937,3.15
2024-11-11,187.0,2.261145,3.15
2024-11-12,180.0,2.235208,3.15
2024-11-13,178.0,2.225729,3.15
2024-11-14,173.0,2.208229,3.15
2024-11-15,201.0,2.313125,3.15
2024-11-16,230.0,2.41375,3.15
2024-11-17,296.0,2.621666,3.15
2024-11-18,295.0,2.619062,3.15
2024-11-19,289.0,2.601666,3.15
2024-11-20,246.0,2.470833,3.15
2024-11-21,258.0,2.507395,3.15
2024-11-22,268.0,2.53802,3.15
2024-11-23,269.0,2.540104,3.15
2024-11-24,262.0,2.519062,3.151458
2024-11-25,205.0,2.326666,3.224687
2024-11-26,195.0,2.2925,3.233645
2024-11-27,207.0,2.336458,3.698958
2024-11-28,182.0,2.242916,3.87
2024-11-29,184.0,2.25,3.87
2024-11-30,252.0,2.487083,3.87
2024-12-01,241.0,2.454166,3.87
2024-12-02,244.0,2.461666,3.87
2024-12-03,242.0,2.4525,3.87
2024-12-04,243.0,2.450312,3.87
2024-12-05,242.0,2.446666,3.87
2024-12-06,244.0,2.451041,3.87
2024-12-07,269.0,2.530208,3.87
2024-12-08,268.0,2.529583,3.87
2024-12-09,270.0,2.53427,3.966979
2024-12-10,272.0,2.54177,4.26
2024-12-11,320.0,2.680937,4.26
2024-12-12,320.0,2.680833,4.26
2024-12-13,313.0,2.658854,4.26
2024-12-14,270.0,2.534479,4.26
2024-12-15,275.0,2.548125,4.26
2024-12-16,269.0,2.529166,4.26
2024-12-17,281.0,2.565833,4.26
2024-12-18,311.0,2.654062,4.26
2024-12-19,309.0,2.650208,4.26
2024-12-20,304.0,2.635,4.26
2024-12-21,287.0,2.586354,4.26
2024-12-22,289.0,2.592708,4.26
2024-12-23,285.0,2.579479,4.26
2024-12-24,251.0,2.475208,4.26
2024-12-25,251.0,2.476145,4.292708
2024-12-26,254.0,2.48375,4.4
2024-12-27,272.0,2.540208,4.4
2024-12-28,269.0,2.532708,4.4
2024-12-29,272.0,2.540104,4.4
2024-12-30,271.0,2.536562,4.4
2024-12-31,241.0,2.465625,4.401979
2025-01-01,229.0,2.47375,4.41
2025-01-02,237.0,2.500937,4.41
2025-01-03,235.0,2.49125,4.41
2025-01-04,236.0,2.496875,4.41
2025-01-05,232.0,2.484687,4.435208
2025-01-06,234.0,2.486354,4.469479
2025-01-07,265.0,2.589479,5.230208
2025-01-08,255.0,2.55802,5.44
2025-01-09,269.0,2.599687,5.7175
2025-01-10,263.0,2.581875,5.89
2025-01-11,279.0,2.630104,5.89
2025-01-12,258.0,2.566562,5.89
2025-01-13,273.0,2.613333,5.89
2025-01-14,271.0,2.606145,5.89
2025-01-15,293.0,2.668333,5.89
2025-01-16,347.0,2.821354,5.89
2025-01-17,296.0,2.680104,5.982083
2025-01-18,264.0,2.585312,6.889895
2025-01-19,261.0,2.574583,6.96
2025-01-20,279.0,2.630312,6.97802
2025-01-21,276.0,2.618958,6.98
2025-01-22,292.0,2.670625,6.98
2025-01-23,302.0,2.693541,6.98
2025-01-24,397.0,2.946562,6.98
2025-01-25,420.0,3.00375,7.59927
2025-01-26,475.0,3.127812,8.08
2025-01-27,503.0,3.17625,8.08
2025-01-28,316.0,2.735937,8.08
2025-01-29,252.0,2.547604,8.08
2025-01-30,262.0,2.579895,8.13927
2025-01-31,242.0,2.515937,8.15
2025-02-01,240.0,2.509166,8.15
2025-02-02,241.0,2.51375,8.15
2025-02-03,248.0,2.535,8.15
2025-02-04,251.0,2.528541,8.15
2025-02-05,266.0,2.521562,8.15
2025-02-06,266.0,2.521458,8.15
2025-02-07,261.0,2.504687,8.15
2025-02-08,262.0,2.511041,8.174895
2025-02-09,257.0,2.492291,8.329583
2025-02-10,242.0,2.446041,8.337812
2025-02-11,247.0,2.460625,8.643854
2025-02-12,240.0,2.438125,8.977187
2025-02-13,250.0,2.465312,8.99
2025-02-14,271.0,2.535937,8.996562
2025-02-15,273.0,2.544062,9.11552
2025-02-16,268.0,2.528229,9.3
2025-02-17,274.0,2.545208,9.302187
2025-02-18,271.0,2.536458,9.329791
2025-02-19,266.0,2.522291,9.39
2025-02-20,267.0,2.524479,9.4975
2025-02-21,273.0,2.544062,10.367812
2025-02-22,263.0,2.512395,10.43
2025-02-23,273.0,2.543645,10.43
2025-02-24,279.0,2.560833,10.43
2025-02-25,287.0,2.586041,10.43
2025-02-26,285.0,2.58052,10.43
2025-02-27,272.0,2.541562,10.43
2025-02-28,275.0,2.548854,10.43
2025-03-01,269.0,2.531666,1.235625
2025-03-02,273.0,2.543333,10.43
2025-03-03,280.0,2.56625,10.468125
2025-03-04,284.0,2.575937,10.749062
2025-03-05,273.0,2.546875,10.83
2025-03-06,274.0,2.556666,10.830729
2025-03-07,273.0,2.553437,10.935104
2025-03-08,270.0,2.543541,11.18
2025-03-09,268.0,2.539021,11.18
2025-03-10,273.0,2.551979,11.18
2025-03-11,272.0,2.550416,11.18
2025-03-12,275.0,2.558229,11.18
2025-03-13,273.0,2.552187,11.18
2025-03-14,252.0,2.486458,11.205
2025-03-15,226.0,2.403958,11.22
2025-03-16,219.0,2.378125,11.22
2025-03-17,222.0,2.387812,11.22
2025-03-18,215.0,2.361979,11.273854
2025-03-19,213.0,2.356875,11.878333
2025-03-20,201.0,2.314895,11.9
2025-03-21,211.0,2.348958,11.9
2025-03-22,223.0,2.39125,11.9
2025-03-23,221.0,2.383645,11.9
2025-03-24,220.0,2.38302,11.9
2025-03-25,225.0,2.399062,11.9
2025-03-26,228.0,2.40927,11.9
2025-03-27,237.0,2.439791,11.9
2025-03-28,260.0,2.51177,11.901354
2025-03-29,274.0,2.5575,12.22927
2025-03-30,273.0,2.554479,12.434479
2025-03-31,264.0,2.524687,12.45
2025-04-01,259.0,2.510104,12.45
2025-04-02,253.0,2.490104,12.479166
2025-04-03,238.0,2.442916,12.578541
2025-04-04,192.0,2.281875,12.958854
2025-04-05,184.0,2.250208,13.543437
2025-04-06,182.0,2.24125,13.56
2025-04-07,187.0,2.263541,13.56
2025-04-08,166.0,2.173854,13.56
2025-04-09,170.0,2.173645,13.56
2025-04-10,180.0,2.213125,13.56
2025-04-11,241.0,2.430937,13.56
2025-04-12,285.0,2.57,13.56
2025-04-13,294.0,2.595937,13.56
2025-04-14,300.0,2.6125,13.634895
2025-04-15,300.0,2.61302,13.65
2025-04-16,295.0,2.599166,13.65
2025-04-17,297.0,2.604583,13.65
2025-04-18,299.0,2.611979,14.158854
2025-04-19,280.0,2.555208,14.977708
2025-04-20,268.0,2.518541,14.98
2025-04-21,270.0,2.522812,14.98
2025-04-22,260.0,2.493333,14.98
2025-04-23,234.0,2.40875,14.98302
2025-04-24,242.0,2.434062,14.99
2025-04-25,299.0,2.606562,14.997916
2025-04-26,359.0,2.776041,15.0
2025-04-27,366.0,2.791354,15.0
2025-04-28,359.0,2.775312,15.004583
2025-04-29,332.0,2.702812,15.01
2025-04-30,328.0,2.691145,15.019375
2025-05-01,322.0,2.674583,15.306041
2025-05-02,318.0,2.663229,15.49
2025-05-03,324.0,2.681979,15.49
2025-05-04,329.0,2.694687,15.496875
2025-05-05,331.0,2.69875,15.537083
2025-05-06,302.0,2.616145,16.274895
2025-05-07,309.0,2.63875,17.249895
2025-05-08,298.0,2.617812,17.3
2025-05-09,308.0,2.655937,17.3
2025-05-10,310.0,2.6625,17.3
2025-05-11,326.0,2.705312,17.3
2025-05-12,339.0,2.74177,17.3
2025-05-13,351.0,2.771458,17.3
2025-05-14,333.0,2.725,17.3
2025-05-15,367.0,2.814895,17.3
2025-05-16,361.0,2.798645,17.3
2025-05-17,387.0,2.863645,17.304166
2025-05-18,416.0,2.935208,17.31
2025-05-19,409.0,2.9175,17.314062
2025-05-20,426.0,2.958125,17.32
2025-05-21,461.0,3.037187,17.32
2025-05-22,526.0,3.164166,17.32
2025-05-23,539.0,3.1625,17.32
2025-05-24,561.0,3.20677,17.441041
2025-05-25,552.0,3.187083,18.176875
2025-05-26,458.0,2.99052,18.715208
2025-05-27,411.0,2.881875,18.818645
2025-05-28,408.0,2.877083,18.939479
2025-05-29,412.0,2.885208,19.093229
2025-05-30,423.0,2.91125,19.142708
2025-05-31,433.0,2.933854,19.15
2025-06-01,448.0,2.96875,19.155833
2025-06-02,459.0,2.99427,19.173854
2025-06-03,544.0,3.168958,20.17
2025-06-04,565.0,3.214583,20.39302
2025-06-05,561.0,3.207083,20.46177
2025-06-06,561.0,3.206041,20.664479
2025-06-07,470.0,3.018333,20.74802
2025-06-08,410.0,2.88052,20.81
2025-06-09,420.0,2.904166,20.81
2025-06-10,418.0,2.900729,20.81
2025-06-11,471.0,3.019791,20.81
2025-06-12,517.0,3.1175,20.833854
2025-06-13,610.0,3.300104,20.933958
2025-06-14,592.0,3.266458,21.03
2025-06-15,553.0,3.190104,21.03
2025-06-16,503.0,3.089166,21.03
2025-06-17,477.0,3.033333,21.059895
2025-06-18,469.0,3.015625,21.11
2025-06-19,448.0,2.967812,21.11125
2025-06-20,410.0,2.880416,21.12
2025-06-21,469.0,3.015937,21.12
2025-06-22,511.0,3.105312,21.12
2025-06-23,495.0,3.071666,21.12
2025-06-24,507.0,3.095937,21.129166
2025-06-25,550.0,3.185833,21.186979
2025-06-26,529.0,3.141979,21.271562
2025-06-27,538.0,3.160208,21.81
2025-06-28,540.0,3.164375,21.813958
2025-06-29,537.0,3.157812,21.82
2025-06-30,566.0,3.212708,21.82
2025-07-01,582.0,3.238333,21.82
2025-07-02,629.0,3.326979,21.82125
2025-07-03,617.0,3.304062,21.892812
2025-07-04,623.0,3.315833,22.289687
2025-07-05,615.0,3.300833,22.348125
2025-07-06,610.0,3.29177,22.393437
2025-07-07,599.0,3.269583,22.419062
2025-07-08,597.0,3.266875,22.441145
2025-07-09,646.0,3.356979,22.45
2025-07-10,732.0,3.507812,22.480625
2025-07-11,734.0,3.512187,22.526354
2025-07-12,641.0,3.347291,22.675416
2025-07-13,528.0,3.127708,22.708229
2025-07-14,623.0,3.315208,22.921562
2025-07-15,632.0,3.331979,22.975
2025-07-16,592.0,3.257187,23.149375
2025-07-17,545.0,3.165833,23.342916
2025-07-18,535.0,3.144895,23.375937
2025-07-19,535.0,3.143854,23.3925
2025-07-20,536.0,3.146979,23.417812
2025-07-21,538.0,3.149791,23.44
2025-07-22,553.0,3.180312,23.533229
2025-07-23,643.0,3.3525,24.002395
2025-07-24,616.0,3.303333,24.02
2025-07-25,618.0,3.306562,24.068854
2025-07-26,602.0,3.27677,24.2
2025-07-27,587.0,3.247395,24.2
2025-07-28,585.0,3.243125,24.2
2025-07-29,629.0,3.326562,24.211145
2025-07-30,640.0,3.346145,24.242187
2025-07-31,655.0,3.373854,24.337812
2025-08-01,646.0,3.358125,24.48
2025-08-02,635.0,3.338541,24.654791
2025-08-03,630.0,3.327916,24.969479
2025-08-04,620.0,3.309583,24.97
2025-08-05,631.0,3.329375,24.97
2025-08-06,702.0,3.45625,24.97
2025-08-07,699.0,3.45177,24.97
2025-08-08,707.0,3.464895,24.97
2025-08-09,732.0,3.507604,24.97
2025-08-10,734.0,3.512187,24.997291
2025-08-11,718.0,3.483125,25.02
2025-08-12,691.0,3.435208,25.02
2025-08-13,617.0,3.294791,25.02
2025-08-14,619.0,3.2875,25.022604
2025-08-15,618.0,3.285729,25.03
2025-08-16,635.0,3.31677,25.06052
2025-08-17,679.0,3.395833,25.19
2025-08-18,677.0,3.392812,25.246458
2025-08-19,669.0,3.378958,25.344479
2025-08-20,668.0,3.3775,25.35
2025-08-21,713.0,3.455104,25.35
2025-08-22,707.0,3.444895,25.387604
2025-08-23,685.0,3.406666,25.68125
2025-08-24,662.0,3.364791,26.045
2025-08-25,639.0,3.325104,26.345937
2025-08-26,601.0,3.25177,26.978229
2025-08-27,481.0,3.012812,27.200208
2025-08-28,434.0,2.907291,27.24625
2025-08-29,430.0,2.897604,27.306562
2025-08-30,551.0,3.155312,27.565625
2025-08-31,581.0,3.215104,27.65
2025-09-01,568.0,3.19052,27.65
2025-09-02,581.0,3.215729,27.65
2025-09-03,647.0,3.340104,27.65
2025-09-04,682.0,3.401354,27.652395
2025-09-05,681.0,3.408541,27.687812
2025-09-06,673.0,3.404791,27.71
2025-09-07,669.0,3.398645,27.732187
2025-09-08,664.0,3.390208,27.752083
2025-09-09,653.0,3.368854,27.76
2025-09-10,616.0,3.302291,27.76
2025-09-11,612.0,3.294583,27.763437
2025-09-12,614.0,3.298854,27.931875
2025-09-13,596.0,3.264479,28.250208
2025-09-14,583.0,3.239687,28.31427
2025-09-15,546.0,3.168854,28.32375
2025-09-16,534.0,3.142291,28.402291
2025-09-17,502.0,3.07625,28.7725
2025-09-18,432.0,2.922708,28.9
2025-09-19,431.0,2.919375,28.9
2025-09-20,445.0,2.951354,28.911666
2025-09-21,446.0,2.953854,28.942083
2025-09-22,450.0,2.964166,29.081666
2025-09-23,487.0,3.045,29.987812
2025-09-24,486.0,3.04177,30.339479
2025-09-25,417.0,2.887083,30.34
2025-09-26,399.0,2.844375,30.34
2025-09-27,394.0,2.832395,30.34
2025-09-28,391.0,2.825729,30.34
2025-09-29,395.0,2.833854,30.441354
2025-09-30,394.0,2.831875,30.62
2025-10-01,390.0,2.821562,30.62
2025-10-02,386.0,2.812083,30.62
2025-10-03,379.0,2.809791,14.034166
2025-10-04,371.0,2.804583,0.002812
2025-10-05,373.0,2.811041,0.01802
2025-10-06,384.0,2.836562,0.094166
2025-10-07,388.0,2.848333,0.11
2025-10-08,380.0,2.827708,0.11
2025-10-09,375.0,2.814583,0.11
2025-10-10,355.0,2.762291,0.112395
2025-10-11,359.0,2.77375,0.12
2025-10-12,361.0,2.78,0.121562
2025-10-13,353.0,2.757812,0.140104
2025-10-14,355.0,2.764687,0.15
2025-10-15,355.0,2.763854,0.159062
2025-10-16,355.0,2.763958,0.23
2025-10-17,352.0,2.755,0.23
2025-10-18,352.0,2.75552,0.23
2025-10-19,350.0,2.751145,0.23
2025-10-20,349.0,2.747708,0.23
2025-10-21,348.0,2.744062,0.23
2025-10-22,347.0,2.742083,0.23
2025-10-23,353.0,2.757291,0.23
2025-10-24,353.0,2.758333,0.23
2025-10-25,355.0,2.762395,0.23
2025-10-26,353.0,2.758125,0.23
2025-10-27,356.0,2.766041,0.263229
2025-10-28,353.0,2.758229,0.39
2025-10-29,339.0,2.720104,0.39
2025-10-30,352.0,2.756041,0.39
2025-10-31,341.0,2.727395,0.39
2025-11-01,299.0,2.609895,0.39
2025-11-02,302.0,2.618437,0.39
2025-11-03,291.0,2.596875,0.39
2025-11-04,253.0,2.489791,0.39
2025-11-05,248.0,2.475729,0.39
2025-11-06,246.0,2.470833,0.39
2025-11-07,266.0,2.530312,0.39
2025-11-08,322.0,2.694479,0.39
2025-11-09,316.0,2.67802,0.39
2025-11-10,321.0,2.6925,0.39
2025-11-11,309.0,2.659062,0.39
2025-11-12,300.0,2.633437,0.39
2025-11-13,300.0,2.633125,0.39
2025-11-14,297.0,2.624583,0.39
2025-11-15,296.0,2.623333,0.39
2025-11-16,300.0,2.632395,0.403229
2025-11-17,303.0,2.642395,0.52
2025-11-18,297.0,2.625833,0.52
2025-11-19,298.0,2.626979,0.52
2025-11-20,298.0,2.626458,0.52
2025-11-21,300.0,2.632916,0.53
2025-11-22,274.0,2.555937,0.53
2025-11-23,269.0,2.542187,0.53
2025-11-24,274.0,2.556666,0.53
2025-11-25,271.0,2.54802,0.53
2025-11-26,282.0,2.581354,0.53
2025-11-27,290.0,2.605104,0.53
2025-11-28,297.0,2.623645,0.53
2025-11-29,298.0,2.628125,0.727187
2025-11-30,278.0,2.56802,0.783541
2025-12-01,275.0,2.559375,0.8
2025-12-02,238.0,2.442083,0.805104
2025-12-03,254.0,2.495416,1.616041
2025-12-04,241.0,2.452291,2.07
2025-12-05,251.0,2.483541,2.07
2025-12-06,298.0,2.628854,2.07
2025-12-07,290.0,2.604062,2.07
2025-12-08,297.0,2.62375,2.07
2025-12-09,301.0,2.637187,2.07
2025-12-10,269.0,2.540729,2.07
2025-12-11,270.0,2.545104,2.07
2025-12-12,251.0,2.484791,2.07
2025-12-13,246.0,2.470625,2.07
2025-12-14,243.0,2.459687,2.07
2025-12-15,241.0,2.452708,2.07
2025-12-16,241.0,2.453541,2.07
2025-12-17,241.0,2.454687,2.078645
2025-12-18,243.0,2.461458,2.21
2025-12-19,240.0,2.450104,2.21
2025-12-20,227.0,2.407083,2.21
2025-12-21,223.0,2.394791,2.21
2025-12-22,224.0,2.396354,2.21
2025-12-23,221.0,2.385625,2.21
2025-12-24,219.0,2.38,2.21
2025-12-25,203.0,2.321354,2.21
2025-12-26,198.0,2.30302,2.21
2025-12-27,169.0,2.1925,2.21
2025-12-28,166.0,2.179375,2.483541
2025-12-29,141.0,2.07927,2.56
2025-12-30,166.0,2.177812,2.56
2025-12-31,177.0,2.22375,2.56
2026-01-01,212.0,2.35302,2.56
2026-01-02,208.0,2.337083,2.56
2026-01-03,188.0,2.263333,2.56
2026-01-04,186.0,2.256979,2.56
2026-01-05,183.0,2.245416,2.56
2026-01-06,170.0,2.194895,2.56
2026-01-07,169.0,2.183541,2.56
2026-01-08,181.0,2.209479,2.655416
2026-01-09,177.0,2.193437,3.484791
2026-01-10,151.0,2.090312,3.72
2026-01-11,174.0,2.175937,3.72
2026-01-12,193.0,2.251354,3.72
2026-01-13,230.0,2.386354,3.72
2026-01-14,212.0,2.324062,3.72
2026-01-15,204.0,2.293958,3.72
2026-01-16,209.0,2.312083,3.72
2026-01-17,216.0,2.336979,3.72
2026-01-18,212.0,2.322708,3.72
2026-01-19,219.0,2.3475,3.876354
2026-01-20,211.0,2.317812,3.91
2026-01-21,205.0,2.2975,3.91
2026-01-22,208.0,2.309062,3.91
2026-01-23,204.0,2.294791,3.912187
2026-01-24,227.0,2.375937,4.034791
2026-01-25,226.0,2.370312,4.167395
2026-01-26,224.0,2.360729,4.36
2026-01-27,237.0,2.407083,4.36
2026-01-28,336.0,2.701458,4.36
2026-01-29,396.0,2.848229,4.36
2026-01-30,277.0,2.535312,4.36
2026-01-31,245.0,2.435833,4.36
2026-02-01,256.0,2.469687,4.36
2026-02-02,255.0,2.46802,4.36
2026-02-03,249.0,2.447291,4.38125
2026-02-04,244.0,2.434479,4.466979
2026-02-05,237.0,2.409583,4.47
2026-02-06,242.0,2.426354,4.47
2026-02-07,244.0,2.433333,4.47
2026-02-08,243.0,2.430729,4.47
2026-02-09,245.0,2.436562,4.47
2026-02-10,243.0,2.429479,4.47
2026-02-11,242.0,2.425,4.47
2026-02-12,245.0,2.436041,4.47
2026-02-13,245.0,2.435208,4.478229
2026-02-14,251.0,2.45375,4.54
2026-02-15,243.0,2.428958,4.54
2026-02-16,245.0,2.435833,4.54
2026-02-17,245.0,2.436875,4.552395
2026-02-18,241.0,2.4225,4.56
2026-02-19,227.0,2.37677,4.56
2026-02-20,222.0,2.356458,4.587812
2026-02-21,226.0,2.372291,4.64
2026-02-22,225.0,2.367604,4.64
2026-02-23,228.0,2.379062,4.64
2026-02-24,222.0,2.37625,4.64
2026-02-25,222.0,2.390416,4.64
2026-02-26,221.0,2.383541,4.661354
2026-02-27,216.0,2.365833,4.67
2026-02-28,218.0,2.3725,4.67
2026-03-01,219.0,2.3775,4.67
2026-03-02,218.0,2.373229,4.67
2026-03-03,221.0,2.384479,4.77375
2026-03-04,230.0,2.415416,5.069791
2026-03-05,266.0,2.533645,5.07
2026-03-06,273.0,2.551875,5.530208
2026-03-07,230.0,2.416145,6.07
2026-03-08,232.0,2.424021,6.07
2026-03-09,235.0,2.43302,6.07
2026-03-10,216.0,2.36625,6.07
2026-03-11,199.0,2.307708,6.112395
2026-03-12,193.0,2.283229,6.12
2026-03-13,192.0,2.281458,6.12
2026-03-14,194.0,2.28927,6.12
2026-03-15,202.0,2.318437,6.735416
2026-03-16,189.0,2.267812,7.16
2026-03-17,199.0,2.305416,7.16
2026-03-18,195.0,2.29427,7.16
2026-03-19,201.0,2.314583,7.16
2026-03-20,233.0,2.425416,7.16
2026-03-21,238.0,2.442083,7.16
2026-03-22,241.0,2.453333,7.16
2026-03-23,243.0,2.459166,7.16
2026-03-24,238.0,2.44375,7.16
2026-03-25,199.0,2.30802,7.16
2026-03-26,207.0,2.335937,7.16
2026-03-27,205.0,2.328541,7.16
2026-03-28,191.0,2.278125,7.16
2026-03-29,182.0,2.243958,7.16
2026-03-30,181.0,2.237708,7.16
2026-03-31,181.0,2.237604,7.162708
2026-04-01,180.0,2.234166,7.203958
2026-04-02,180.0,2.232395,7.31
2026-04-03,224.0,2.395208,7.31
2026-04-04,220.0,2.382604,7.31
2026-04-05,215.0,2.363854,7.31
2026-04-06,216.0,2.365937,7.31
2026-04-07,217.0,2.371666,7.312708
2026-04-08,217.0,2.371458,7.321666
2026-04-09,227.0,2.401354,7.33302
2026-04-10,276.0,2.564375,7.348333
2026-04-11,274.0,2.557083,7.37
2026-04-12,275.0,2.559791,7.37
2026-04-13,267.0,2.533854,7.37
2026-04-14,228.0,2.411562,7.400937
2026-04-15,232.0,2.424479,7.45
2026-04-16,230.0,2.415625,7.45
2026-04-17,240.0,2.449375,7.64302
2026-04-18,249.0,2.478437,7.91
2026-04-19,244.0,2.462291,7.91
2026-04-20,203.0,2.321979,7.91
2026-04-21,199.0,2.30625,7.91
2026-04-22,197.0,2.3,7.91
2026-04-23,198.0,2.305208,7.91
2026-04-24,239.0,2.448229,7.91
2026-04-25,264.0,2.524479,7.91
2026-04-26,270.0,2.545208,8.077812
2026-04-27,276.0,2.564895,8.337187
2026-04-28,275.0,2.560833,8.429166
2026-04-29,276.0,2.561979,8.444791
2026-04-30,288.0,2.597916,8.668125
2026-05-01,261.0,2.516666,8.787291
2026-05-02,215.0,2.365208,8.79
2026-05-03,213.0,2.356875,8.79
2026-05-04,213.0,2.357708,8.818333
2026-05-05,222.0,2.38802,9.198541
2026-05-06,269.0,2.540833,10.384895
2026-05-07,261.0,2.515625,10.6
2026-05-08,269.0,2.542291,10.6
2026-05-09,277.0,2.56552,10.60177
2026-05-10,272.0,2.549166,10.62
2026-05-11,263.0,2.52375,10.62
2026-05-12,272.0,2.548854,10.62
2026-05-13,382.0,2.852395,10.62
2026-05-14,399.0,2.892916,10.62
2026-05-15,484.0,3.086562,10.62
2026-05-16,548.0,3.220833,10.62
2026-05-17,530.0,3.183229,10.670104
2026-05-18,441.0,2.991145,10.960937
2026-05-19,328.0,2.71125,11.392083
2026-05-20,285.0,2.589479,11.909062
2026-05-21,265.0,2.527916,12.43
2026-05-22,254.0,2.49427,12.447395
2026-05-23,258.0,2.506875,12.54
2026-05-24,320.0,2.690416,12.54427
2026-05-25,346.0,2.758958,12.58927
2026-05-26,348.0,2.766145,12.655416
2026-05-27,369.0,2.817916,12.734791
2026-05-28,442.0,2.995,12.831041
2026-05-29,461.0,3.038854,12.929895
2026-05-30,445.0,3.002187,12.93
2026-05-31,428.0,2.963854,12.93
2026-06-01,432.0,2.971875,12.937604
2026-06-02,487.0,3.094791,12.971354
2026-06-03,490.0,3.10125,12.98677
2026-06-04,472.0,3.062083,13.0
2026-06-05,479.0,3.076458,13.0
2026-06-06,516.0,3.155312,13.0
2026-06-07,513.0,3.149375,13.0
2026-06-08,512.0,3.146875,13.00375
2026-06-09,499.0,3.119062,13.011562
2026-06-10,399.0,2.893958,13.02
2026-06-11,407.0,2.912187,13.02
2026-06-12,489.0,3.097812,13.02
2026-06-13,515.0,3.154375,13.030104
2026-06-14,525.0,3.173437,13.105729
2026-06-15,574.0,3.272187,13.28
2026-06-16,543.0,3.208854,13.28
2026-06-17,453.0,3.019791,13.28125
2026-06-18,463.0,3.040416,13.29
2026-06-19,547.0,3.220208,13.29
2026-06-20,549.0,3.22375,13.29
2026-06-21,535.0,3.194583,13.29
2026-06-22,481.0,3.081666,13.301354
2026-06-23,382.0,2.851875,13.320937
2026-06-24,370.0,2.821458,13.334375
2026-06-25,380.0,2.84802,13.421979
2026-06-26,387.0,2.865833,13.43
2026-06-27,378.0,2.843333,13.43
2026-06-28,373.0,2.831041,13.43
2026-06-29,374.0,2.832812,13.43
2026-06-30,457.0,3.029479,13.43125
2026-07-01,466.0,3.048958,13.44
2026-07-02,466.0,3.048958,13.44
2026-07-03,460.0,3.035937,13.44
2026-07-04,459.0,3.03302,13.455208
2026-07-05,458.0,3.031458,13.49
2026-07-06,455.0,3.026145,13.49125
2026-07-07,454.0,3.021354,13.552395
2026-07-08,459.0,3.033437,13.831145
2026-07-09,503.0,3.129062,14.1
2026-07-10,510.0,3.144062,14.10125
2026-07-11,536.0,3.195312,14.11
2026-07-12,532.0,3.18802,14.11
2026-07-13,532.0,3.187083,14.11
2026-07-14,514.0,3.150208,14.11125
2026-07-15,440.0,2.990416,14.12
2026-07-16,446.0,3.004687,14.12
2026-07-17,476.0,3.07,14.12
2026-07-18,620.0,3.359479,14.121145
2026-07-19,611.0,3.343541,14.13
2026-07-20,594.0,3.310729,14.13
2026-07-21,549.0,3.222812,14.13
2026-07-22,565.0,3.255104,14.335312
2026-07-23,575.0,3.273437,15.011458
2026-07-24,558.0,3.239895,16.001979
2026-07-25,555.0,3.234479,16.15
2026-07-26,543.0,3.211145,16.151354
2026-07-27,503.0,3.128958,16.162395
2026-07-28,524.0,3.171458,16.175833
2026-07-29,480.0,3.079166,16.223437
2026-07-30,493.0,3.107083,16.291354
2026-07-31,477.0,3.072604,16.319166
2026-08-01,467.0,3.050937,16.37
2026-08-02,459.0,3.03302,16.37
2026-08-03,468.0,3.053333,16.37
2026-08-04,469.0,3.055312,16.428541
2026-08-05,474.0,3.06625,16.52
2026-08-06,510.0,3.144583,16.52
2026-08-07,521.0,3.16552,16.52
2026-08-08,577.0,3.27875,16.52
2026-08-09,582.0,3.287291,16.521458
2026-08-10,562.0,3.247083,16.532395
2026-08-11,461.0,3.031979,16.55
2026-08-12,375.0,2.834375,16.585416
2026-08-13,395.0,2.88302,17.190937
2026-08-14,427.0,2.95927,18.26427
2026-08-15,425.0,2.956875,18.890937
2026-08-16,399.0,2.894166,19.09
2026-08-17,389.0,2.869479,19.09
2026-08-18,383.0,2.854791,19.091875
2026-08-19,384.0,2.857187,19.51552
2026-08-20,475.0,3.0675,19.55
2026-08-21,513.0,3.150833,19.560416
2026-08-22,520.0,3.163645,19.647812
2026-08-23,522.0,3.167604,19.981979
2026-08-24,513.0,3.14875,20.235
